epi_week,year,state,confirmed_cases,suspected_cases,deaths,healthcare_worker_cases,source_type,source_url,notes
1,2012,Adamawa,0,0,0,,seed_annual_estimate,,NCDC annual report 2012
1,2012,Anambra,0,1,0,,seed_annual_estimate,,NCDC annual report 2012
1,2012,Bauchi,1,2,0,,seed_annual_estimate,,NCDC annual report 2012
1,2012,Benue,0,1,0,,seed_annual_estimate,,NCDC annual report 2012
1,2012,Cross River,0,0,0,,seed_annual_estimate,,NCDC annual report 2012
1,2012,Delta,0,1,0,,seed_annual_estimate,,NCDC annual report 2012
1,2012,Ebonyi,1,2,0,,seed_annual_estimate,,NCDC annual report 2012
1,2012,Edo,2,5,0,,seed_annual_estimate,,NCDC annual report 2012
1,2012,Enugu,0,0,0,,seed_annual_estimate,,NCDC annual report 2012
1,2012,Imo,0,0,0,,seed_annual_estimate,,NCDC annual report 2012
1,2012,Kogi,0,1,0,,seed_annual_estimate,,NCDC annual report 2012
1,2012,Nasarawa,0,0,0,,seed_annual_estimate,,NCDC annual report 2012
1,2012,Ondo,1,3,0,,seed_annual_estimate,,NCDC annual report 2012
1,2012,Plateau,0,0,0,,seed_annual_estimate,,NCDC annual report 2012
1,2012,Taraba,1,2,0,,seed_annual_estimate,,NCDC annual report 2012
2,2012,Adamawa,0,0,0,,seed_annual_estimate,,NCDC annual report 2012
2,2012,Anambra,0,1,0,,seed_annual_estimate,,NCDC annual report 2012
2,2012,Bauchi,1,2,0,,seed_annual_estimate,,NCDC annual report 2012
2,2012,Benue,0,1,0,,seed_annual_estimate,,NCDC annual report 2012
2,2012,Cross River,0,0,0,,seed_annual_estimate,,NCDC annual report 2012
2,2012,Delta,0,1,0,,seed_annual_estimate,,NCDC annual report 2012
2,2012,Ebonyi,1,2,0,,seed_annual_estimate,,NCDC annual report 2012
2,2012,Edo,2,5,0,,seed_annual_estimate,,NCDC annual report 2012
2,2012,Enugu,0,0,0,,seed_annual_estimate,,NCDC annual report 2012
2,2012,Imo,0,0,0,,seed_annual_estimate,,NCDC annual report 2012
2,2012,Kogi,0,1,0,,seed_annual_estimate,,NCDC annual report 2012
2,2012,Nasarawa,0,0,0,,seed_annual_estimate,,NCDC annual report 2012
2,2012,Ondo,1,3,0,,seed_annual_estimate,,NCDC annual report 2012
2,2012,Plateau,0,0,0,,seed_annual_estimate,,NCDC annual report 2012
2,2012,Taraba,1,2,0,,seed_annual_estimate,,NCDC annual report 2012
3,2012,Adamawa,0,0,0,,seed_annual_estimate,,NCDC annual report 2012
3,2012,Anambra,0,1,0,,seed_annual_estimate,,NCDC annual report 2012
3,2012,Bauchi,1,2,0,,seed_annual_estimate,,NCDC annual report 2012
3,2012,Benue,0,1,0,,seed_annual_estimate,,NCDC annual report 2012
3,2012,Cross River,0,0,0,,seed_annual_estimate,,NCDC annual report 2012
3,2012,Delta,0,1,0,,seed_annual_estimate,,NCDC annual report 2012
3,2012,Ebonyi,1,2,0,,seed_annual_estimate,,NCDC annual report 2012
3,2012,Edo,2,5,0,,seed_annual_estimate,,NCDC annual report 2012
3,2012,Enugu,0,0,0,,seed_annual_estimate,,NCDC annual report 2012
3,2012,Imo,0,0,0,,seed_annual_estimate,,NCDC annual report 2012
3,2012,Kogi,0,1,0,,seed_annual_estimate,,NCDC annual report 2012
3,2012,Nasarawa,0,0,0,,seed_annual_estimate,,NCDC annual report 2012
3,2012,Ondo,1,3,0,,seed_annual_estimate,,NCDC annual report 2012
3,2012,Plateau,0,0,0,,seed_annual_estimate,,NCDC annual report 2012
3,2012,Taraba,1,2,0,,seed_annual_estimate,,NCDC annual report 2012
4,2012,Adamawa,0,0,0,,seed_annual_estimate,,NCDC annual report 2012
4,2012,Anambra,0,1,0,,seed_annual_estimate,,NCDC annual report 2012
4,2012,Bauchi,1,2,0,,seed_annual_estimate,,NCDC annual report 2012
4,2012,Benue,0,1,0,,seed_annual_estimate,,NCDC annual report 2012
4,2012,Cross River,0,0,0,,seed_annual_estimate,,NCDC annual report 2012
4,2012,Delta,0,1,0,,seed_annual_estimate,,NCDC annual report 2012
4,2012,Ebonyi,1,2,0,,seed_annual_estimate,,NCDC annual report 2012
4,2012,Edo,2,5,0,,seed_annual_estimate,,NCDC annual report 2012
4,2012,Enugu,0,0,0,,seed_annual_estimate,,NCDC annual report 2012
4,2012,Imo,0,0,0,,seed_annual_estimate,,NCDC annual report 2012
4,2012,Kogi,0,1,0,,seed_annual_estimate,,NCDC annual report 2012
4,2012,Nasarawa,0,0,0,,seed_annual_estimate,,NCDC annual report 2012
4,2012,Ondo,1,3,0,,seed_annual_estimate,,NCDC annual report 2012
4,2012,Plateau,0,0,0,,seed_annual_estimate,,NCDC annual report 2012
4,2012,Taraba,1,2,0,,seed_annual_estimate,,NCDC annual report 2012
5,2012,Adamawa,0,0,0,,seed_annual_estimate,,NCDC annual report 2012
5,2012,Anambra,0,1,0,,seed_annual_estimate,,NCDC annual report 2012
5,2012,Bauchi,1,2,0,,seed_annual_estimate,,NCDC annual report 2012
5,2012,Benue,0,1,0,,seed_annual_estimate,,NCDC annual report 2012
5,2012,Cross River,0,0,0,,seed_annual_estimate,,NCDC annual report 2012
5,2012,Delta,0,1,0,,seed_annual_estimate,,NCDC annual report 2012
5,2012,Ebonyi,1,2,0,,seed_annual_estimate,,NCDC annual report 2012
5,2012,Edo,2,5,0,,seed_annual_estimate,,NCDC annual report 2012
5,2012,Enugu,0,0,0,,seed_annual_estimate,,NCDC annual report 2012
5,2012,Imo,0,0,0,,seed_annual_estimate,,NCDC annual report 2012
5,2012,Kogi,0,1,0,,seed_annual_estimate,,NCDC annual report 2012
5,2012,Nasarawa,0,0,0,,seed_annual_estimate,,NCDC annual report 2012
5,2012,Ondo,1,3,0,,seed_annual_estimate,,NCDC annual report 2012
5,2012,Plateau,0,0,0,,seed_annual_estimate,,NCDC annual report 2012
5,2012,Taraba,1,2,0,,seed_annual_estimate,,NCDC annual report 2012
6,2012,Adamawa,0,0,0,,seed_annual_estimate,,NCDC annual report 2012
6,2012,Anambra,0,1,0,,seed_annual_estimate,,NCDC annual report 2012
6,2012,Bauchi,1,2,0,,seed_annual_estimate,,NCDC annual report 2012
6,2012,Benue,0,1,0,,seed_annual_estimate,,NCDC annual report 2012
6,2012,Cross River,0,0,0,,seed_annual_estimate,,NCDC annual report 2012
6,2012,Delta,0,1,0,,seed_annual_estimate,,NCDC annual report 2012
6,2012,Ebonyi,1,2,0,,seed_annual_estimate,,NCDC annual report 2012
6,2012,Edo,2,5,0,,seed_annual_estimate,,NCDC annual report 2012
6,2012,Enugu,0,0,0,,seed_annual_estimate,,NCDC annual report 2012
6,2012,Imo,0,0,0,,seed_annual_estimate,,NCDC annual report 2012
6,2012,Kogi,0,1,0,,seed_annual_estimate,,NCDC annual report 2012
6,2012,Nasarawa,0,0,0,,seed_annual_estimate,,NCDC annual report 2012
6,2012,Ondo,1,3,0,,seed_annual_estimate,,NCDC annual report 2012
6,2012,Plateau,0,0,0,,seed_annual_estimate,,NCDC annual report 2012
6,2012,Taraba,1,2,0,,seed_annual_estimate,,NCDC annual report 2012
7,2012,Adamawa,0,0,0,,seed_annual_estimate,,NCDC annual report 2012
7,2012,Anambra,0,1,0,,seed_annual_estimate,,NCDC annual report 2012
7,2012,Bauchi,1,2,0,,seed_annual_estimate,,NCDC annual report 2012
7,2012,Benue,0,1,0,,seed_annual_estimate,,NCDC annual report 2012
7,2012,Cross River,0,0,0,,seed_annual_estimate,,NCDC annual report 2012
7,2012,Delta,0,1,0,,seed_annual_estimate,,NCDC annual report 2012
7,2012,Ebonyi,1,2,0,,seed_annual_estimate,,NCDC annual report 2012
7,2012,Edo,2,5,0,,seed_annual_estimate,,NCDC annual report 2012
7,2012,Enugu,0,0,0,,seed_annual_estimate,,NCDC annual report 2012
7,2012,Imo,0,0,0,,seed_annual_estimate,,NCDC annual report 2012
7,2012,Kogi,0,1,0,,seed_annual_estimate,,NCDC annual report 2012
7,2012,Nasarawa,0,0,0,,seed_annual_estimate,,NCDC annual report 2012
7,2012,Ondo,1,3,0,,seed_annual_estimate,,NCDC annual report 2012
7,2012,Plateau,0,0,0,,seed_annual_estimate,,NCDC annual report 2012
7,2012,Taraba,1,2,0,,seed_annual_estimate,,NCDC annual report 2012
8,2012,Adamawa,0,0,0,,seed_annual_estimate,,NCDC annual report 2012
8,2012,Anambra,0,1,0,,seed_annual_estimate,,NCDC annual report 2012
8,2012,Bauchi,1,2,0,,seed_annual_estimate,,NCDC annual report 2012
8,2012,Benue,0,1,0,,seed_annual_estimate,,NCDC annual report 2012
8,2012,Cross River,0,0,0,,seed_annual_estimate,,NCDC annual report 2012
8,2012,Delta,0,1,0,,seed_annual_estimate,,NCDC annual report 2012
8,2012,Ebonyi,1,2,0,,seed_annual_estimate,,NCDC annual report 2012
8,2012,Edo,2,5,0,,seed_annual_estimate,,NCDC annual report 2012
8,2012,Enugu,0,0,0,,seed_annual_estimate,,NCDC annual report 2012
8,2012,Imo,0,0,0,,seed_annual_estimate,,NCDC annual report 2012
8,2012,Kogi,0,1,0,,seed_annual_estimate,,NCDC annual report 2012
8,2012,Nasarawa,0,0,0,,seed_annual_estimate,,NCDC annual report 2012
8,2012,Ondo,1,3,0,,seed_annual_estimate,,NCDC annual report 2012
8,2012,Plateau,0,0,0,,seed_annual_estimate,,NCDC annual report 2012
8,2012,Taraba,1,2,0,,seed_annual_estimate,,NCDC annual report 2012
9,2012,Adamawa,0,0,0,,seed_annual_estimate,,NCDC annual report 2012
9,2012,Anambra,0,1,0,,seed_annual_estimate,,NCDC annual report 2012
9,2012,Bauchi,1,2,0,,seed_annual_estimate,,NCDC annual report 2012
9,2012,Benue,0,1,0,,seed_annual_estimate,,NCDC annual report 2012
9,2012,Cross River,0,0,0,,seed_annual_estimate,,NCDC annual report 2012
9,2012,Delta,0,1,0,,seed_annual_estimate,,NCDC annual report 2012
9,2012,Ebonyi,1,2,0,,seed_annual_estimate,,NCDC annual report 2012
9,2012,Edo,2,5,0,,seed_annual_estimate,,NCDC annual report 2012
9,2012,Enugu,0,0,0,,seed_annual_estimate,,NCDC annual report 2012
9,2012,Imo,0,0,0,,seed_annual_estimate,,NCDC annual report 2012
9,2012,Kogi,0,1,0,,seed_annual_estimate,,NCDC annual report 2012
9,2012,Nasarawa,0,0,0,,seed_annual_estimate,,NCDC annual report 2012
9,2012,Ondo,1,3,0,,seed_annual_estimate,,NCDC annual report 2012
9,2012,Plateau,0,0,0,,seed_annual_estimate,,NCDC annual report 2012
9,2012,Taraba,1,2,0,,seed_annual_estimate,,NCDC annual report 2012
10,2012,Adamawa,0,0,0,,seed_annual_estimate,,NCDC annual report 2012
10,2012,Anambra,0,1,0,,seed_annual_estimate,,NCDC annual report 2012
10,2012,Bauchi,1,2,0,,seed_annual_estimate,,NCDC annual report 2012
10,2012,Benue,0,1,0,,seed_annual_estimate,,NCDC annual report 2012
10,2012,Cross River,0,0,0,,seed_annual_estimate,,NCDC annual report 2012
10,2012,Delta,0,1,0,,seed_annual_estimate,,NCDC annual report 2012
10,2012,Ebonyi,1,2,0,,seed_annual_estimate,,NCDC annual report 2012
10,2012,Edo,2,5,0,,seed_annual_estimate,,NCDC annual report 2012
10,2012,Enugu,0,0,0,,seed_annual_estimate,,NCDC annual report 2012
10,2012,Imo,0,0,0,,seed_annual_estimate,,NCDC annual report 2012
10,2012,Kogi,0,1,0,,seed_annual_estimate,,NCDC annual report 2012
10,2012,Nasarawa,0,0,0,,seed_annual_estimate,,NCDC annual report 2012
10,2012,Ondo,1,3,0,,seed_annual_estimate,,NCDC annual report 2012
10,2012,Plateau,0,0,0,,seed_annual_estimate,,NCDC annual report 2012
10,2012,Taraba,1,2,0,,seed_annual_estimate,,NCDC annual report 2012
11,2012,Adamawa,0,0,0,,seed_annual_estimate,,NCDC annual report 2012
11,2012,Anambra,0,1,0,,seed_annual_estimate,,NCDC annual report 2012
11,2012,Bauchi,1,2,0,,seed_annual_estimate,,NCDC annual report 2012
11,2012,Benue,0,1,0,,seed_annual_estimate,,NCDC annual report 2012
11,2012,Cross River,0,0,0,,seed_annual_estimate,,NCDC annual report 2012
11,2012,Delta,0,1,0,,seed_annual_estimate,,NCDC annual report 2012
11,2012,Ebonyi,1,2,0,,seed_annual_estimate,,NCDC annual report 2012
11,2012,Edo,2,5,0,,seed_annual_estimate,,NCDC annual report 2012
11,2012,Enugu,0,0,0,,seed_annual_estimate,,NCDC annual report 2012
11,2012,Imo,0,0,0,,seed_annual_estimate,,NCDC annual report 2012
11,2012,Kogi,0,1,0,,seed_annual_estimate,,NCDC annual report 2012
11,2012,Nasarawa,0,0,0,,seed_annual_estimate,,NCDC annual report 2012
11,2012,Ondo,1,3,0,,seed_annual_estimate,,NCDC annual report 2012
11,2012,Plateau,0,0,0,,seed_annual_estimate,,NCDC annual report 2012
11,2012,Taraba,1,2,0,,seed_annual_estimate,,NCDC annual report 2012
12,2012,Adamawa,0,0,0,,seed_annual_estimate,,NCDC annual report 2012
12,2012,Anambra,0,1,0,,seed_annual_estimate,,NCDC annual report 2012
12,2012,Bauchi,1,2,0,,seed_annual_estimate,,NCDC annual report 2012
12,2012,Benue,0,1,0,,seed_annual_estimate,,NCDC annual report 2012
12,2012,Cross River,0,0,0,,seed_annual_estimate,,NCDC annual report 2012
12,2012,Delta,0,1,0,,seed_annual_estimate,,NCDC annual report 2012
12,2012,Ebonyi,1,2,0,,seed_annual_estimate,,NCDC annual report 2012
12,2012,Edo,2,5,0,,seed_annual_estimate,,NCDC annual report 2012
12,2012,Enugu,0,0,0,,seed_annual_estimate,,NCDC annual report 2012
12,2012,Imo,0,0,0,,seed_annual_estimate,,NCDC annual report 2012
12,2012,Kogi,0,1,0,,seed_annual_estimate,,NCDC annual report 2012
12,2012,Nasarawa,0,0,0,,seed_annual_estimate,,NCDC annual report 2012
12,2012,Ondo,1,3,0,,seed_annual_estimate,,NCDC annual report 2012
12,2012,Plateau,0,0,0,,seed_annual_estimate,,NCDC annual report 2012
12,2012,Taraba,1,2,0,,seed_annual_estimate,,NCDC annual report 2012
13,2012,Adamawa,0,0,0,,seed_annual_estimate,,NCDC annual report 2012
13,2012,Anambra,0,1,0,,seed_annual_estimate,,NCDC annual report 2012
13,2012,Bauchi,1,2,0,,seed_annual_estimate,,NCDC annual report 2012
13,2012,Benue,0,1,0,,seed_annual_estimate,,NCDC annual report 2012
13,2012,Cross River,0,0,0,,seed_annual_estimate,,NCDC annual report 2012
13,2012,Delta,0,1,0,,seed_annual_estimate,,NCDC annual report 2012
13,2012,Ebonyi,1,2,0,,seed_annual_estimate,,NCDC annual report 2012
13,2012,Edo,2,5,0,,seed_annual_estimate,,NCDC annual report 2012
13,2012,Enugu,0,0,0,,seed_annual_estimate,,NCDC annual report 2012
13,2012,Imo,0,0,0,,seed_annual_estimate,,NCDC annual report 2012
13,2012,Kogi,0,1,0,,seed_annual_estimate,,NCDC annual report 2012
13,2012,Nasarawa,0,0,0,,seed_annual_estimate,,NCDC annual report 2012
13,2012,Ondo,1,3,0,,seed_annual_estimate,,NCDC annual report 2012
13,2012,Plateau,0,0,0,,seed_annual_estimate,,NCDC annual report 2012
13,2012,Taraba,1,2,0,,seed_annual_estimate,,NCDC annual report 2012
14,2012,Adamawa,0,0,0,,seed_annual_estimate,,NCDC annual report 2012
14,2012,Anambra,0,1,0,,seed_annual_estimate,,NCDC annual report 2012
14,2012,Bauchi,1,2,0,,seed_annual_estimate,,NCDC annual report 2012
14,2012,Benue,0,1,0,,seed_annual_estimate,,NCDC annual report 2012
14,2012,Cross River,0,0,0,,seed_annual_estimate,,NCDC annual report 2012
14,2012,Delta,0,1,0,,seed_annual_estimate,,NCDC annual report 2012
14,2012,Ebonyi,1,2,0,,seed_annual_estimate,,NCDC annual report 2012
14,2012,Edo,2,5,0,,seed_annual_estimate,,NCDC annual report 2012
14,2012,Enugu,0,0,0,,seed_annual_estimate,,NCDC annual report 2012
14,2012,Imo,0,0,0,,seed_annual_estimate,,NCDC annual report 2012
14,2012,Kogi,0,1,0,,seed_annual_estimate,,NCDC annual report 2012
14,2012,Nasarawa,0,0,0,,seed_annual_estimate,,NCDC annual report 2012
14,2012,Ondo,1,3,0,,seed_annual_estimate,,NCDC annual report 2012
14,2012,Plateau,0,0,0,,seed_annual_estimate,,NCDC annual report 2012
14,2012,Taraba,1,2,0,,seed_annual_estimate,,NCDC annual report 2012
15,2012,Adamawa,0,0,0,,seed_annual_estimate,,NCDC annual report 2012
15,2012,Anambra,0,1,0,,seed_annual_estimate,,NCDC annual report 2012
15,2012,Bauchi,1,2,0,,seed_annual_estimate,,NCDC annual report 2012
15,2012,Benue,0,1,0,,seed_annual_estimate,,NCDC annual report 2012
15,2012,Cross River,0,0,0,,seed_annual_estimate,,NCDC annual report 2012
15,2012,Delta,0,1,0,,seed_annual_estimate,,NCDC annual report 2012
15,2012,Ebonyi,1,2,0,,seed_annual_estimate,,NCDC annual report 2012
15,2012,Edo,2,5,0,,seed_annual_estimate,,NCDC annual report 2012
15,2012,Enugu,0,0,0,,seed_annual_estimate,,NCDC annual report 2012
15,2012,Imo,0,0,0,,seed_annual_estimate,,NCDC annual report 2012
15,2012,Kogi,0,1,0,,seed_annual_estimate,,NCDC annual report 2012
15,2012,Nasarawa,0,0,0,,seed_annual_estimate,,NCDC annual report 2012
15,2012,Ondo,1,3,0,,seed_annual_estimate,,NCDC annual report 2012
15,2012,Plateau,0,0,0,,seed_annual_estimate,,NCDC annual report 2012
15,2012,Taraba,1,2,0,,seed_annual_estimate,,NCDC annual report 2012
16,2012,Adamawa,0,0,0,,seed_annual_estimate,,NCDC annual report 2012
16,2012,Anambra,0,1,0,,seed_annual_estimate,,NCDC annual report 2012
16,2012,Bauchi,1,2,0,,seed_annual_estimate,,NCDC annual report 2012
16,2012,Benue,0,1,0,,seed_annual_estimate,,NCDC annual report 2012
16,2012,Cross River,0,0,0,,seed_annual_estimate,,NCDC annual report 2012
16,2012,Delta,0,1,0,,seed_annual_estimate,,NCDC annual report 2012
16,2012,Ebonyi,1,2,0,,seed_annual_estimate,,NCDC annual report 2012
16,2012,Edo,2,5,0,,seed_annual_estimate,,NCDC annual report 2012
16,2012,Enugu,0,0,0,,seed_annual_estimate,,NCDC annual report 2012
16,2012,Imo,0,0,0,,seed_annual_estimate,,NCDC annual report 2012
16,2012,Kogi,0,1,0,,seed_annual_estimate,,NCDC annual report 2012
16,2012,Nasarawa,0,0,0,,seed_annual_estimate,,NCDC annual report 2012
16,2012,Ondo,1,3,0,,seed_annual_estimate,,NCDC annual report 2012
16,2012,Plateau,0,0,0,,seed_annual_estimate,,NCDC annual report 2012
16,2012,Taraba,1,2,0,,seed_annual_estimate,,NCDC annual report 2012
17,2012,Adamawa,0,0,0,,seed_annual_estimate,,NCDC annual report 2012
17,2012,Anambra,0,1,0,,seed_annual_estimate,,NCDC annual report 2012
17,2012,Bauchi,1,2,0,,seed_annual_estimate,,NCDC annual report 2012
17,2012,Benue,0,1,0,,seed_annual_estimate,,NCDC annual report 2012
17,2012,Cross River,0,0,0,,seed_annual_estimate,,NCDC annual report 2012
17,2012,Delta,0,1,0,,seed_annual_estimate,,NCDC annual report 2012
17,2012,Ebonyi,1,2,0,,seed_annual_estimate,,NCDC annual report 2012
17,2012,Edo,2,5,0,,seed_annual_estimate,,NCDC annual report 2012
17,2012,Enugu,0,0,0,,seed_annual_estimate,,NCDC annual report 2012
17,2012,Imo,0,0,0,,seed_annual_estimate,,NCDC annual report 2012
17,2012,Kogi,0,1,0,,seed_annual_estimate,,NCDC annual report 2012
17,2012,Nasarawa,0,0,0,,seed_annual_estimate,,NCDC annual report 2012
17,2012,Ondo,1,3,0,,seed_annual_estimate,,NCDC annual report 2012
17,2012,Plateau,0,0,0,,seed_annual_estimate,,NCDC annual report 2012
17,2012,Taraba,1,2,0,,seed_annual_estimate,,NCDC annual report 2012
18,2012,Adamawa,0,1,0,,seed_annual_estimate,,NCDC annual report 2012
18,2012,Anambra,1,2,0,,seed_annual_estimate,,NCDC annual report 2012
18,2012,Bauchi,2,5,0,,seed_annual_estimate,,NCDC annual report 2012
18,2012,Benue,1,1,0,,seed_annual_estimate,,NCDC annual report 2012
18,2012,Cross River,0,1,0,,seed_annual_estimate,,NCDC annual report 2012
18,2012,Delta,1,2,0,,seed_annual_estimate,,NCDC annual report 2012
18,2012,Ebonyi,1,3,0,,seed_annual_estimate,,NCDC annual report 2012
18,2012,Edo,5,12,1,,seed_annual_estimate,,NCDC annual report 2012
18,2012,Enugu,0,1,0,,seed_annual_estimate,,NCDC annual report 2012
18,2012,Imo,0,0,0,,seed_annual_estimate,,NCDC annual report 2012
18,2012,Kogi,0,1,0,,seed_annual_estimate,,NCDC annual report 2012
18,2012,Nasarawa,0,1,0,,seed_annual_estimate,,NCDC annual report 2012
18,2012,Ondo,3,7,0,,seed_annual_estimate,,NCDC annual report 2012
18,2012,Plateau,0,1,0,,seed_annual_estimate,,NCDC annual report 2012
18,2012,Taraba,2,4,0,,seed_annual_estimate,,NCDC annual report 2012
19,2012,Adamawa,0,1,0,,seed_annual_estimate,,NCDC annual report 2012
19,2012,Anambra,1,2,0,,seed_annual_estimate,,NCDC annual report 2012
19,2012,Bauchi,2,5,0,,seed_annual_estimate,,NCDC annual report 2012
19,2012,Benue,1,1,0,,seed_annual_estimate,,NCDC annual report 2012
19,2012,Cross River,0,1,0,,seed_annual_estimate,,NCDC annual report 2012
19,2012,Delta,1,2,0,,seed_annual_estimate,,NCDC annual report 2012
19,2012,Ebonyi,1,3,0,,seed_annual_estimate,,NCDC annual report 2012
19,2012,Edo,5,12,1,,seed_annual_estimate,,NCDC annual report 2012
19,2012,Enugu,0,1,0,,seed_annual_estimate,,NCDC annual report 2012
19,2012,Imo,0,0,0,,seed_annual_estimate,,NCDC annual report 2012
19,2012,Kogi,0,1,0,,seed_annual_estimate,,NCDC annual report 2012
19,2012,Nasarawa,0,1,0,,seed_annual_estimate,,NCDC annual report 2012
19,2012,Ondo,3,7,0,,seed_annual_estimate,,NCDC annual report 2012
19,2012,Plateau,0,1,0,,seed_annual_estimate,,NCDC annual report 2012
19,2012,Taraba,2,4,0,,seed_annual_estimate,,NCDC annual report 2012
20,2012,Adamawa,0,1,0,,seed_annual_estimate,,NCDC annual report 2012
20,2012,Anambra,1,2,0,,seed_annual_estimate,,NCDC annual report 2012
20,2012,Bauchi,2,5,0,,seed_annual_estimate,,NCDC annual report 2012
20,2012,Benue,1,1,0,,seed_annual_estimate,,NCDC annual report 2012
20,2012,Cross River,0,1,0,,seed_annual_estimate,,NCDC annual report 2012
20,2012,Delta,1,2,0,,seed_annual_estimate,,NCDC annual report 2012
20,2012,Ebonyi,1,3,0,,seed_annual_estimate,,NCDC annual report 2012
20,2012,Edo,5,12,1,,seed_annual_estimate,,NCDC annual report 2012
20,2012,Enugu,0,1,0,,seed_annual_estimate,,NCDC annual report 2012
20,2012,Imo,0,0,0,,seed_annual_estimate,,NCDC annual report 2012
20,2012,Kogi,0,1,0,,seed_annual_estimate,,NCDC annual report 2012
20,2012,Nasarawa,0,1,0,,seed_annual_estimate,,NCDC annual report 2012
20,2012,Ondo,3,7,0,,seed_annual_estimate,,NCDC annual report 2012
20,2012,Plateau,0,1,0,,seed_annual_estimate,,NCDC annual report 2012
20,2012,Taraba,2,4,0,,seed_annual_estimate,,NCDC annual report 2012
21,2012,Adamawa,0,1,0,,seed_annual_estimate,,NCDC annual report 2012
21,2012,Anambra,1,2,0,,seed_annual_estimate,,NCDC annual report 2012
21,2012,Bauchi,2,5,0,,seed_annual_estimate,,NCDC annual report 2012
21,2012,Benue,1,1,0,,seed_annual_estimate,,NCDC annual report 2012
21,2012,Cross River,0,1,0,,seed_annual_estimate,,NCDC annual report 2012
21,2012,Delta,1,2,0,,seed_annual_estimate,,NCDC annual report 2012
21,2012,Ebonyi,1,3,0,,seed_annual_estimate,,NCDC annual report 2012
21,2012,Edo,5,12,1,,seed_annual_estimate,,NCDC annual report 2012
21,2012,Enugu,0,1,0,,seed_annual_estimate,,NCDC annual report 2012
21,2012,Imo,0,0,0,,seed_annual_estimate,,NCDC annual report 2012
21,2012,Kogi,0,1,0,,seed_annual_estimate,,NCDC annual report 2012
21,2012,Nasarawa,0,1,0,,seed_annual_estimate,,NCDC annual report 2012
21,2012,Ondo,3,7,0,,seed_annual_estimate,,NCDC annual report 2012
21,2012,Plateau,0,1,0,,seed_annual_estimate,,NCDC annual report 2012
21,2012,Taraba,2,4,0,,seed_annual_estimate,,NCDC annual report 2012
22,2012,Adamawa,0,1,0,,seed_annual_estimate,,NCDC annual report 2012
22,2012,Anambra,1,2,0,,seed_annual_estimate,,NCDC annual report 2012
22,2012,Bauchi,2,5,0,,seed_annual_estimate,,NCDC annual report 2012
22,2012,Benue,1,1,0,,seed_annual_estimate,,NCDC annual report 2012
22,2012,Cross River,0,1,0,,seed_annual_estimate,,NCDC annual report 2012
22,2012,Delta,1,2,0,,seed_annual_estimate,,NCDC annual report 2012
22,2012,Ebonyi,1,3,0,,seed_annual_estimate,,NCDC annual report 2012
22,2012,Edo,5,12,1,,seed_annual_estimate,,NCDC annual report 2012
22,2012,Enugu,0,1,0,,seed_annual_estimate,,NCDC annual report 2012
22,2012,Imo,0,0,0,,seed_annual_estimate,,NCDC annual report 2012
22,2012,Kogi,0,1,0,,seed_annual_estimate,,NCDC annual report 2012
22,2012,Nasarawa,0,1,0,,seed_annual_estimate,,NCDC annual report 2012
22,2012,Ondo,3,7,0,,seed_annual_estimate,,NCDC annual report 2012
22,2012,Plateau,0,1,0,,seed_annual_estimate,,NCDC annual report 2012
22,2012,Taraba,2,4,0,,seed_annual_estimate,,NCDC annual report 2012
23,2012,Adamawa,0,1,0,,seed_annual_estimate,,NCDC annual report 2012
23,2012,Anambra,1,2,0,,seed_annual_estimate,,NCDC annual report 2012
23,2012,Bauchi,2,5,0,,seed_annual_estimate,,NCDC annual report 2012
23,2012,Benue,1,1,0,,seed_annual_estimate,,NCDC annual report 2012
23,2012,Cross River,0,1,0,,seed_annual_estimate,,NCDC annual report 2012
23,2012,Delta,1,2,0,,seed_annual_estimate,,NCDC annual report 2012
23,2012,Ebonyi,1,3,0,,seed_annual_estimate,,NCDC annual report 2012
23,2012,Edo,5,12,1,,seed_annual_estimate,,NCDC annual report 2012
23,2012,Enugu,0,1,0,,seed_annual_estimate,,NCDC annual report 2012
23,2012,Imo,0,0,0,,seed_annual_estimate,,NCDC annual report 2012
23,2012,Kogi,0,1,0,,seed_annual_estimate,,NCDC annual report 2012
23,2012,Nasarawa,0,1,0,,seed_annual_estimate,,NCDC annual report 2012
23,2012,Ondo,3,7,0,,seed_annual_estimate,,NCDC annual report 2012
23,2012,Plateau,0,1,0,,seed_annual_estimate,,NCDC annual report 2012
23,2012,Taraba,2,4,0,,seed_annual_estimate,,NCDC annual report 2012
24,2012,Adamawa,0,1,0,,seed_annual_estimate,,NCDC annual report 2012
24,2012,Anambra,1,2,0,,seed_annual_estimate,,NCDC annual report 2012
24,2012,Bauchi,2,5,0,,seed_annual_estimate,,NCDC annual report 2012
24,2012,Benue,1,1,0,,seed_annual_estimate,,NCDC annual report 2012
24,2012,Cross River,0,1,0,,seed_annual_estimate,,NCDC annual report 2012
24,2012,Delta,1,2,0,,seed_annual_estimate,,NCDC annual report 2012
24,2012,Ebonyi,1,3,0,,seed_annual_estimate,,NCDC annual report 2012
24,2012,Edo,5,12,1,,seed_annual_estimate,,NCDC annual report 2012
24,2012,Enugu,0,1,0,,seed_annual_estimate,,NCDC annual report 2012
24,2012,Imo,0,0,0,,seed_annual_estimate,,NCDC annual report 2012
24,2012,Kogi,0,1,0,,seed_annual_estimate,,NCDC annual report 2012
24,2012,Nasarawa,0,1,0,,seed_annual_estimate,,NCDC annual report 2012
24,2012,Ondo,3,7,0,,seed_annual_estimate,,NCDC annual report 2012
24,2012,Plateau,0,1,0,,seed_annual_estimate,,NCDC annual report 2012
24,2012,Taraba,2,4,0,,seed_annual_estimate,,NCDC annual report 2012
25,2012,Adamawa,0,1,0,,seed_annual_estimate,,NCDC annual report 2012
25,2012,Anambra,1,2,0,,seed_annual_estimate,,NCDC annual report 2012
25,2012,Bauchi,2,5,0,,seed_annual_estimate,,NCDC annual report 2012
25,2012,Benue,1,1,0,,seed_annual_estimate,,NCDC annual report 2012
25,2012,Cross River,0,1,0,,seed_annual_estimate,,NCDC annual report 2012
25,2012,Delta,1,2,0,,seed_annual_estimate,,NCDC annual report 2012
25,2012,Ebonyi,1,3,0,,seed_annual_estimate,,NCDC annual report 2012
25,2012,Edo,5,12,1,,seed_annual_estimate,,NCDC annual report 2012
25,2012,Enugu,0,1,0,,seed_annual_estimate,,NCDC annual report 2012
25,2012,Imo,0,0,0,,seed_annual_estimate,,NCDC annual report 2012
25,2012,Kogi,0,1,0,,seed_annual_estimate,,NCDC annual report 2012
25,2012,Nasarawa,0,1,0,,seed_annual_estimate,,NCDC annual report 2012
25,2012,Ondo,3,7,0,,seed_annual_estimate,,NCDC annual report 2012
25,2012,Plateau,0,1,0,,seed_annual_estimate,,NCDC annual report 2012
25,2012,Taraba,2,4,0,,seed_annual_estimate,,NCDC annual report 2012
26,2012,Adamawa,0,1,0,,seed_annual_estimate,,NCDC annual report 2012
26,2012,Anambra,1,2,0,,seed_annual_estimate,,NCDC annual report 2012
26,2012,Bauchi,2,5,0,,seed_annual_estimate,,NCDC annual report 2012
26,2012,Benue,1,1,0,,seed_annual_estimate,,NCDC annual report 2012
26,2012,Cross River,0,1,0,,seed_annual_estimate,,NCDC annual report 2012
26,2012,Delta,1,2,0,,seed_annual_estimate,,NCDC annual report 2012
26,2012,Ebonyi,1,3,0,,seed_annual_estimate,,NCDC annual report 2012
26,2012,Edo,5,12,1,,seed_annual_estimate,,NCDC annual report 2012
26,2012,Enugu,0,1,0,,seed_annual_estimate,,NCDC annual report 2012
26,2012,Imo,0,0,0,,seed_annual_estimate,,NCDC annual report 2012
26,2012,Kogi,0,1,0,,seed_annual_estimate,,NCDC annual report 2012
26,2012,Nasarawa,0,1,0,,seed_annual_estimate,,NCDC annual report 2012
26,2012,Ondo,3,7,0,,seed_annual_estimate,,NCDC annual report 2012
26,2012,Plateau,0,1,0,,seed_annual_estimate,,NCDC annual report 2012
26,2012,Taraba,2,4,0,,seed_annual_estimate,,NCDC annual report 2012
27,2012,Adamawa,0,1,0,,seed_annual_estimate,,NCDC annual report 2012
27,2012,Anambra,1,2,0,,seed_annual_estimate,,NCDC annual report 2012
27,2012,Bauchi,2,5,0,,seed_annual_estimate,,NCDC annual report 2012
27,2012,Benue,1,1,0,,seed_annual_estimate,,NCDC annual report 2012
27,2012,Cross River,0,1,0,,seed_annual_estimate,,NCDC annual report 2012
27,2012,Delta,1,2,0,,seed_annual_estimate,,NCDC annual report 2012
27,2012,Ebonyi,1,3,0,,seed_annual_estimate,,NCDC annual report 2012
27,2012,Edo,5,12,1,,seed_annual_estimate,,NCDC annual report 2012
27,2012,Enugu,0,1,0,,seed_annual_estimate,,NCDC annual report 2012
27,2012,Imo,0,0,0,,seed_annual_estimate,,NCDC annual report 2012
27,2012,Kogi,0,1,0,,seed_annual_estimate,,NCDC annual report 2012
27,2012,Nasarawa,0,1,0,,seed_annual_estimate,,NCDC annual report 2012
27,2012,Ondo,3,7,0,,seed_annual_estimate,,NCDC annual report 2012
27,2012,Plateau,0,1,0,,seed_annual_estimate,,NCDC annual report 2012
27,2012,Taraba,2,4,0,,seed_annual_estimate,,NCDC annual report 2012
28,2012,Adamawa,0,1,0,,seed_annual_estimate,,NCDC annual report 2012
28,2012,Anambra,1,2,0,,seed_annual_estimate,,NCDC annual report 2012
28,2012,Bauchi,2,5,0,,seed_annual_estimate,,NCDC annual report 2012
28,2012,Benue,1,1,0,,seed_annual_estimate,,NCDC annual report 2012
28,2012,Cross River,0,1,0,,seed_annual_estimate,,NCDC annual report 2012
28,2012,Delta,1,2,0,,seed_annual_estimate,,NCDC annual report 2012
28,2012,Ebonyi,1,3,0,,seed_annual_estimate,,NCDC annual report 2012
28,2012,Edo,5,12,1,,seed_annual_estimate,,NCDC annual report 2012
28,2012,Enugu,0,1,0,,seed_annual_estimate,,NCDC annual report 2012
28,2012,Imo,0,0,0,,seed_annual_estimate,,NCDC annual report 2012
28,2012,Kogi,0,1,0,,seed_annual_estimate,,NCDC annual report 2012
28,2012,Nasarawa,0,1,0,,seed_annual_estimate,,NCDC annual report 2012
28,2012,Ondo,3,7,0,,seed_annual_estimate,,NCDC annual report 2012
28,2012,Plateau,0,1,0,,seed_annual_estimate,,NCDC annual report 2012
28,2012,Taraba,2,4,0,,seed_annual_estimate,,NCDC annual report 2012
29,2012,Adamawa,0,1,0,,seed_annual_estimate,,NCDC annual report 2012
29,2012,Anambra,1,2,0,,seed_annual_estimate,,NCDC annual report 2012
29,2012,Bauchi,2,5,0,,seed_annual_estimate,,NCDC annual report 2012
29,2012,Benue,1,1,0,,seed_annual_estimate,,NCDC annual report 2012
29,2012,Cross River,0,1,0,,seed_annual_estimate,,NCDC annual report 2012
29,2012,Delta,1,2,0,,seed_annual_estimate,,NCDC annual report 2012
29,2012,Ebonyi,1,3,0,,seed_annual_estimate,,NCDC annual report 2012
29,2012,Edo,5,12,1,,seed_annual_estimate,,NCDC annual report 2012
29,2012,Enugu,0,1,0,,seed_annual_estimate,,NCDC annual report 2012
29,2012,Imo,0,0,0,,seed_annual_estimate,,NCDC annual report 2012
29,2012,Kogi,0,1,0,,seed_annual_estimate,,NCDC annual report 2012
29,2012,Nasarawa,0,1,0,,seed_annual_estimate,,NCDC annual report 2012
29,2012,Ondo,3,7,0,,seed_annual_estimate,,NCDC annual report 2012
29,2012,Plateau,0,1,0,,seed_annual_estimate,,NCDC annual report 2012
29,2012,Taraba,2,4,0,,seed_annual_estimate,,NCDC annual report 2012
30,2012,Adamawa,0,1,0,,seed_annual_estimate,,NCDC annual report 2012
30,2012,Anambra,1,2,0,,seed_annual_estimate,,NCDC annual report 2012
30,2012,Bauchi,2,5,0,,seed_annual_estimate,,NCDC annual report 2012
30,2012,Benue,1,1,0,,seed_annual_estimate,,NCDC annual report 2012
30,2012,Cross River,0,1,0,,seed_annual_estimate,,NCDC annual report 2012
30,2012,Delta,1,2,0,,seed_annual_estimate,,NCDC annual report 2012
30,2012,Ebonyi,1,3,0,,seed_annual_estimate,,NCDC annual report 2012
30,2012,Edo,5,12,1,,seed_annual_estimate,,NCDC annual report 2012
30,2012,Enugu,0,1,0,,seed_annual_estimate,,NCDC annual report 2012
30,2012,Imo,0,0,0,,seed_annual_estimate,,NCDC annual report 2012
30,2012,Kogi,0,1,0,,seed_annual_estimate,,NCDC annual report 2012
30,2012,Nasarawa,0,1,0,,seed_annual_estimate,,NCDC annual report 2012
30,2012,Ondo,3,7,0,,seed_annual_estimate,,NCDC annual report 2012
30,2012,Plateau,0,1,0,,seed_annual_estimate,,NCDC annual report 2012
30,2012,Taraba,2,4,0,,seed_annual_estimate,,NCDC annual report 2012
31,2012,Adamawa,0,1,0,,seed_annual_estimate,,NCDC annual report 2012
31,2012,Anambra,1,2,0,,seed_annual_estimate,,NCDC annual report 2012
31,2012,Bauchi,2,5,0,,seed_annual_estimate,,NCDC annual report 2012
31,2012,Benue,1,1,0,,seed_annual_estimate,,NCDC annual report 2012
31,2012,Cross River,0,1,0,,seed_annual_estimate,,NCDC annual report 2012
31,2012,Delta,1,2,0,,seed_annual_estimate,,NCDC annual report 2012
31,2012,Ebonyi,1,3,0,,seed_annual_estimate,,NCDC annual report 2012
31,2012,Edo,5,12,1,,seed_annual_estimate,,NCDC annual report 2012
31,2012,Enugu,0,1,0,,seed_annual_estimate,,NCDC annual report 2012
31,2012,Imo,0,0,0,,seed_annual_estimate,,NCDC annual report 2012
31,2012,Kogi,0,1,0,,seed_annual_estimate,,NCDC annual report 2012
31,2012,Nasarawa,0,1,0,,seed_annual_estimate,,NCDC annual report 2012
31,2012,Ondo,3,7,0,,seed_annual_estimate,,NCDC annual report 2012
31,2012,Plateau,0,1,0,,seed_annual_estimate,,NCDC annual report 2012
31,2012,Taraba,2,4,0,,seed_annual_estimate,,NCDC annual report 2012
32,2012,Adamawa,0,1,0,,seed_annual_estimate,,NCDC annual report 2012
32,2012,Anambra,1,2,0,,seed_annual_estimate,,NCDC annual report 2012
32,2012,Bauchi,2,5,0,,seed_annual_estimate,,NCDC annual report 2012
32,2012,Benue,1,1,0,,seed_annual_estimate,,NCDC annual report 2012
32,2012,Cross River,0,1,0,,seed_annual_estimate,,NCDC annual report 2012
32,2012,Delta,1,2,0,,seed_annual_estimate,,NCDC annual report 2012
32,2012,Ebonyi,1,3,0,,seed_annual_estimate,,NCDC annual report 2012
32,2012,Edo,5,12,1,,seed_annual_estimate,,NCDC annual report 2012
32,2012,Enugu,0,1,0,,seed_annual_estimate,,NCDC annual report 2012
32,2012,Imo,0,0,0,,seed_annual_estimate,,NCDC annual report 2012
32,2012,Kogi,0,1,0,,seed_annual_estimate,,NCDC annual report 2012
32,2012,Nasarawa,0,1,0,,seed_annual_estimate,,NCDC annual report 2012
32,2012,Ondo,3,7,0,,seed_annual_estimate,,NCDC annual report 2012
32,2012,Plateau,0,1,0,,seed_annual_estimate,,NCDC annual report 2012
32,2012,Taraba,2,4,0,,seed_annual_estimate,,NCDC annual report 2012
33,2012,Adamawa,0,1,0,,seed_annual_estimate,,NCDC annual report 2012
33,2012,Anambra,1,2,0,,seed_annual_estimate,,NCDC annual report 2012
33,2012,Bauchi,2,5,0,,seed_annual_estimate,,NCDC annual report 2012
33,2012,Benue,1,1,0,,seed_annual_estimate,,NCDC annual report 2012
33,2012,Cross River,0,1,0,,seed_annual_estimate,,NCDC annual report 2012
33,2012,Delta,1,2,0,,seed_annual_estimate,,NCDC annual report 2012
33,2012,Ebonyi,1,3,0,,seed_annual_estimate,,NCDC annual report 2012
33,2012,Edo,5,12,1,,seed_annual_estimate,,NCDC annual report 2012
33,2012,Enugu,0,1,0,,seed_annual_estimate,,NCDC annual report 2012
33,2012,Imo,0,0,0,,seed_annual_estimate,,NCDC annual report 2012
33,2012,Kogi,0,1,0,,seed_annual_estimate,,NCDC annual report 2012
33,2012,Nasarawa,0,1,0,,seed_annual_estimate,,NCDC annual report 2012
33,2012,Ondo,3,7,0,,seed_annual_estimate,,NCDC annual report 2012
33,2012,Plateau,0,1,0,,seed_annual_estimate,,NCDC annual report 2012
33,2012,Taraba,2,4,0,,seed_annual_estimate,,NCDC annual report 2012
34,2012,Adamawa,0,1,0,,seed_annual_estimate,,NCDC annual report 2012
34,2012,Anambra,1,2,0,,seed_annual_estimate,,NCDC annual report 2012
34,2012,Bauchi,2,5,0,,seed_annual_estimate,,NCDC annual report 2012
34,2012,Benue,1,1,0,,seed_annual_estimate,,NCDC annual report 2012
34,2012,Cross River,0,1,0,,seed_annual_estimate,,NCDC annual report 2012
34,2012,Delta,1,2,0,,seed_annual_estimate,,NCDC annual report 2012
34,2012,Ebonyi,1,3,0,,seed_annual_estimate,,NCDC annual report 2012
34,2012,Edo,5,12,1,,seed_annual_estimate,,NCDC annual report 2012
34,2012,Enugu,0,1,0,,seed_annual_estimate,,NCDC annual report 2012
34,2012,Imo,0,0,0,,seed_annual_estimate,,NCDC annual report 2012
34,2012,Kogi,0,1,0,,seed_annual_estimate,,NCDC annual report 2012
34,2012,Nasarawa,0,1,0,,seed_annual_estimate,,NCDC annual report 2012
34,2012,Ondo,3,7,0,,seed_annual_estimate,,NCDC annual report 2012
34,2012,Plateau,0,1,0,,seed_annual_estimate,,NCDC annual report 2012
34,2012,Taraba,2,4,0,,seed_annual_estimate,,NCDC annual report 2012
35,2012,Adamawa,0,1,0,,seed_annual_estimate,,NCDC annual report 2012
35,2012,Anambra,1,2,0,,seed_annual_estimate,,NCDC annual report 2012
35,2012,Bauchi,2,5,0,,seed_annual_estimate,,NCDC annual report 2012
35,2012,Benue,1,1,0,,seed_annual_estimate,,NCDC annual report 2012
35,2012,Cross River,0,1,0,,seed_annual_estimate,,NCDC annual report 2012
35,2012,Delta,1,2,0,,seed_annual_estimate,,NCDC annual report 2012
35,2012,Ebonyi,1,3,0,,seed_annual_estimate,,NCDC annual report 2012
35,2012,Edo,5,12,1,,seed_annual_estimate,,NCDC annual report 2012
35,2012,Enugu,0,1,0,,seed_annual_estimate,,NCDC annual report 2012
35,2012,Imo,0,0,0,,seed_annual_estimate,,NCDC annual report 2012
35,2012,Kogi,0,1,0,,seed_annual_estimate,,NCDC annual report 2012
35,2012,Nasarawa,0,1,0,,seed_annual_estimate,,NCDC annual report 2012
35,2012,Ondo,3,7,0,,seed_annual_estimate,,NCDC annual report 2012
35,2012,Plateau,0,1,0,,seed_annual_estimate,,NCDC annual report 2012
35,2012,Taraba,2,4,0,,seed_annual_estimate,,NCDC annual report 2012
36,2012,Adamawa,0,1,0,,seed_annual_estimate,,NCDC annual report 2012
36,2012,Anambra,1,2,0,,seed_annual_estimate,,NCDC annual report 2012
36,2012,Bauchi,2,5,0,,seed_annual_estimate,,NCDC annual report 2012
36,2012,Benue,1,1,0,,seed_annual_estimate,,NCDC annual report 2012
36,2012,Cross River,0,1,0,,seed_annual_estimate,,NCDC annual report 2012
36,2012,Delta,1,2,0,,seed_annual_estimate,,NCDC annual report 2012
36,2012,Ebonyi,1,3,0,,seed_annual_estimate,,NCDC annual report 2012
36,2012,Edo,5,12,1,,seed_annual_estimate,,NCDC annual report 2012
36,2012,Enugu,0,1,0,,seed_annual_estimate,,NCDC annual report 2012
36,2012,Imo,0,0,0,,seed_annual_estimate,,NCDC annual report 2012
36,2012,Kogi,0,1,0,,seed_annual_estimate,,NCDC annual report 2012
36,2012,Nasarawa,0,1,0,,seed_annual_estimate,,NCDC annual report 2012
36,2012,Ondo,3,7,0,,seed_annual_estimate,,NCDC annual report 2012
36,2012,Plateau,0,1,0,,seed_annual_estimate,,NCDC annual report 2012
36,2012,Taraba,2,4,0,,seed_annual_estimate,,NCDC annual report 2012
37,2012,Adamawa,0,1,0,,seed_annual_estimate,,NCDC annual report 2012
37,2012,Anambra,1,2,0,,seed_annual_estimate,,NCDC annual report 2012
37,2012,Bauchi,2,5,0,,seed_annual_estimate,,NCDC annual report 2012
37,2012,Benue,1,1,0,,seed_annual_estimate,,NCDC annual report 2012
37,2012,Cross River,0,1,0,,seed_annual_estimate,,NCDC annual report 2012
37,2012,Delta,1,2,0,,seed_annual_estimate,,NCDC annual report 2012
37,2012,Ebonyi,1,3,0,,seed_annual_estimate,,NCDC annual report 2012
37,2012,Edo,5,12,1,,seed_annual_estimate,,NCDC annual report 2012
37,2012,Enugu,0,1,0,,seed_annual_estimate,,NCDC annual report 2012
37,2012,Imo,0,0,0,,seed_annual_estimate,,NCDC annual report 2012
37,2012,Kogi,0,1,0,,seed_annual_estimate,,NCDC annual report 2012
37,2012,Nasarawa,0,1,0,,seed_annual_estimate,,NCDC annual report 2012
37,2012,Ondo,3,7,0,,seed_annual_estimate,,NCDC annual report 2012
37,2012,Plateau,0,1,0,,seed_annual_estimate,,NCDC annual report 2012
37,2012,Taraba,2,4,0,,seed_annual_estimate,,NCDC annual report 2012
38,2012,Adamawa,0,1,0,,seed_annual_estimate,,NCDC annual report 2012
38,2012,Anambra,1,2,0,,seed_annual_estimate,,NCDC annual report 2012
38,2012,Bauchi,2,5,0,,seed_annual_estimate,,NCDC annual report 2012
38,2012,Benue,1,1,0,,seed_annual_estimate,,NCDC annual report 2012
38,2012,Cross River,0,1,0,,seed_annual_estimate,,NCDC annual report 2012
38,2012,Delta,1,2,0,,seed_annual_estimate,,NCDC annual report 2012
38,2012,Ebonyi,1,3,0,,seed_annual_estimate,,NCDC annual report 2012
38,2012,Edo,5,12,1,,seed_annual_estimate,,NCDC annual report 2012
38,2012,Enugu,0,1,0,,seed_annual_estimate,,NCDC annual report 2012
38,2012,Imo,0,0,0,,seed_annual_estimate,,NCDC annual report 2012
38,2012,Kogi,0,1,0,,seed_annual_estimate,,NCDC annual report 2012
38,2012,Nasarawa,0,1,0,,seed_annual_estimate,,NCDC annual report 2012
38,2012,Ondo,3,7,0,,seed_annual_estimate,,NCDC annual report 2012
38,2012,Plateau,0,1,0,,seed_annual_estimate,,NCDC annual report 2012
38,2012,Taraba,2,4,0,,seed_annual_estimate,,NCDC annual report 2012
39,2012,Adamawa,0,1,0,,seed_annual_estimate,,NCDC annual report 2012
39,2012,Anambra,1,2,0,,seed_annual_estimate,,NCDC annual report 2012
39,2012,Bauchi,2,5,0,,seed_annual_estimate,,NCDC annual report 2012
39,2012,Benue,1,1,0,,seed_annual_estimate,,NCDC annual report 2012
39,2012,Cross River,0,1,0,,seed_annual_estimate,,NCDC annual report 2012
39,2012,Delta,1,2,0,,seed_annual_estimate,,NCDC annual report 2012
39,2012,Ebonyi,1,3,0,,seed_annual_estimate,,NCDC annual report 2012
39,2012,Edo,5,12,1,,seed_annual_estimate,,NCDC annual report 2012
39,2012,Enugu,0,1,0,,seed_annual_estimate,,NCDC annual report 2012
39,2012,Imo,0,0,0,,seed_annual_estimate,,NCDC annual report 2012
39,2012,Kogi,0,1,0,,seed_annual_estimate,,NCDC annual report 2012
39,2012,Nasarawa,0,1,0,,seed_annual_estimate,,NCDC annual report 2012
39,2012,Ondo,3,7,0,,seed_annual_estimate,,NCDC annual report 2012
39,2012,Plateau,0,1,0,,seed_annual_estimate,,NCDC annual report 2012
39,2012,Taraba,2,4,0,,seed_annual_estimate,,NCDC annual report 2012
40,2012,Adamawa,0,1,0,,seed_annual_estimate,,NCDC annual report 2012
40,2012,Anambra,1,2,0,,seed_annual_estimate,,NCDC annual report 2012
40,2012,Bauchi,2,5,0,,seed_annual_estimate,,NCDC annual report 2012
40,2012,Benue,1,1,0,,seed_annual_estimate,,NCDC annual report 2012
40,2012,Cross River,0,1,0,,seed_annual_estimate,,NCDC annual report 2012
40,2012,Delta,1,2,0,,seed_annual_estimate,,NCDC annual report 2012
40,2012,Ebonyi,1,3,0,,seed_annual_estimate,,NCDC annual report 2012
40,2012,Edo,5,12,1,,seed_annual_estimate,,NCDC annual report 2012
40,2012,Enugu,0,1,0,,seed_annual_estimate,,NCDC annual report 2012
40,2012,Imo,0,0,0,,seed_annual_estimate,,NCDC annual report 2012
40,2012,Kogi,0,1,0,,seed_annual_estimate,,NCDC annual report 2012
40,2012,Nasarawa,0,1,0,,seed_annual_estimate,,NCDC annual report 2012
40,2012,Ondo,3,7,0,,seed_annual_estimate,,NCDC annual report 2012
40,2012,Plateau,0,1,0,,seed_annual_estimate,,NCDC annual report 2012
40,2012,Taraba,2,4,0,,seed_annual_estimate,,NCDC annual report 2012
41,2012,Adamawa,0,1,0,,seed_annual_estimate,,NCDC annual report 2012
41,2012,Anambra,1,2,0,,seed_annual_estimate,,NCDC annual report 2012
41,2012,Bauchi,2,5,0,,seed_annual_estimate,,NCDC annual report 2012
41,2012,Benue,1,1,0,,seed_annual_estimate,,NCDC annual report 2012
41,2012,Cross River,0,1,0,,seed_annual_estimate,,NCDC annual report 2012
41,2012,Delta,1,2,0,,seed_annual_estimate,,NCDC annual report 2012
41,2012,Ebonyi,1,3,0,,seed_annual_estimate,,NCDC annual report 2012
41,2012,Edo,5,12,1,,seed_annual_estimate,,NCDC annual report 2012
41,2012,Enugu,0,1,0,,seed_annual_estimate,,NCDC annual report 2012
41,2012,Imo,0,0,0,,seed_annual_estimate,,NCDC annual report 2012
41,2012,Kogi,0,1,0,,seed_annual_estimate,,NCDC annual report 2012
41,2012,Nasarawa,0,1,0,,seed_annual_estimate,,NCDC annual report 2012
41,2012,Ondo,3,7,0,,seed_annual_estimate,,NCDC annual report 2012
41,2012,Plateau,0,1,0,,seed_annual_estimate,,NCDC annual report 2012
41,2012,Taraba,2,4,0,,seed_annual_estimate,,NCDC annual report 2012
42,2012,Adamawa,0,1,0,,seed_annual_estimate,,NCDC annual report 2012
42,2012,Anambra,1,2,0,,seed_annual_estimate,,NCDC annual report 2012
42,2012,Bauchi,2,5,0,,seed_annual_estimate,,NCDC annual report 2012
42,2012,Benue,1,1,0,,seed_annual_estimate,,NCDC annual report 2012
42,2012,Cross River,0,1,0,,seed_annual_estimate,,NCDC annual report 2012
42,2012,Delta,1,2,0,,seed_annual_estimate,,NCDC annual report 2012
42,2012,Ebonyi,1,3,0,,seed_annual_estimate,,NCDC annual report 2012
42,2012,Edo,5,12,1,,seed_annual_estimate,,NCDC annual report 2012
42,2012,Enugu,0,1,0,,seed_annual_estimate,,NCDC annual report 2012
42,2012,Imo,0,0,0,,seed_annual_estimate,,NCDC annual report 2012
42,2012,Kogi,0,1,0,,seed_annual_estimate,,NCDC annual report 2012
42,2012,Nasarawa,0,1,0,,seed_annual_estimate,,NCDC annual report 2012
42,2012,Ondo,3,7,0,,seed_annual_estimate,,NCDC annual report 2012
42,2012,Plateau,0,1,0,,seed_annual_estimate,,NCDC annual report 2012
42,2012,Taraba,2,4,0,,seed_annual_estimate,,NCDC annual report 2012
43,2012,Adamawa,0,1,0,,seed_annual_estimate,,NCDC annual report 2012
43,2012,Anambra,1,2,0,,seed_annual_estimate,,NCDC annual report 2012
43,2012,Bauchi,2,5,0,,seed_annual_estimate,,NCDC annual report 2012
43,2012,Benue,1,1,0,,seed_annual_estimate,,NCDC annual report 2012
43,2012,Cross River,0,1,0,,seed_annual_estimate,,NCDC annual report 2012
43,2012,Delta,1,2,0,,seed_annual_estimate,,NCDC annual report 2012
43,2012,Ebonyi,1,3,0,,seed_annual_estimate,,NCDC annual report 2012
43,2012,Edo,5,12,1,,seed_annual_estimate,,NCDC annual report 2012
43,2012,Enugu,0,1,0,,seed_annual_estimate,,NCDC annual report 2012
43,2012,Imo,0,0,0,,seed_annual_estimate,,NCDC annual report 2012
43,2012,Kogi,0,1,0,,seed_annual_estimate,,NCDC annual report 2012
43,2012,Nasarawa,0,1,0,,seed_annual_estimate,,NCDC annual report 2012
43,2012,Ondo,3,7,0,,seed_annual_estimate,,NCDC annual report 2012
43,2012,Plateau,0,1,0,,seed_annual_estimate,,NCDC annual report 2012
43,2012,Taraba,2,4,0,,seed_annual_estimate,,NCDC annual report 2012
44,2012,Adamawa,0,0,0,,seed_annual_estimate,,NCDC annual report 2012
44,2012,Anambra,0,1,0,,seed_annual_estimate,,NCDC annual report 2012
44,2012,Bauchi,1,2,0,,seed_annual_estimate,,NCDC annual report 2012
44,2012,Benue,0,1,0,,seed_annual_estimate,,NCDC annual report 2012
44,2012,Cross River,0,0,0,,seed_annual_estimate,,NCDC annual report 2012
44,2012,Delta,0,1,0,,seed_annual_estimate,,NCDC annual report 2012
44,2012,Ebonyi,1,2,0,,seed_annual_estimate,,NCDC annual report 2012
44,2012,Edo,2,5,0,,seed_annual_estimate,,NCDC annual report 2012
44,2012,Enugu,0,0,0,,seed_annual_estimate,,NCDC annual report 2012
44,2012,Imo,0,0,0,,seed_annual_estimate,,NCDC annual report 2012
44,2012,Kogi,0,1,0,,seed_annual_estimate,,NCDC annual report 2012
44,2012,Nasarawa,0,0,0,,seed_annual_estimate,,NCDC annual report 2012
44,2012,Ondo,1,3,0,,seed_annual_estimate,,NCDC annual report 2012
44,2012,Plateau,0,0,0,,seed_annual_estimate,,NCDC annual report 2012
44,2012,Taraba,1,2,0,,seed_annual_estimate,,NCDC annual report 2012
45,2012,Adamawa,0,0,0,,seed_annual_estimate,,NCDC annual report 2012
45,2012,Anambra,0,1,0,,seed_annual_estimate,,NCDC annual report 2012
45,2012,Bauchi,1,2,0,,seed_annual_estimate,,NCDC annual report 2012
45,2012,Benue,0,1,0,,seed_annual_estimate,,NCDC annual report 2012
45,2012,Cross River,0,0,0,,seed_annual_estimate,,NCDC annual report 2012
45,2012,Delta,0,1,0,,seed_annual_estimate,,NCDC annual report 2012
45,2012,Ebonyi,1,2,0,,seed_annual_estimate,,NCDC annual report 2012
45,2012,Edo,2,5,0,,seed_annual_estimate,,NCDC annual report 2012
45,2012,Enugu,0,0,0,,seed_annual_estimate,,NCDC annual report 2012
45,2012,Imo,0,0,0,,seed_annual_estimate,,NCDC annual report 2012
45,2012,Kogi,0,1,0,,seed_annual_estimate,,NCDC annual report 2012
45,2012,Nasarawa,0,0,0,,seed_annual_estimate,,NCDC annual report 2012
45,2012,Ondo,1,3,0,,seed_annual_estimate,,NCDC annual report 2012
45,2012,Plateau,0,0,0,,seed_annual_estimate,,NCDC annual report 2012
45,2012,Taraba,1,2,0,,seed_annual_estimate,,NCDC annual report 2012
46,2012,Adamawa,0,0,0,,seed_annual_estimate,,NCDC annual report 2012
46,2012,Anambra,0,1,0,,seed_annual_estimate,,NCDC annual report 2012
46,2012,Bauchi,1,2,0,,seed_annual_estimate,,NCDC annual report 2012
46,2012,Benue,0,1,0,,seed_annual_estimate,,NCDC annual report 2012
46,2012,Cross River,0,0,0,,seed_annual_estimate,,NCDC annual report 2012
46,2012,Delta,0,1,0,,seed_annual_estimate,,NCDC annual report 2012
46,2012,Ebonyi,1,2,0,,seed_annual_estimate,,NCDC annual report 2012
46,2012,Edo,2,5,0,,seed_annual_estimate,,NCDC annual report 2012
46,2012,Enugu,0,0,0,,seed_annual_estimate,,NCDC annual report 2012
46,2012,Imo,0,0,0,,seed_annual_estimate,,NCDC annual report 2012
46,2012,Kogi,0,1,0,,seed_annual_estimate,,NCDC annual report 2012
46,2012,Nasarawa,0,0,0,,seed_annual_estimate,,NCDC annual report 2012
46,2012,Ondo,1,3,0,,seed_annual_estimate,,NCDC annual report 2012
46,2012,Plateau,0,0,0,,seed_annual_estimate,,NCDC annual report 2012
46,2012,Taraba,1,2,0,,seed_annual_estimate,,NCDC annual report 2012
47,2012,Adamawa,0,0,0,,seed_annual_estimate,,NCDC annual report 2012
47,2012,Anambra,0,1,0,,seed_annual_estimate,,NCDC annual report 2012
47,2012,Bauchi,1,2,0,,seed_annual_estimate,,NCDC annual report 2012
47,2012,Benue,0,1,0,,seed_annual_estimate,,NCDC annual report 2012
47,2012,Cross River,0,0,0,,seed_annual_estimate,,NCDC annual report 2012
47,2012,Delta,0,1,0,,seed_annual_estimate,,NCDC annual report 2012
47,2012,Ebonyi,1,2,0,,seed_annual_estimate,,NCDC annual report 2012
47,2012,Edo,2,5,0,,seed_annual_estimate,,NCDC annual report 2012
47,2012,Enugu,0,0,0,,seed_annual_estimate,,NCDC annual report 2012
47,2012,Imo,0,0,0,,seed_annual_estimate,,NCDC annual report 2012
47,2012,Kogi,0,1,0,,seed_annual_estimate,,NCDC annual report 2012
47,2012,Nasarawa,0,0,0,,seed_annual_estimate,,NCDC annual report 2012
47,2012,Ondo,1,3,0,,seed_annual_estimate,,NCDC annual report 2012
47,2012,Plateau,0,0,0,,seed_annual_estimate,,NCDC annual report 2012
47,2012,Taraba,1,2,0,,seed_annual_estimate,,NCDC annual report 2012
48,2012,Adamawa,0,0,0,,seed_annual_estimate,,NCDC annual report 2012
48,2012,Anambra,0,1,0,,seed_annual_estimate,,NCDC annual report 2012
48,2012,Bauchi,1,2,0,,seed_annual_estimate,,NCDC annual report 2012
48,2012,Benue,0,1,0,,seed_annual_estimate,,NCDC annual report 2012
48,2012,Cross River,0,0,0,,seed_annual_estimate,,NCDC annual report 2012
48,2012,Delta,0,1,0,,seed_annual_estimate,,NCDC annual report 2012
48,2012,Ebonyi,1,2,0,,seed_annual_estimate,,NCDC annual report 2012
48,2012,Edo,2,5,0,,seed_annual_estimate,,NCDC annual report 2012
48,2012,Enugu,0,0,0,,seed_annual_estimate,,NCDC annual report 2012
48,2012,Imo,0,0,0,,seed_annual_estimate,,NCDC annual report 2012
48,2012,Kogi,0,1,0,,seed_annual_estimate,,NCDC annual report 2012
48,2012,Nasarawa,0,0,0,,seed_annual_estimate,,NCDC annual report 2012
48,2012,Ondo,1,3,0,,seed_annual_estimate,,NCDC annual report 2012
48,2012,Plateau,0,0,0,,seed_annual_estimate,,NCDC annual report 2012
48,2012,Taraba,1,2,0,,seed_annual_estimate,,NCDC annual report 2012
49,2012,Adamawa,0,0,0,,seed_annual_estimate,,NCDC annual report 2012
49,2012,Anambra,0,1,0,,seed_annual_estimate,,NCDC annual report 2012
49,2012,Bauchi,1,2,0,,seed_annual_estimate,,NCDC annual report 2012
49,2012,Benue,0,1,0,,seed_annual_estimate,,NCDC annual report 2012
49,2012,Cross River,0,0,0,,seed_annual_estimate,,NCDC annual report 2012
49,2012,Delta,0,1,0,,seed_annual_estimate,,NCDC annual report 2012
49,2012,Ebonyi,1,2,0,,seed_annual_estimate,,NCDC annual report 2012
49,2012,Edo,2,5,0,,seed_annual_estimate,,NCDC annual report 2012
49,2012,Enugu,0,0,0,,seed_annual_estimate,,NCDC annual report 2012
49,2012,Imo,0,0,0,,seed_annual_estimate,,NCDC annual report 2012
49,2012,Kogi,0,1,0,,seed_annual_estimate,,NCDC annual report 2012
49,2012,Nasarawa,0,0,0,,seed_annual_estimate,,NCDC annual report 2012
49,2012,Ondo,1,3,0,,seed_annual_estimate,,NCDC annual report 2012
49,2012,Plateau,0,0,0,,seed_annual_estimate,,NCDC annual report 2012
49,2012,Taraba,1,2,0,,seed_annual_estimate,,NCDC annual report 2012
50,2012,Adamawa,0,0,0,,seed_annual_estimate,,NCDC annual report 2012
50,2012,Anambra,0,1,0,,seed_annual_estimate,,NCDC annual report 2012
50,2012,Bauchi,1,2,0,,seed_annual_estimate,,NCDC annual report 2012
50,2012,Benue,0,1,0,,seed_annual_estimate,,NCDC annual report 2012
50,2012,Cross River,0,0,0,,seed_annual_estimate,,NCDC annual report 2012
50,2012,Delta,0,1,0,,seed_annual_estimate,,NCDC annual report 2012
50,2012,Ebonyi,1,2,0,,seed_annual_estimate,,NCDC annual report 2012
50,2012,Edo,2,5,0,,seed_annual_estimate,,NCDC annual report 2012
50,2012,Enugu,0,0,0,,seed_annual_estimate,,NCDC annual report 2012
50,2012,Imo,0,0,0,,seed_annual_estimate,,NCDC annual report 2012
50,2012,Kogi,0,1,0,,seed_annual_estimate,,NCDC annual report 2012
50,2012,Nasarawa,0,0,0,,seed_annual_estimate,,NCDC annual report 2012
50,2012,Ondo,1,3,0,,seed_annual_estimate,,NCDC annual report 2012
50,2012,Plateau,0,0,0,,seed_annual_estimate,,NCDC annual report 2012
50,2012,Taraba,1,2,0,,seed_annual_estimate,,NCDC annual report 2012
51,2012,Adamawa,0,0,0,,seed_annual_estimate,,NCDC annual report 2012
51,2012,Anambra,0,1,0,,seed_annual_estimate,,NCDC annual report 2012
51,2012,Bauchi,1,2,0,,seed_annual_estimate,,NCDC annual report 2012
51,2012,Benue,0,1,0,,seed_annual_estimate,,NCDC annual report 2012
51,2012,Cross River,0,0,0,,seed_annual_estimate,,NCDC annual report 2012
51,2012,Delta,0,1,0,,seed_annual_estimate,,NCDC annual report 2012
51,2012,Ebonyi,1,2,0,,seed_annual_estimate,,NCDC annual report 2012
51,2012,Edo,2,5,0,,seed_annual_estimate,,NCDC annual report 2012
51,2012,Enugu,0,0,0,,seed_annual_estimate,,NCDC annual report 2012
51,2012,Imo,0,0,0,,seed_annual_estimate,,NCDC annual report 2012
51,2012,Kogi,0,1,0,,seed_annual_estimate,,NCDC annual report 2012
51,2012,Nasarawa,0,0,0,,seed_annual_estimate,,NCDC annual report 2012
51,2012,Ondo,1,3,0,,seed_annual_estimate,,NCDC annual report 2012
51,2012,Plateau,0,0,0,,seed_annual_estimate,,NCDC annual report 2012
51,2012,Taraba,1,2,0,,seed_annual_estimate,,NCDC annual report 2012
52,2012,Adamawa,0,0,0,,seed_annual_estimate,,NCDC annual report 2012
52,2012,Anambra,0,1,0,,seed_annual_estimate,,NCDC annual report 2012
52,2012,Bauchi,1,2,0,,seed_annual_estimate,,NCDC annual report 2012
52,2012,Benue,0,1,0,,seed_annual_estimate,,NCDC annual report 2012
52,2012,Cross River,0,0,0,,seed_annual_estimate,,NCDC annual report 2012
52,2012,Delta,0,1,0,,seed_annual_estimate,,NCDC annual report 2012
52,2012,Ebonyi,1,2,0,,seed_annual_estimate,,NCDC annual report 2012
52,2012,Edo,2,5,0,,seed_annual_estimate,,NCDC annual report 2012
52,2012,Enugu,0,0,0,,seed_annual_estimate,,NCDC annual report 2012
52,2012,Imo,0,0,0,,seed_annual_estimate,,NCDC annual report 2012
52,2012,Kogi,0,1,0,,seed_annual_estimate,,NCDC annual report 2012
52,2012,Nasarawa,0,0,0,,seed_annual_estimate,,NCDC annual report 2012
52,2012,Ondo,1,3,0,,seed_annual_estimate,,NCDC annual report 2012
52,2012,Plateau,0,0,0,,seed_annual_estimate,,NCDC annual report 2012
52,2012,Taraba,1,2,0,,seed_annual_estimate,,NCDC annual report 2012
1,2013,Adamawa,0,0,0,,seed_annual_estimate,,NCDC annual report 2013
1,2013,Anambra,0,0,0,,seed_annual_estimate,,NCDC annual report 2013
1,2013,Bauchi,1,1,0,,seed_annual_estimate,,NCDC annual report 2013
1,2013,Benue,0,0,0,,seed_annual_estimate,,NCDC annual report 2013
1,2013,Cross River,0,0,0,,seed_annual_estimate,,NCDC annual report 2013
1,2013,Delta,0,0,0,,seed_annual_estimate,,NCDC annual report 2013
1,2013,Ebonyi,0,1,0,,seed_annual_estimate,,NCDC annual report 2013
1,2013,Edo,1,3,0,,seed_annual_estimate,,NCDC annual report 2013
1,2013,Enugu,0,0,0,,seed_annual_estimate,,NCDC annual report 2013
1,2013,Imo,0,0,0,,seed_annual_estimate,,NCDC annual report 2013
1,2013,Kogi,0,0,0,,seed_annual_estimate,,NCDC annual report 2013
1,2013,Nasarawa,0,0,0,,seed_annual_estimate,,NCDC annual report 2013
1,2013,Ondo,1,2,0,,seed_annual_estimate,,NCDC annual report 2013
1,2013,Plateau,0,0,0,,seed_annual_estimate,,NCDC annual report 2013
1,2013,Taraba,0,1,0,,seed_annual_estimate,,NCDC annual report 2013
2,2013,Adamawa,0,0,0,,seed_annual_estimate,,NCDC annual report 2013
2,2013,Anambra,0,0,0,,seed_annual_estimate,,NCDC annual report 2013
2,2013,Bauchi,1,1,0,,seed_annual_estimate,,NCDC annual report 2013
2,2013,Benue,0,0,0,,seed_annual_estimate,,NCDC annual report 2013
2,2013,Cross River,0,0,0,,seed_annual_estimate,,NCDC annual report 2013
2,2013,Delta,0,0,0,,seed_annual_estimate,,NCDC annual report 2013
2,2013,Ebonyi,0,1,0,,seed_annual_estimate,,NCDC annual report 2013
2,2013,Edo,1,3,0,,seed_annual_estimate,,NCDC annual report 2013
2,2013,Enugu,0,0,0,,seed_annual_estimate,,NCDC annual report 2013
2,2013,Imo,0,0,0,,seed_annual_estimate,,NCDC annual report 2013
2,2013,Kogi,0,0,0,,seed_annual_estimate,,NCDC annual report 2013
2,2013,Nasarawa,0,0,0,,seed_annual_estimate,,NCDC annual report 2013
2,2013,Ondo,1,2,0,,seed_annual_estimate,,NCDC annual report 2013
2,2013,Plateau,0,0,0,,seed_annual_estimate,,NCDC annual report 2013
2,2013,Taraba,0,1,0,,seed_annual_estimate,,NCDC annual report 2013
3,2013,Adamawa,0,0,0,,seed_annual_estimate,,NCDC annual report 2013
3,2013,Anambra,0,0,0,,seed_annual_estimate,,NCDC annual report 2013
3,2013,Bauchi,1,1,0,,seed_annual_estimate,,NCDC annual report 2013
3,2013,Benue,0,0,0,,seed_annual_estimate,,NCDC annual report 2013
3,2013,Cross River,0,0,0,,seed_annual_estimate,,NCDC annual report 2013
3,2013,Delta,0,0,0,,seed_annual_estimate,,NCDC annual report 2013
3,2013,Ebonyi,0,1,0,,seed_annual_estimate,,NCDC annual report 2013
3,2013,Edo,1,3,0,,seed_annual_estimate,,NCDC annual report 2013
3,2013,Enugu,0,0,0,,seed_annual_estimate,,NCDC annual report 2013
3,2013,Imo,0,0,0,,seed_annual_estimate,,NCDC annual report 2013
3,2013,Kogi,0,0,0,,seed_annual_estimate,,NCDC annual report 2013
3,2013,Nasarawa,0,0,0,,seed_annual_estimate,,NCDC annual report 2013
3,2013,Ondo,1,2,0,,seed_annual_estimate,,NCDC annual report 2013
3,2013,Plateau,0,0,0,,seed_annual_estimate,,NCDC annual report 2013
3,2013,Taraba,0,1,0,,seed_annual_estimate,,NCDC annual report 2013
4,2013,Adamawa,0,0,0,,seed_annual_estimate,,NCDC annual report 2013
4,2013,Anambra,0,0,0,,seed_annual_estimate,,NCDC annual report 2013
4,2013,Bauchi,1,1,0,,seed_annual_estimate,,NCDC annual report 2013
4,2013,Benue,0,0,0,,seed_annual_estimate,,NCDC annual report 2013
4,2013,Cross River,0,0,0,,seed_annual_estimate,,NCDC annual report 2013
4,2013,Delta,0,0,0,,seed_annual_estimate,,NCDC annual report 2013
4,2013,Ebonyi,0,1,0,,seed_annual_estimate,,NCDC annual report 2013
4,2013,Edo,1,3,0,,seed_annual_estimate,,NCDC annual report 2013
4,2013,Enugu,0,0,0,,seed_annual_estimate,,NCDC annual report 2013
4,2013,Imo,0,0,0,,seed_annual_estimate,,NCDC annual report 2013
4,2013,Kogi,0,0,0,,seed_annual_estimate,,NCDC annual report 2013
4,2013,Nasarawa,0,0,0,,seed_annual_estimate,,NCDC annual report 2013
4,2013,Ondo,1,2,0,,seed_annual_estimate,,NCDC annual report 2013
4,2013,Plateau,0,0,0,,seed_annual_estimate,,NCDC annual report 2013
4,2013,Taraba,0,1,0,,seed_annual_estimate,,NCDC annual report 2013
5,2013,Adamawa,0,0,0,,seed_annual_estimate,,NCDC annual report 2013
5,2013,Anambra,0,0,0,,seed_annual_estimate,,NCDC annual report 2013
5,2013,Bauchi,1,1,0,,seed_annual_estimate,,NCDC annual report 2013
5,2013,Benue,0,0,0,,seed_annual_estimate,,NCDC annual report 2013
5,2013,Cross River,0,0,0,,seed_annual_estimate,,NCDC annual report 2013
5,2013,Delta,0,0,0,,seed_annual_estimate,,NCDC annual report 2013
5,2013,Ebonyi,0,1,0,,seed_annual_estimate,,NCDC annual report 2013
5,2013,Edo,1,3,0,,seed_annual_estimate,,NCDC annual report 2013
5,2013,Enugu,0,0,0,,seed_annual_estimate,,NCDC annual report 2013
5,2013,Imo,0,0,0,,seed_annual_estimate,,NCDC annual report 2013
5,2013,Kogi,0,0,0,,seed_annual_estimate,,NCDC annual report 2013
5,2013,Nasarawa,0,0,0,,seed_annual_estimate,,NCDC annual report 2013
5,2013,Ondo,1,2,0,,seed_annual_estimate,,NCDC annual report 2013
5,2013,Plateau,0,0,0,,seed_annual_estimate,,NCDC annual report 2013
5,2013,Taraba,0,1,0,,seed_annual_estimate,,NCDC annual report 2013
6,2013,Adamawa,0,0,0,,seed_annual_estimate,,NCDC annual report 2013
6,2013,Anambra,0,0,0,,seed_annual_estimate,,NCDC annual report 2013
6,2013,Bauchi,1,1,0,,seed_annual_estimate,,NCDC annual report 2013
6,2013,Benue,0,0,0,,seed_annual_estimate,,NCDC annual report 2013
6,2013,Cross River,0,0,0,,seed_annual_estimate,,NCDC annual report 2013
6,2013,Delta,0,0,0,,seed_annual_estimate,,NCDC annual report 2013
6,2013,Ebonyi,0,1,0,,seed_annual_estimate,,NCDC annual report 2013
6,2013,Edo,1,3,0,,seed_annual_estimate,,NCDC annual report 2013
6,2013,Enugu,0,0,0,,seed_annual_estimate,,NCDC annual report 2013
6,2013,Imo,0,0,0,,seed_annual_estimate,,NCDC annual report 2013
6,2013,Kogi,0,0,0,,seed_annual_estimate,,NCDC annual report 2013
6,2013,Nasarawa,0,0,0,,seed_annual_estimate,,NCDC annual report 2013
6,2013,Ondo,1,2,0,,seed_annual_estimate,,NCDC annual report 2013
6,2013,Plateau,0,0,0,,seed_annual_estimate,,NCDC annual report 2013
6,2013,Taraba,0,1,0,,seed_annual_estimate,,NCDC annual report 2013
7,2013,Adamawa,0,0,0,,seed_annual_estimate,,NCDC annual report 2013
7,2013,Anambra,0,0,0,,seed_annual_estimate,,NCDC annual report 2013
7,2013,Bauchi,1,1,0,,seed_annual_estimate,,NCDC annual report 2013
7,2013,Benue,0,0,0,,seed_annual_estimate,,NCDC annual report 2013
7,2013,Cross River,0,0,0,,seed_annual_estimate,,NCDC annual report 2013
7,2013,Delta,0,0,0,,seed_annual_estimate,,NCDC annual report 2013
7,2013,Ebonyi,0,1,0,,seed_annual_estimate,,NCDC annual report 2013
7,2013,Edo,1,3,0,,seed_annual_estimate,,NCDC annual report 2013
7,2013,Enugu,0,0,0,,seed_annual_estimate,,NCDC annual report 2013
7,2013,Imo,0,0,0,,seed_annual_estimate,,NCDC annual report 2013
7,2013,Kogi,0,0,0,,seed_annual_estimate,,NCDC annual report 2013
7,2013,Nasarawa,0,0,0,,seed_annual_estimate,,NCDC annual report 2013
7,2013,Ondo,1,2,0,,seed_annual_estimate,,NCDC annual report 2013
7,2013,Plateau,0,0,0,,seed_annual_estimate,,NCDC annual report 2013
7,2013,Taraba,0,1,0,,seed_annual_estimate,,NCDC annual report 2013
8,2013,Adamawa,0,0,0,,seed_annual_estimate,,NCDC annual report 2013
8,2013,Anambra,0,0,0,,seed_annual_estimate,,NCDC annual report 2013
8,2013,Bauchi,1,1,0,,seed_annual_estimate,,NCDC annual report 2013
8,2013,Benue,0,0,0,,seed_annual_estimate,,NCDC annual report 2013
8,2013,Cross River,0,0,0,,seed_annual_estimate,,NCDC annual report 2013
8,2013,Delta,0,0,0,,seed_annual_estimate,,NCDC annual report 2013
8,2013,Ebonyi,0,1,0,,seed_annual_estimate,,NCDC annual report 2013
8,2013,Edo,1,3,0,,seed_annual_estimate,,NCDC annual report 2013
8,2013,Enugu,0,0,0,,seed_annual_estimate,,NCDC annual report 2013
8,2013,Imo,0,0,0,,seed_annual_estimate,,NCDC annual report 2013
8,2013,Kogi,0,0,0,,seed_annual_estimate,,NCDC annual report 2013
8,2013,Nasarawa,0,0,0,,seed_annual_estimate,,NCDC annual report 2013
8,2013,Ondo,1,2,0,,seed_annual_estimate,,NCDC annual report 2013
8,2013,Plateau,0,0,0,,seed_annual_estimate,,NCDC annual report 2013
8,2013,Taraba,0,1,0,,seed_annual_estimate,,NCDC annual report 2013
9,2013,Adamawa,0,0,0,,seed_annual_estimate,,NCDC annual report 2013
9,2013,Anambra,0,0,0,,seed_annual_estimate,,NCDC annual report 2013
9,2013,Bauchi,1,1,0,,seed_annual_estimate,,NCDC annual report 2013
9,2013,Benue,0,0,0,,seed_annual_estimate,,NCDC annual report 2013
9,2013,Cross River,0,0,0,,seed_annual_estimate,,NCDC annual report 2013
9,2013,Delta,0,0,0,,seed_annual_estimate,,NCDC annual report 2013
9,2013,Ebonyi,0,1,0,,seed_annual_estimate,,NCDC annual report 2013
9,2013,Edo,1,3,0,,seed_annual_estimate,,NCDC annual report 2013
9,2013,Enugu,0,0,0,,seed_annual_estimate,,NCDC annual report 2013
9,2013,Imo,0,0,0,,seed_annual_estimate,,NCDC annual report 2013
9,2013,Kogi,0,0,0,,seed_annual_estimate,,NCDC annual report 2013
9,2013,Nasarawa,0,0,0,,seed_annual_estimate,,NCDC annual report 2013
9,2013,Ondo,1,2,0,,seed_annual_estimate,,NCDC annual report 2013
9,2013,Plateau,0,0,0,,seed_annual_estimate,,NCDC annual report 2013
9,2013,Taraba,0,1,0,,seed_annual_estimate,,NCDC annual report 2013
10,2013,Adamawa,0,0,0,,seed_annual_estimate,,NCDC annual report 2013
10,2013,Anambra,0,0,0,,seed_annual_estimate,,NCDC annual report 2013
10,2013,Bauchi,1,1,0,,seed_annual_estimate,,NCDC annual report 2013
10,2013,Benue,0,0,0,,seed_annual_estimate,,NCDC annual report 2013
10,2013,Cross River,0,0,0,,seed_annual_estimate,,NCDC annual report 2013
10,2013,Delta,0,0,0,,seed_annual_estimate,,NCDC annual report 2013
10,2013,Ebonyi,0,1,0,,seed_annual_estimate,,NCDC annual report 2013
10,2013,Edo,1,3,0,,seed_annual_estimate,,NCDC annual report 2013
10,2013,Enugu,0,0,0,,seed_annual_estimate,,NCDC annual report 2013
10,2013,Imo,0,0,0,,seed_annual_estimate,,NCDC annual report 2013
10,2013,Kogi,0,0,0,,seed_annual_estimate,,NCDC annual report 2013
10,2013,Nasarawa,0,0,0,,seed_annual_estimate,,NCDC annual report 2013
10,2013,Ondo,1,2,0,,seed_annual_estimate,,NCDC annual report 2013
10,2013,Plateau,0,0,0,,seed_annual_estimate,,NCDC annual report 2013
10,2013,Taraba,0,1,0,,seed_annual_estimate,,NCDC annual report 2013
11,2013,Adamawa,0,0,0,,seed_annual_estimate,,NCDC annual report 2013
11,2013,Anambra,0,0,0,,seed_annual_estimate,,NCDC annual report 2013
11,2013,Bauchi,1,1,0,,seed_annual_estimate,,NCDC annual report 2013
11,2013,Benue,0,0,0,,seed_annual_estimate,,NCDC annual report 2013
11,2013,Cross River,0,0,0,,seed_annual_estimate,,NCDC annual report 2013
11,2013,Delta,0,0,0,,seed_annual_estimate,,NCDC annual report 2013
11,2013,Ebonyi,0,1,0,,seed_annual_estimate,,NCDC annual report 2013
11,2013,Edo,1,3,0,,seed_annual_estimate,,NCDC annual report 2013
11,2013,Enugu,0,0,0,,seed_annual_estimate,,NCDC annual report 2013
11,2013,Imo,0,0,0,,seed_annual_estimate,,NCDC annual report 2013
11,2013,Kogi,0,0,0,,seed_annual_estimate,,NCDC annual report 2013
11,2013,Nasarawa,0,0,0,,seed_annual_estimate,,NCDC annual report 2013
11,2013,Ondo,1,2,0,,seed_annual_estimate,,NCDC annual report 2013
11,2013,Plateau,0,0,0,,seed_annual_estimate,,NCDC annual report 2013
11,2013,Taraba,0,1,0,,seed_annual_estimate,,NCDC annual report 2013
12,2013,Adamawa,0,0,0,,seed_annual_estimate,,NCDC annual report 2013
12,2013,Anambra,0,0,0,,seed_annual_estimate,,NCDC annual report 2013
12,2013,Bauchi,1,1,0,,seed_annual_estimate,,NCDC annual report 2013
12,2013,Benue,0,0,0,,seed_annual_estimate,,NCDC annual report 2013
12,2013,Cross River,0,0,0,,seed_annual_estimate,,NCDC annual report 2013
12,2013,Delta,0,0,0,,seed_annual_estimate,,NCDC annual report 2013
12,2013,Ebonyi,0,1,0,,seed_annual_estimate,,NCDC annual report 2013
12,2013,Edo,1,3,0,,seed_annual_estimate,,NCDC annual report 2013
12,2013,Enugu,0,0,0,,seed_annual_estimate,,NCDC annual report 2013
12,2013,Imo,0,0,0,,seed_annual_estimate,,NCDC annual report 2013
12,2013,Kogi,0,0,0,,seed_annual_estimate,,NCDC annual report 2013
12,2013,Nasarawa,0,0,0,,seed_annual_estimate,,NCDC annual report 2013
12,2013,Ondo,1,2,0,,seed_annual_estimate,,NCDC annual report 2013
12,2013,Plateau,0,0,0,,seed_annual_estimate,,NCDC annual report 2013
12,2013,Taraba,0,1,0,,seed_annual_estimate,,NCDC annual report 2013
13,2013,Adamawa,0,0,0,,seed_annual_estimate,,NCDC annual report 2013
13,2013,Anambra,0,0,0,,seed_annual_estimate,,NCDC annual report 2013
13,2013,Bauchi,1,1,0,,seed_annual_estimate,,NCDC annual report 2013
13,2013,Benue,0,0,0,,seed_annual_estimate,,NCDC annual report 2013
13,2013,Cross River,0,0,0,,seed_annual_estimate,,NCDC annual report 2013
13,2013,Delta,0,0,0,,seed_annual_estimate,,NCDC annual report 2013
13,2013,Ebonyi,0,1,0,,seed_annual_estimate,,NCDC annual report 2013
13,2013,Edo,1,3,0,,seed_annual_estimate,,NCDC annual report 2013
13,2013,Enugu,0,0,0,,seed_annual_estimate,,NCDC annual report 2013
13,2013,Imo,0,0,0,,seed_annual_estimate,,NCDC annual report 2013
13,2013,Kogi,0,0,0,,seed_annual_estimate,,NCDC annual report 2013
13,2013,Nasarawa,0,0,0,,seed_annual_estimate,,NCDC annual report 2013
13,2013,Ondo,1,2,0,,seed_annual_estimate,,NCDC annual report 2013
13,2013,Plateau,0,0,0,,seed_annual_estimate,,NCDC annual report 2013
13,2013,Taraba,0,1,0,,seed_annual_estimate,,NCDC annual report 2013
14,2013,Adamawa,0,0,0,,seed_annual_estimate,,NCDC annual report 2013
14,2013,Anambra,0,0,0,,seed_annual_estimate,,NCDC annual report 2013
14,2013,Bauchi,1,1,0,,seed_annual_estimate,,NCDC annual report 2013
14,2013,Benue,0,0,0,,seed_annual_estimate,,NCDC annual report 2013
14,2013,Cross River,0,0,0,,seed_annual_estimate,,NCDC annual report 2013
14,2013,Delta,0,0,0,,seed_annual_estimate,,NCDC annual report 2013
14,2013,Ebonyi,0,1,0,,seed_annual_estimate,,NCDC annual report 2013
14,2013,Edo,1,3,0,,seed_annual_estimate,,NCDC annual report 2013
14,2013,Enugu,0,0,0,,seed_annual_estimate,,NCDC annual report 2013
14,2013,Imo,0,0,0,,seed_annual_estimate,,NCDC annual report 2013
14,2013,Kogi,0,0,0,,seed_annual_estimate,,NCDC annual report 2013
14,2013,Nasarawa,0,0,0,,seed_annual_estimate,,NCDC annual report 2013
14,2013,Ondo,1,2,0,,seed_annual_estimate,,NCDC annual report 2013
14,2013,Plateau,0,0,0,,seed_annual_estimate,,NCDC annual report 2013
14,2013,Taraba,0,1,0,,seed_annual_estimate,,NCDC annual report 2013
15,2013,Adamawa,0,0,0,,seed_annual_estimate,,NCDC annual report 2013
15,2013,Anambra,0,0,0,,seed_annual_estimate,,NCDC annual report 2013
15,2013,Bauchi,1,1,0,,seed_annual_estimate,,NCDC annual report 2013
15,2013,Benue,0,0,0,,seed_annual_estimate,,NCDC annual report 2013
15,2013,Cross River,0,0,0,,seed_annual_estimate,,NCDC annual report 2013
15,2013,Delta,0,0,0,,seed_annual_estimate,,NCDC annual report 2013
15,2013,Ebonyi,0,1,0,,seed_annual_estimate,,NCDC annual report 2013
15,2013,Edo,1,3,0,,seed_annual_estimate,,NCDC annual report 2013
15,2013,Enugu,0,0,0,,seed_annual_estimate,,NCDC annual report 2013
15,2013,Imo,0,0,0,,seed_annual_estimate,,NCDC annual report 2013
15,2013,Kogi,0,0,0,,seed_annual_estimate,,NCDC annual report 2013
15,2013,Nasarawa,0,0,0,,seed_annual_estimate,,NCDC annual report 2013
15,2013,Ondo,1,2,0,,seed_annual_estimate,,NCDC annual report 2013
15,2013,Plateau,0,0,0,,seed_annual_estimate,,NCDC annual report 2013
15,2013,Taraba,0,1,0,,seed_annual_estimate,,NCDC annual report 2013
16,2013,Adamawa,0,0,0,,seed_annual_estimate,,NCDC annual report 2013
16,2013,Anambra,0,0,0,,seed_annual_estimate,,NCDC annual report 2013
16,2013,Bauchi,1,1,0,,seed_annual_estimate,,NCDC annual report 2013
16,2013,Benue,0,0,0,,seed_annual_estimate,,NCDC annual report 2013
16,2013,Cross River,0,0,0,,seed_annual_estimate,,NCDC annual report 2013
16,2013,Delta,0,0,0,,seed_annual_estimate,,NCDC annual report 2013
16,2013,Ebonyi,0,1,0,,seed_annual_estimate,,NCDC annual report 2013
16,2013,Edo,1,3,0,,seed_annual_estimate,,NCDC annual report 2013
16,2013,Enugu,0,0,0,,seed_annual_estimate,,NCDC annual report 2013
16,2013,Imo,0,0,0,,seed_annual_estimate,,NCDC annual report 2013
16,2013,Kogi,0,0,0,,seed_annual_estimate,,NCDC annual report 2013
16,2013,Nasarawa,0,0,0,,seed_annual_estimate,,NCDC annual report 2013
16,2013,Ondo,1,2,0,,seed_annual_estimate,,NCDC annual report 2013
16,2013,Plateau,0,0,0,,seed_annual_estimate,,NCDC annual report 2013
16,2013,Taraba,0,1,0,,seed_annual_estimate,,NCDC annual report 2013
17,2013,Adamawa,0,0,0,,seed_annual_estimate,,NCDC annual report 2013
17,2013,Anambra,0,0,0,,seed_annual_estimate,,NCDC annual report 2013
17,2013,Bauchi,1,1,0,,seed_annual_estimate,,NCDC annual report 2013
17,2013,Benue,0,0,0,,seed_annual_estimate,,NCDC annual report 2013
17,2013,Cross River,0,0,0,,seed_annual_estimate,,NCDC annual report 2013
17,2013,Delta,0,0,0,,seed_annual_estimate,,NCDC annual report 2013
17,2013,Ebonyi,0,1,0,,seed_annual_estimate,,NCDC annual report 2013
17,2013,Edo,1,3,0,,seed_annual_estimate,,NCDC annual report 2013
17,2013,Enugu,0,0,0,,seed_annual_estimate,,NCDC annual report 2013
17,2013,Imo,0,0,0,,seed_annual_estimate,,NCDC annual report 2013
17,2013,Kogi,0,0,0,,seed_annual_estimate,,NCDC annual report 2013
17,2013,Nasarawa,0,0,0,,seed_annual_estimate,,NCDC annual report 2013
17,2013,Ondo,1,2,0,,seed_annual_estimate,,NCDC annual report 2013
17,2013,Plateau,0,0,0,,seed_annual_estimate,,NCDC annual report 2013
17,2013,Taraba,0,1,0,,seed_annual_estimate,,NCDC annual report 2013
18,2013,Adamawa,0,0,0,,seed_annual_estimate,,NCDC annual report 2013
18,2013,Anambra,0,1,0,,seed_annual_estimate,,NCDC annual report 2013
18,2013,Bauchi,1,2,0,,seed_annual_estimate,,NCDC annual report 2013
18,2013,Benue,0,1,0,,seed_annual_estimate,,NCDC annual report 2013
18,2013,Cross River,0,0,0,,seed_annual_estimate,,NCDC annual report 2013
18,2013,Delta,0,1,0,,seed_annual_estimate,,NCDC annual report 2013
18,2013,Ebonyi,1,2,0,,seed_annual_estimate,,NCDC annual report 2013
18,2013,Edo,3,6,0,,seed_annual_estimate,,NCDC annual report 2013
18,2013,Enugu,0,0,0,,seed_annual_estimate,,NCDC annual report 2013
18,2013,Imo,0,0,0,,seed_annual_estimate,,NCDC annual report 2013
18,2013,Kogi,0,1,0,,seed_annual_estimate,,NCDC annual report 2013
18,2013,Nasarawa,0,1,0,,seed_annual_estimate,,NCDC annual report 2013
18,2013,Ondo,2,4,0,,seed_annual_estimate,,NCDC annual report 2013
18,2013,Plateau,0,0,0,,seed_annual_estimate,,NCDC annual report 2013
18,2013,Taraba,1,2,0,,seed_annual_estimate,,NCDC annual report 2013
19,2013,Adamawa,0,0,0,,seed_annual_estimate,,NCDC annual report 2013
19,2013,Anambra,0,1,0,,seed_annual_estimate,,NCDC annual report 2013
19,2013,Bauchi,1,2,0,,seed_annual_estimate,,NCDC annual report 2013
19,2013,Benue,0,1,0,,seed_annual_estimate,,NCDC annual report 2013
19,2013,Cross River,0,0,0,,seed_annual_estimate,,NCDC annual report 2013
19,2013,Delta,0,1,0,,seed_annual_estimate,,NCDC annual report 2013
19,2013,Ebonyi,1,2,0,,seed_annual_estimate,,NCDC annual report 2013
19,2013,Edo,3,6,0,,seed_annual_estimate,,NCDC annual report 2013
19,2013,Enugu,0,0,0,,seed_annual_estimate,,NCDC annual report 2013
19,2013,Imo,0,0,0,,seed_annual_estimate,,NCDC annual report 2013
19,2013,Kogi,0,1,0,,seed_annual_estimate,,NCDC annual report 2013
19,2013,Nasarawa,0,1,0,,seed_annual_estimate,,NCDC annual report 2013
19,2013,Ondo,2,4,0,,seed_annual_estimate,,NCDC annual report 2013
19,2013,Plateau,0,0,0,,seed_annual_estimate,,NCDC annual report 2013
19,2013,Taraba,1,2,0,,seed_annual_estimate,,NCDC annual report 2013
20,2013,Adamawa,0,0,0,,seed_annual_estimate,,NCDC annual report 2013
20,2013,Anambra,0,1,0,,seed_annual_estimate,,NCDC annual report 2013
20,2013,Bauchi,1,2,0,,seed_annual_estimate,,NCDC annual report 2013
20,2013,Benue,0,1,0,,seed_annual_estimate,,NCDC annual report 2013
20,2013,Cross River,0,0,0,,seed_annual_estimate,,NCDC annual report 2013
20,2013,Delta,0,1,0,,seed_annual_estimate,,NCDC annual report 2013
20,2013,Ebonyi,1,2,0,,seed_annual_estimate,,NCDC annual report 2013
20,2013,Edo,3,6,0,,seed_annual_estimate,,NCDC annual report 2013
20,2013,Enugu,0,0,0,,seed_annual_estimate,,NCDC annual report 2013
20,2013,Imo,0,0,0,,seed_annual_estimate,,NCDC annual report 2013
20,2013,Kogi,0,1,0,,seed_annual_estimate,,NCDC annual report 2013
20,2013,Nasarawa,0,1,0,,seed_annual_estimate,,NCDC annual report 2013
20,2013,Ondo,2,4,0,,seed_annual_estimate,,NCDC annual report 2013
20,2013,Plateau,0,0,0,,seed_annual_estimate,,NCDC annual report 2013
20,2013,Taraba,1,2,0,,seed_annual_estimate,,NCDC annual report 2013
21,2013,Adamawa,0,0,0,,seed_annual_estimate,,NCDC annual report 2013
21,2013,Anambra,0,1,0,,seed_annual_estimate,,NCDC annual report 2013
21,2013,Bauchi,1,2,0,,seed_annual_estimate,,NCDC annual report 2013
21,2013,Benue,0,1,0,,seed_annual_estimate,,NCDC annual report 2013
21,2013,Cross River,0,0,0,,seed_annual_estimate,,NCDC annual report 2013
21,2013,Delta,0,1,0,,seed_annual_estimate,,NCDC annual report 2013
21,2013,Ebonyi,1,2,0,,seed_annual_estimate,,NCDC annual report 2013
21,2013,Edo,3,6,0,,seed_annual_estimate,,NCDC annual report 2013
21,2013,Enugu,0,0,0,,seed_annual_estimate,,NCDC annual report 2013
21,2013,Imo,0,0,0,,seed_annual_estimate,,NCDC annual report 2013
21,2013,Kogi,0,1,0,,seed_annual_estimate,,NCDC annual report 2013
21,2013,Nasarawa,0,1,0,,seed_annual_estimate,,NCDC annual report 2013
21,2013,Ondo,2,4,0,,seed_annual_estimate,,NCDC annual report 2013
21,2013,Plateau,0,0,0,,seed_annual_estimate,,NCDC annual report 2013
21,2013,Taraba,1,2,0,,seed_annual_estimate,,NCDC annual report 2013
22,2013,Adamawa,0,0,0,,seed_annual_estimate,,NCDC annual report 2013
22,2013,Anambra,0,1,0,,seed_annual_estimate,,NCDC annual report 2013
22,2013,Bauchi,1,2,0,,seed_annual_estimate,,NCDC annual report 2013
22,2013,Benue,0,1,0,,seed_annual_estimate,,NCDC annual report 2013
22,2013,Cross River,0,0,0,,seed_annual_estimate,,NCDC annual report 2013
22,2013,Delta,0,1,0,,seed_annual_estimate,,NCDC annual report 2013
22,2013,Ebonyi,1,2,0,,seed_annual_estimate,,NCDC annual report 2013
22,2013,Edo,3,6,0,,seed_annual_estimate,,NCDC annual report 2013
22,2013,Enugu,0,0,0,,seed_annual_estimate,,NCDC annual report 2013
22,2013,Imo,0,0,0,,seed_annual_estimate,,NCDC annual report 2013
22,2013,Kogi,0,1,0,,seed_annual_estimate,,NCDC annual report 2013
22,2013,Nasarawa,0,1,0,,seed_annual_estimate,,NCDC annual report 2013
22,2013,Ondo,2,4,0,,seed_annual_estimate,,NCDC annual report 2013
22,2013,Plateau,0,0,0,,seed_annual_estimate,,NCDC annual report 2013
22,2013,Taraba,1,2,0,,seed_annual_estimate,,NCDC annual report 2013
23,2013,Adamawa,0,0,0,,seed_annual_estimate,,NCDC annual report 2013
23,2013,Anambra,0,1,0,,seed_annual_estimate,,NCDC annual report 2013
23,2013,Bauchi,1,2,0,,seed_annual_estimate,,NCDC annual report 2013
23,2013,Benue,0,1,0,,seed_annual_estimate,,NCDC annual report 2013
23,2013,Cross River,0,0,0,,seed_annual_estimate,,NCDC annual report 2013
23,2013,Delta,0,1,0,,seed_annual_estimate,,NCDC annual report 2013
23,2013,Ebonyi,1,2,0,,seed_annual_estimate,,NCDC annual report 2013
23,2013,Edo,3,6,0,,seed_annual_estimate,,NCDC annual report 2013
23,2013,Enugu,0,0,0,,seed_annual_estimate,,NCDC annual report 2013
23,2013,Imo,0,0,0,,seed_annual_estimate,,NCDC annual report 2013
23,2013,Kogi,0,1,0,,seed_annual_estimate,,NCDC annual report 2013
23,2013,Nasarawa,0,1,0,,seed_annual_estimate,,NCDC annual report 2013
23,2013,Ondo,2,4,0,,seed_annual_estimate,,NCDC annual report 2013
23,2013,Plateau,0,0,0,,seed_annual_estimate,,NCDC annual report 2013
23,2013,Taraba,1,2,0,,seed_annual_estimate,,NCDC annual report 2013
24,2013,Adamawa,0,0,0,,seed_annual_estimate,,NCDC annual report 2013
24,2013,Anambra,0,1,0,,seed_annual_estimate,,NCDC annual report 2013
24,2013,Bauchi,1,2,0,,seed_annual_estimate,,NCDC annual report 2013
24,2013,Benue,0,1,0,,seed_annual_estimate,,NCDC annual report 2013
24,2013,Cross River,0,0,0,,seed_annual_estimate,,NCDC annual report 2013
24,2013,Delta,0,1,0,,seed_annual_estimate,,NCDC annual report 2013
24,2013,Ebonyi,1,2,0,,seed_annual_estimate,,NCDC annual report 2013
24,2013,Edo,3,6,0,,seed_annual_estimate,,NCDC annual report 2013
24,2013,Enugu,0,0,0,,seed_annual_estimate,,NCDC annual report 2013
24,2013,Imo,0,0,0,,seed_annual_estimate,,NCDC annual report 2013
24,2013,Kogi,0,1,0,,seed_annual_estimate,,NCDC annual report 2013
24,2013,Nasarawa,0,1,0,,seed_annual_estimate,,NCDC annual report 2013
24,2013,Ondo,2,4,0,,seed_annual_estimate,,NCDC annual report 2013
24,2013,Plateau,0,0,0,,seed_annual_estimate,,NCDC annual report 2013
24,2013,Taraba,1,2,0,,seed_annual_estimate,,NCDC annual report 2013
25,2013,Adamawa,0,0,0,,seed_annual_estimate,,NCDC annual report 2013
25,2013,Anambra,0,1,0,,seed_annual_estimate,,NCDC annual report 2013
25,2013,Bauchi,1,2,0,,seed_annual_estimate,,NCDC annual report 2013
25,2013,Benue,0,1,0,,seed_annual_estimate,,NCDC annual report 2013
25,2013,Cross River,0,0,0,,seed_annual_estimate,,NCDC annual report 2013
25,2013,Delta,0,1,0,,seed_annual_estimate,,NCDC annual report 2013
25,2013,Ebonyi,1,2,0,,seed_annual_estimate,,NCDC annual report 2013
25,2013,Edo,3,6,0,,seed_annual_estimate,,NCDC annual report 2013
25,2013,Enugu,0,0,0,,seed_annual_estimate,,NCDC annual report 2013
25,2013,Imo,0,0,0,,seed_annual_estimate,,NCDC annual report 2013
25,2013,Kogi,0,1,0,,seed_annual_estimate,,NCDC annual report 2013
25,2013,Nasarawa,0,1,0,,seed_annual_estimate,,NCDC annual report 2013
25,2013,Ondo,2,4,0,,seed_annual_estimate,,NCDC annual report 2013
25,2013,Plateau,0,0,0,,seed_annual_estimate,,NCDC annual report 2013
25,2013,Taraba,1,2,0,,seed_annual_estimate,,NCDC annual report 2013
26,2013,Adamawa,0,0,0,,seed_annual_estimate,,NCDC annual report 2013
26,2013,Anambra,0,1,0,,seed_annual_estimate,,NCDC annual report 2013
26,2013,Bauchi,1,2,0,,seed_annual_estimate,,NCDC annual report 2013
26,2013,Benue,0,1,0,,seed_annual_estimate,,NCDC annual report 2013
26,2013,Cross River,0,0,0,,seed_annual_estimate,,NCDC annual report 2013
26,2013,Delta,0,1,0,,seed_annual_estimate,,NCDC annual report 2013
26,2013,Ebonyi,1,2,0,,seed_annual_estimate,,NCDC annual report 2013
26,2013,Edo,3,6,0,,seed_annual_estimate,,NCDC annual report 2013
26,2013,Enugu,0,0,0,,seed_annual_estimate,,NCDC annual report 2013
26,2013,Imo,0,0,0,,seed_annual_estimate,,NCDC annual report 2013
26,2013,Kogi,0,1,0,,seed_annual_estimate,,NCDC annual report 2013
26,2013,Nasarawa,0,1,0,,seed_annual_estimate,,NCDC annual report 2013
26,2013,Ondo,2,4,0,,seed_annual_estimate,,NCDC annual report 2013
26,2013,Plateau,0,0,0,,seed_annual_estimate,,NCDC annual report 2013
26,2013,Taraba,1,2,0,,seed_annual_estimate,,NCDC annual report 2013
27,2013,Adamawa,0,0,0,,seed_annual_estimate,,NCDC annual report 2013
27,2013,Anambra,0,1,0,,seed_annual_estimate,,NCDC annual report 2013
27,2013,Bauchi,1,2,0,,seed_annual_estimate,,NCDC annual report 2013
27,2013,Benue,0,1,0,,seed_annual_estimate,,NCDC annual report 2013
27,2013,Cross River,0,0,0,,seed_annual_estimate,,NCDC annual report 2013
27,2013,Delta,0,1,0,,seed_annual_estimate,,NCDC annual report 2013
27,2013,Ebonyi,1,2,0,,seed_annual_estimate,,NCDC annual report 2013
27,2013,Edo,3,6,0,,seed_annual_estimate,,NCDC annual report 2013
27,2013,Enugu,0,0,0,,seed_annual_estimate,,NCDC annual report 2013
27,2013,Imo,0,0,0,,seed_annual_estimate,,NCDC annual report 2013
27,2013,Kogi,0,1,0,,seed_annual_estimate,,NCDC annual report 2013
27,2013,Nasarawa,0,1,0,,seed_annual_estimate,,NCDC annual report 2013
27,2013,Ondo,2,4,0,,seed_annual_estimate,,NCDC annual report 2013
27,2013,Plateau,0,0,0,,seed_annual_estimate,,NCDC annual report 2013
27,2013,Taraba,1,2,0,,seed_annual_estimate,,NCDC annual report 2013
28,2013,Adamawa,0,0,0,,seed_annual_estimate,,NCDC annual report 2013
28,2013,Anambra,0,1,0,,seed_annual_estimate,,NCDC annual report 2013
28,2013,Bauchi,1,2,0,,seed_annual_estimate,,NCDC annual report 2013
28,2013,Benue,0,1,0,,seed_annual_estimate,,NCDC annual report 2013
28,2013,Cross River,0,0,0,,seed_annual_estimate,,NCDC annual report 2013
28,2013,Delta,0,1,0,,seed_annual_estimate,,NCDC annual report 2013
28,2013,Ebonyi,1,2,0,,seed_annual_estimate,,NCDC annual report 2013
28,2013,Edo,3,6,0,,seed_annual_estimate,,NCDC annual report 2013
28,2013,Enugu,0,0,0,,seed_annual_estimate,,NCDC annual report 2013
28,2013,Imo,0,0,0,,seed_annual_estimate,,NCDC annual report 2013
28,2013,Kogi,0,1,0,,seed_annual_estimate,,NCDC annual report 2013
28,2013,Nasarawa,0,1,0,,seed_annual_estimate,,NCDC annual report 2013
28,2013,Ondo,2,4,0,,seed_annual_estimate,,NCDC annual report 2013
28,2013,Plateau,0,0,0,,seed_annual_estimate,,NCDC annual report 2013
28,2013,Taraba,1,2,0,,seed_annual_estimate,,NCDC annual report 2013
29,2013,Adamawa,0,0,0,,seed_annual_estimate,,NCDC annual report 2013
29,2013,Anambra,0,1,0,,seed_annual_estimate,,NCDC annual report 2013
29,2013,Bauchi,1,2,0,,seed_annual_estimate,,NCDC annual report 2013
29,2013,Benue,0,1,0,,seed_annual_estimate,,NCDC annual report 2013
29,2013,Cross River,0,0,0,,seed_annual_estimate,,NCDC annual report 2013
29,2013,Delta,0,1,0,,seed_annual_estimate,,NCDC annual report 2013
29,2013,Ebonyi,1,2,0,,seed_annual_estimate,,NCDC annual report 2013
29,2013,Edo,3,6,0,,seed_annual_estimate,,NCDC annual report 2013
29,2013,Enugu,0,0,0,,seed_annual_estimate,,NCDC annual report 2013
29,2013,Imo,0,0,0,,seed_annual_estimate,,NCDC annual report 2013
29,2013,Kogi,0,1,0,,seed_annual_estimate,,NCDC annual report 2013
29,2013,Nasarawa,0,1,0,,seed_annual_estimate,,NCDC annual report 2013
29,2013,Ondo,2,4,0,,seed_annual_estimate,,NCDC annual report 2013
29,2013,Plateau,0,0,0,,seed_annual_estimate,,NCDC annual report 2013
29,2013,Taraba,1,2,0,,seed_annual_estimate,,NCDC annual report 2013
30,2013,Adamawa,0,0,0,,seed_annual_estimate,,NCDC annual report 2013
30,2013,Anambra,0,1,0,,seed_annual_estimate,,NCDC annual report 2013
30,2013,Bauchi,1,2,0,,seed_annual_estimate,,NCDC annual report 2013
30,2013,Benue,0,1,0,,seed_annual_estimate,,NCDC annual report 2013
30,2013,Cross River,0,0,0,,seed_annual_estimate,,NCDC annual report 2013
30,2013,Delta,0,1,0,,seed_annual_estimate,,NCDC annual report 2013
30,2013,Ebonyi,1,2,0,,seed_annual_estimate,,NCDC annual report 2013
30,2013,Edo,3,6,0,,seed_annual_estimate,,NCDC annual report 2013
30,2013,Enugu,0,0,0,,seed_annual_estimate,,NCDC annual report 2013
30,2013,Imo,0,0,0,,seed_annual_estimate,,NCDC annual report 2013
30,2013,Kogi,0,1,0,,seed_annual_estimate,,NCDC annual report 2013
30,2013,Nasarawa,0,1,0,,seed_annual_estimate,,NCDC annual report 2013
30,2013,Ondo,2,4,0,,seed_annual_estimate,,NCDC annual report 2013
30,2013,Plateau,0,0,0,,seed_annual_estimate,,NCDC annual report 2013
30,2013,Taraba,1,2,0,,seed_annual_estimate,,NCDC annual report 2013
31,2013,Adamawa,0,0,0,,seed_annual_estimate,,NCDC annual report 2013
31,2013,Anambra,0,1,0,,seed_annual_estimate,,NCDC annual report 2013
31,2013,Bauchi,1,2,0,,seed_annual_estimate,,NCDC annual report 2013
31,2013,Benue,0,1,0,,seed_annual_estimate,,NCDC annual report 2013
31,2013,Cross River,0,0,0,,seed_annual_estimate,,NCDC annual report 2013
31,2013,Delta,0,1,0,,seed_annual_estimate,,NCDC annual report 2013
31,2013,Ebonyi,1,2,0,,seed_annual_estimate,,NCDC annual report 2013
31,2013,Edo,3,6,0,,seed_annual_estimate,,NCDC annual report 2013
31,2013,Enugu,0,0,0,,seed_annual_estimate,,NCDC annual report 2013
31,2013,Imo,0,0,0,,seed_annual_estimate,,NCDC annual report 2013
31,2013,Kogi,0,1,0,,seed_annual_estimate,,NCDC annual report 2013
31,2013,Nasarawa,0,1,0,,seed_annual_estimate,,NCDC annual report 2013
31,2013,Ondo,2,4,0,,seed_annual_estimate,,NCDC annual report 2013
31,2013,Plateau,0,0,0,,seed_annual_estimate,,NCDC annual report 2013
31,2013,Taraba,1,2,0,,seed_annual_estimate,,NCDC annual report 2013
32,2013,Adamawa,0,0,0,,seed_annual_estimate,,NCDC annual report 2013
32,2013,Anambra,0,1,0,,seed_annual_estimate,,NCDC annual report 2013
32,2013,Bauchi,1,2,0,,seed_annual_estimate,,NCDC annual report 2013
32,2013,Benue,0,1,0,,seed_annual_estimate,,NCDC annual report 2013
32,2013,Cross River,0,0,0,,seed_annual_estimate,,NCDC annual report 2013
32,2013,Delta,0,1,0,,seed_annual_estimate,,NCDC annual report 2013
32,2013,Ebonyi,1,2,0,,seed_annual_estimate,,NCDC annual report 2013
32,2013,Edo,3,6,0,,seed_annual_estimate,,NCDC annual report 2013
32,2013,Enugu,0,0,0,,seed_annual_estimate,,NCDC annual report 2013
32,2013,Imo,0,0,0,,seed_annual_estimate,,NCDC annual report 2013
32,2013,Kogi,0,1,0,,seed_annual_estimate,,NCDC annual report 2013
32,2013,Nasarawa,0,1,0,,seed_annual_estimate,,NCDC annual report 2013
32,2013,Ondo,2,4,0,,seed_annual_estimate,,NCDC annual report 2013
32,2013,Plateau,0,0,0,,seed_annual_estimate,,NCDC annual report 2013
32,2013,Taraba,1,2,0,,seed_annual_estimate,,NCDC annual report 2013
33,2013,Adamawa,0,0,0,,seed_annual_estimate,,NCDC annual report 2013
33,2013,Anambra,0,1,0,,seed_annual_estimate,,NCDC annual report 2013
33,2013,Bauchi,1,2,0,,seed_annual_estimate,,NCDC annual report 2013
33,2013,Benue,0,1,0,,seed_annual_estimate,,NCDC annual report 2013
33,2013,Cross River,0,0,0,,seed_annual_estimate,,NCDC annual report 2013
33,2013,Delta,0,1,0,,seed_annual_estimate,,NCDC annual report 2013
33,2013,Ebonyi,1,2,0,,seed_annual_estimate,,NCDC annual report 2013
33,2013,Edo,3,6,0,,seed_annual_estimate,,NCDC annual report 2013
33,2013,Enugu,0,0,0,,seed_annual_estimate,,NCDC annual report 2013
33,2013,Imo,0,0,0,,seed_annual_estimate,,NCDC annual report 2013
33,2013,Kogi,0,1,0,,seed_annual_estimate,,NCDC annual report 2013
33,2013,Nasarawa,0,1,0,,seed_annual_estimate,,NCDC annual report 2013
33,2013,Ondo,2,4,0,,seed_annual_estimate,,NCDC annual report 2013
33,2013,Plateau,0,0,0,,seed_annual_estimate,,NCDC annual report 2013
33,2013,Taraba,1,2,0,,seed_annual_estimate,,NCDC annual report 2013
34,2013,Adamawa,0,0,0,,seed_annual_estimate,,NCDC annual report 2013
34,2013,Anambra,0,1,0,,seed_annual_estimate,,NCDC annual report 2013
34,2013,Bauchi,1,2,0,,seed_annual_estimate,,NCDC annual report 2013
34,2013,Benue,0,1,0,,seed_annual_estimate,,NCDC annual report 2013
34,2013,Cross River,0,0,0,,seed_annual_estimate,,NCDC annual report 2013
34,2013,Delta,0,1,0,,seed_annual_estimate,,NCDC annual report 2013
34,2013,Ebonyi,1,2,0,,seed_annual_estimate,,NCDC annual report 2013
34,2013,Edo,3,6,0,,seed_annual_estimate,,NCDC annual report 2013
34,2013,Enugu,0,0,0,,seed_annual_estimate,,NCDC annual report 2013
34,2013,Imo,0,0,0,,seed_annual_estimate,,NCDC annual report 2013
34,2013,Kogi,0,1,0,,seed_annual_estimate,,NCDC annual report 2013
34,2013,Nasarawa,0,1,0,,seed_annual_estimate,,NCDC annual report 2013
34,2013,Ondo,2,4,0,,seed_annual_estimate,,NCDC annual report 2013
34,2013,Plateau,0,0,0,,seed_annual_estimate,,NCDC annual report 2013
34,2013,Taraba,1,2,0,,seed_annual_estimate,,NCDC annual report 2013
35,2013,Adamawa,0,0,0,,seed_annual_estimate,,NCDC annual report 2013
35,2013,Anambra,0,1,0,,seed_annual_estimate,,NCDC annual report 2013
35,2013,Bauchi,1,2,0,,seed_annual_estimate,,NCDC annual report 2013
35,2013,Benue,0,1,0,,seed_annual_estimate,,NCDC annual report 2013
35,2013,Cross River,0,0,0,,seed_annual_estimate,,NCDC annual report 2013
35,2013,Delta,0,1,0,,seed_annual_estimate,,NCDC annual report 2013
35,2013,Ebonyi,1,2,0,,seed_annual_estimate,,NCDC annual report 2013
35,2013,Edo,3,6,0,,seed_annual_estimate,,NCDC annual report 2013
35,2013,Enugu,0,0,0,,seed_annual_estimate,,NCDC annual report 2013
35,2013,Imo,0,0,0,,seed_annual_estimate,,NCDC annual report 2013
35,2013,Kogi,0,1,0,,seed_annual_estimate,,NCDC annual report 2013
35,2013,Nasarawa,0,1,0,,seed_annual_estimate,,NCDC annual report 2013
35,2013,Ondo,2,4,0,,seed_annual_estimate,,NCDC annual report 2013
35,2013,Plateau,0,0,0,,seed_annual_estimate,,NCDC annual report 2013
35,2013,Taraba,1,2,0,,seed_annual_estimate,,NCDC annual report 2013
36,2013,Adamawa,0,0,0,,seed_annual_estimate,,NCDC annual report 2013
36,2013,Anambra,0,1,0,,seed_annual_estimate,,NCDC annual report 2013
36,2013,Bauchi,1,2,0,,seed_annual_estimate,,NCDC annual report 2013
36,2013,Benue,0,1,0,,seed_annual_estimate,,NCDC annual report 2013
36,2013,Cross River,0,0,0,,seed_annual_estimate,,NCDC annual report 2013
36,2013,Delta,0,1,0,,seed_annual_estimate,,NCDC annual report 2013
36,2013,Ebonyi,1,2,0,,seed_annual_estimate,,NCDC annual report 2013
36,2013,Edo,3,6,0,,seed_annual_estimate,,NCDC annual report 2013
36,2013,Enugu,0,0,0,,seed_annual_estimate,,NCDC annual report 2013
36,2013,Imo,0,0,0,,seed_annual_estimate,,NCDC annual report 2013
36,2013,Kogi,0,1,0,,seed_annual_estimate,,NCDC annual report 2013
36,2013,Nasarawa,0,1,0,,seed_annual_estimate,,NCDC annual report 2013
36,2013,Ondo,2,4,0,,seed_annual_estimate,,NCDC annual report 2013
36,2013,Plateau,0,0,0,,seed_annual_estimate,,NCDC annual report 2013
36,2013,Taraba,1,2,0,,seed_annual_estimate,,NCDC annual report 2013
37,2013,Adamawa,0,0,0,,seed_annual_estimate,,NCDC annual report 2013
37,2013,Anambra,0,1,0,,seed_annual_estimate,,NCDC annual report 2013
37,2013,Bauchi,1,2,0,,seed_annual_estimate,,NCDC annual report 2013
37,2013,Benue,0,1,0,,seed_annual_estimate,,NCDC annual report 2013
37,2013,Cross River,0,0,0,,seed_annual_estimate,,NCDC annual report 2013
37,2013,Delta,0,1,0,,seed_annual_estimate,,NCDC annual report 2013
37,2013,Ebonyi,1,2,0,,seed_annual_estimate,,NCDC annual report 2013
37,2013,Edo,3,6,0,,seed_annual_estimate,,NCDC annual report 2013
37,2013,Enugu,0,0,0,,seed_annual_estimate,,NCDC annual report 2013
37,2013,Imo,0,0,0,,seed_annual_estimate,,NCDC annual report 2013
37,2013,Kogi,0,1,0,,seed_annual_estimate,,NCDC annual report 2013
37,2013,Nasarawa,0,1,0,,seed_annual_estimate,,NCDC annual report 2013
37,2013,Ondo,2,4,0,,seed_annual_estimate,,NCDC annual report 2013
37,2013,Plateau,0,0,0,,seed_annual_estimate,,NCDC annual report 2013
37,2013,Taraba,1,2,0,,seed_annual_estimate,,NCDC annual report 2013
38,2013,Adamawa,0,0,0,,seed_annual_estimate,,NCDC annual report 2013
38,2013,Anambra,0,1,0,,seed_annual_estimate,,NCDC annual report 2013
38,2013,Bauchi,1,2,0,,seed_annual_estimate,,NCDC annual report 2013
38,2013,Benue,0,1,0,,seed_annual_estimate,,NCDC annual report 2013
38,2013,Cross River,0,0,0,,seed_annual_estimate,,NCDC annual report 2013
38,2013,Delta,0,1,0,,seed_annual_estimate,,NCDC annual report 2013
38,2013,Ebonyi,1,2,0,,seed_annual_estimate,,NCDC annual report 2013
38,2013,Edo,3,6,0,,seed_annual_estimate,,NCDC annual report 2013
38,2013,Enugu,0,0,0,,seed_annual_estimate,,NCDC annual report 2013
38,2013,Imo,0,0,0,,seed_annual_estimate,,NCDC annual report 2013
38,2013,Kogi,0,1,0,,seed_annual_estimate,,NCDC annual report 2013
38,2013,Nasarawa,0,1,0,,seed_annual_estimate,,NCDC annual report 2013
38,2013,Ondo,2,4,0,,seed_annual_estimate,,NCDC annual report 2013
38,2013,Plateau,0,0,0,,seed_annual_estimate,,NCDC annual report 2013
38,2013,Taraba,1,2,0,,seed_annual_estimate,,NCDC annual report 2013
39,2013,Adamawa,0,0,0,,seed_annual_estimate,,NCDC annual report 2013
39,2013,Anambra,0,1,0,,seed_annual_estimate,,NCDC annual report 2013
39,2013,Bauchi,1,2,0,,seed_annual_estimate,,NCDC annual report 2013
39,2013,Benue,0,1,0,,seed_annual_estimate,,NCDC annual report 2013
39,2013,Cross River,0,0,0,,seed_annual_estimate,,NCDC annual report 2013
39,2013,Delta,0,1,0,,seed_annual_estimate,,NCDC annual report 2013
39,2013,Ebonyi,1,2,0,,seed_annual_estimate,,NCDC annual report 2013
39,2013,Edo,3,6,0,,seed_annual_estimate,,NCDC annual report 2013
39,2013,Enugu,0,0,0,,seed_annual_estimate,,NCDC annual report 2013
39,2013,Imo,0,0,0,,seed_annual_estimate,,NCDC annual report 2013
39,2013,Kogi,0,1,0,,seed_annual_estimate,,NCDC annual report 2013
39,2013,Nasarawa,0,1,0,,seed_annual_estimate,,NCDC annual report 2013
39,2013,Ondo,2,4,0,,seed_annual_estimate,,NCDC annual report 2013
39,2013,Plateau,0,0,0,,seed_annual_estimate,,NCDC annual report 2013
39,2013,Taraba,1,2,0,,seed_annual_estimate,,NCDC annual report 2013
40,2013,Adamawa,0,0,0,,seed_annual_estimate,,NCDC annual report 2013
40,2013,Anambra,0,1,0,,seed_annual_estimate,,NCDC annual report 2013
40,2013,Bauchi,1,2,0,,seed_annual_estimate,,NCDC annual report 2013
40,2013,Benue,0,1,0,,seed_annual_estimate,,NCDC annual report 2013
40,2013,Cross River,0,0,0,,seed_annual_estimate,,NCDC annual report 2013
40,2013,Delta,0,1,0,,seed_annual_estimate,,NCDC annual report 2013
40,2013,Ebonyi,1,2,0,,seed_annual_estimate,,NCDC annual report 2013
40,2013,Edo,3,6,0,,seed_annual_estimate,,NCDC annual report 2013
40,2013,Enugu,0,0,0,,seed_annual_estimate,,NCDC annual report 2013
40,2013,Imo,0,0,0,,seed_annual_estimate,,NCDC annual report 2013
40,2013,Kogi,0,1,0,,seed_annual_estimate,,NCDC annual report 2013
40,2013,Nasarawa,0,1,0,,seed_annual_estimate,,NCDC annual report 2013
40,2013,Ondo,2,4,0,,seed_annual_estimate,,NCDC annual report 2013
40,2013,Plateau,0,0,0,,seed_annual_estimate,,NCDC annual report 2013
40,2013,Taraba,1,2,0,,seed_annual_estimate,,NCDC annual report 2013
41,2013,Adamawa,0,0,0,,seed_annual_estimate,,NCDC annual report 2013
41,2013,Anambra,0,1,0,,seed_annual_estimate,,NCDC annual report 2013
41,2013,Bauchi,1,2,0,,seed_annual_estimate,,NCDC annual report 2013
41,2013,Benue,0,1,0,,seed_annual_estimate,,NCDC annual report 2013
41,2013,Cross River,0,0,0,,seed_annual_estimate,,NCDC annual report 2013
41,2013,Delta,0,1,0,,seed_annual_estimate,,NCDC annual report 2013
41,2013,Ebonyi,1,2,0,,seed_annual_estimate,,NCDC annual report 2013
41,2013,Edo,3,6,0,,seed_annual_estimate,,NCDC annual report 2013
41,2013,Enugu,0,0,0,,seed_annual_estimate,,NCDC annual report 2013
41,2013,Imo,0,0,0,,seed_annual_estimate,,NCDC annual report 2013
41,2013,Kogi,0,1,0,,seed_annual_estimate,,NCDC annual report 2013
41,2013,Nasarawa,0,1,0,,seed_annual_estimate,,NCDC annual report 2013
41,2013,Ondo,2,4,0,,seed_annual_estimate,,NCDC annual report 2013
41,2013,Plateau,0,0,0,,seed_annual_estimate,,NCDC annual report 2013
41,2013,Taraba,1,2,0,,seed_annual_estimate,,NCDC annual report 2013
42,2013,Adamawa,0,0,0,,seed_annual_estimate,,NCDC annual report 2013
42,2013,Anambra,0,1,0,,seed_annual_estimate,,NCDC annual report 2013
42,2013,Bauchi,1,2,0,,seed_annual_estimate,,NCDC annual report 2013
42,2013,Benue,0,1,0,,seed_annual_estimate,,NCDC annual report 2013
42,2013,Cross River,0,0,0,,seed_annual_estimate,,NCDC annual report 2013
42,2013,Delta,0,1,0,,seed_annual_estimate,,NCDC annual report 2013
42,2013,Ebonyi,1,2,0,,seed_annual_estimate,,NCDC annual report 2013
42,2013,Edo,3,6,0,,seed_annual_estimate,,NCDC annual report 2013
42,2013,Enugu,0,0,0,,seed_annual_estimate,,NCDC annual report 2013
42,2013,Imo,0,0,0,,seed_annual_estimate,,NCDC annual report 2013
42,2013,Kogi,0,1,0,,seed_annual_estimate,,NCDC annual report 2013
42,2013,Nasarawa,0,1,0,,seed_annual_estimate,,NCDC annual report 2013
42,2013,Ondo,2,4,0,,seed_annual_estimate,,NCDC annual report 2013
42,2013,Plateau,0,0,0,,seed_annual_estimate,,NCDC annual report 2013
42,2013,Taraba,1,2,0,,seed_annual_estimate,,NCDC annual report 2013
43,2013,Adamawa,0,0,0,,seed_annual_estimate,,NCDC annual report 2013
43,2013,Anambra,0,1,0,,seed_annual_estimate,,NCDC annual report 2013
43,2013,Bauchi,1,2,0,,seed_annual_estimate,,NCDC annual report 2013
43,2013,Benue,0,1,0,,seed_annual_estimate,,NCDC annual report 2013
43,2013,Cross River,0,0,0,,seed_annual_estimate,,NCDC annual report 2013
43,2013,Delta,0,1,0,,seed_annual_estimate,,NCDC annual report 2013
43,2013,Ebonyi,1,2,0,,seed_annual_estimate,,NCDC annual report 2013
43,2013,Edo,3,6,0,,seed_annual_estimate,,NCDC annual report 2013
43,2013,Enugu,0,0,0,,seed_annual_estimate,,NCDC annual report 2013
43,2013,Imo,0,0,0,,seed_annual_estimate,,NCDC annual report 2013
43,2013,Kogi,0,1,0,,seed_annual_estimate,,NCDC annual report 2013
43,2013,Nasarawa,0,1,0,,seed_annual_estimate,,NCDC annual report 2013
43,2013,Ondo,2,4,0,,seed_annual_estimate,,NCDC annual report 2013
43,2013,Plateau,0,0,0,,seed_annual_estimate,,NCDC annual report 2013
43,2013,Taraba,1,2,0,,seed_annual_estimate,,NCDC annual report 2013
44,2013,Adamawa,0,0,0,,seed_annual_estimate,,NCDC annual report 2013
44,2013,Anambra,0,0,0,,seed_annual_estimate,,NCDC annual report 2013
44,2013,Bauchi,1,1,0,,seed_annual_estimate,,NCDC annual report 2013
44,2013,Benue,0,0,0,,seed_annual_estimate,,NCDC annual report 2013
44,2013,Cross River,0,0,0,,seed_annual_estimate,,NCDC annual report 2013
44,2013,Delta,0,0,0,,seed_annual_estimate,,NCDC annual report 2013
44,2013,Ebonyi,0,1,0,,seed_annual_estimate,,NCDC annual report 2013
44,2013,Edo,1,3,0,,seed_annual_estimate,,NCDC annual report 2013
44,2013,Enugu,0,0,0,,seed_annual_estimate,,NCDC annual report 2013
44,2013,Imo,0,0,0,,seed_annual_estimate,,NCDC annual report 2013
44,2013,Kogi,0,0,0,,seed_annual_estimate,,NCDC annual report 2013
44,2013,Nasarawa,0,0,0,,seed_annual_estimate,,NCDC annual report 2013
44,2013,Ondo,1,2,0,,seed_annual_estimate,,NCDC annual report 2013
44,2013,Plateau,0,0,0,,seed_annual_estimate,,NCDC annual report 2013
44,2013,Taraba,0,1,0,,seed_annual_estimate,,NCDC annual report 2013
45,2013,Adamawa,0,0,0,,seed_annual_estimate,,NCDC annual report 2013
45,2013,Anambra,0,0,0,,seed_annual_estimate,,NCDC annual report 2013
45,2013,Bauchi,1,1,0,,seed_annual_estimate,,NCDC annual report 2013
45,2013,Benue,0,0,0,,seed_annual_estimate,,NCDC annual report 2013
45,2013,Cross River,0,0,0,,seed_annual_estimate,,NCDC annual report 2013
45,2013,Delta,0,0,0,,seed_annual_estimate,,NCDC annual report 2013
45,2013,Ebonyi,0,1,0,,seed_annual_estimate,,NCDC annual report 2013
45,2013,Edo,1,3,0,,seed_annual_estimate,,NCDC annual report 2013
45,2013,Enugu,0,0,0,,seed_annual_estimate,,NCDC annual report 2013
45,2013,Imo,0,0,0,,seed_annual_estimate,,NCDC annual report 2013
45,2013,Kogi,0,0,0,,seed_annual_estimate,,NCDC annual report 2013
45,2013,Nasarawa,0,0,0,,seed_annual_estimate,,NCDC annual report 2013
45,2013,Ondo,1,2,0,,seed_annual_estimate,,NCDC annual report 2013
45,2013,Plateau,0,0,0,,seed_annual_estimate,,NCDC annual report 2013
45,2013,Taraba,0,1,0,,seed_annual_estimate,,NCDC annual report 2013
46,2013,Adamawa,0,0,0,,seed_annual_estimate,,NCDC annual report 2013
46,2013,Anambra,0,0,0,,seed_annual_estimate,,NCDC annual report 2013
46,2013,Bauchi,1,1,0,,seed_annual_estimate,,NCDC annual report 2013
46,2013,Benue,0,0,0,,seed_annual_estimate,,NCDC annual report 2013
46,2013,Cross River,0,0,0,,seed_annual_estimate,,NCDC annual report 2013
46,2013,Delta,0,0,0,,seed_annual_estimate,,NCDC annual report 2013
46,2013,Ebonyi,0,1,0,,seed_annual_estimate,,NCDC annual report 2013
46,2013,Edo,1,3,0,,seed_annual_estimate,,NCDC annual report 2013
46,2013,Enugu,0,0,0,,seed_annual_estimate,,NCDC annual report 2013
46,2013,Imo,0,0,0,,seed_annual_estimate,,NCDC annual report 2013
46,2013,Kogi,0,0,0,,seed_annual_estimate,,NCDC annual report 2013
46,2013,Nasarawa,0,0,0,,seed_annual_estimate,,NCDC annual report 2013
46,2013,Ondo,1,2,0,,seed_annual_estimate,,NCDC annual report 2013
46,2013,Plateau,0,0,0,,seed_annual_estimate,,NCDC annual report 2013
46,2013,Taraba,0,1,0,,seed_annual_estimate,,NCDC annual report 2013
47,2013,Adamawa,0,0,0,,seed_annual_estimate,,NCDC annual report 2013
47,2013,Anambra,0,0,0,,seed_annual_estimate,,NCDC annual report 2013
47,2013,Bauchi,1,1,0,,seed_annual_estimate,,NCDC annual report 2013
47,2013,Benue,0,0,0,,seed_annual_estimate,,NCDC annual report 2013
47,2013,Cross River,0,0,0,,seed_annual_estimate,,NCDC annual report 2013
47,2013,Delta,0,0,0,,seed_annual_estimate,,NCDC annual report 2013
47,2013,Ebonyi,0,1,0,,seed_annual_estimate,,NCDC annual report 2013
47,2013,Edo,1,3,0,,seed_annual_estimate,,NCDC annual report 2013
47,2013,Enugu,0,0,0,,seed_annual_estimate,,NCDC annual report 2013
47,2013,Imo,0,0,0,,seed_annual_estimate,,NCDC annual report 2013
47,2013,Kogi,0,0,0,,seed_annual_estimate,,NCDC annual report 2013
47,2013,Nasarawa,0,0,0,,seed_annual_estimate,,NCDC annual report 2013
47,2013,Ondo,1,2,0,,seed_annual_estimate,,NCDC annual report 2013
47,2013,Plateau,0,0,0,,seed_annual_estimate,,NCDC annual report 2013
47,2013,Taraba,0,1,0,,seed_annual_estimate,,NCDC annual report 2013
48,2013,Adamawa,0,0,0,,seed_annual_estimate,,NCDC annual report 2013
48,2013,Anambra,0,0,0,,seed_annual_estimate,,NCDC annual report 2013
48,2013,Bauchi,1,1,0,,seed_annual_estimate,,NCDC annual report 2013
48,2013,Benue,0,0,0,,seed_annual_estimate,,NCDC annual report 2013
48,2013,Cross River,0,0,0,,seed_annual_estimate,,NCDC annual report 2013
48,2013,Delta,0,0,0,,seed_annual_estimate,,NCDC annual report 2013
48,2013,Ebonyi,0,1,0,,seed_annual_estimate,,NCDC annual report 2013
48,2013,Edo,1,3,0,,seed_annual_estimate,,NCDC annual report 2013
48,2013,Enugu,0,0,0,,seed_annual_estimate,,NCDC annual report 2013
48,2013,Imo,0,0,0,,seed_annual_estimate,,NCDC annual report 2013
48,2013,Kogi,0,0,0,,seed_annual_estimate,,NCDC annual report 2013
48,2013,Nasarawa,0,0,0,,seed_annual_estimate,,NCDC annual report 2013
48,2013,Ondo,1,2,0,,seed_annual_estimate,,NCDC annual report 2013
48,2013,Plateau,0,0,0,,seed_annual_estimate,,NCDC annual report 2013
48,2013,Taraba,0,1,0,,seed_annual_estimate,,NCDC annual report 2013
49,2013,Adamawa,0,0,0,,seed_annual_estimate,,NCDC annual report 2013
49,2013,Anambra,0,0,0,,seed_annual_estimate,,NCDC annual report 2013
49,2013,Bauchi,1,1,0,,seed_annual_estimate,,NCDC annual report 2013
49,2013,Benue,0,0,0,,seed_annual_estimate,,NCDC annual report 2013
49,2013,Cross River,0,0,0,,seed_annual_estimate,,NCDC annual report 2013
49,2013,Delta,0,0,0,,seed_annual_estimate,,NCDC annual report 2013
49,2013,Ebonyi,0,1,0,,seed_annual_estimate,,NCDC annual report 2013
49,2013,Edo,1,3,0,,seed_annual_estimate,,NCDC annual report 2013
49,2013,Enugu,0,0,0,,seed_annual_estimate,,NCDC annual report 2013
49,2013,Imo,0,0,0,,seed_annual_estimate,,NCDC annual report 2013
49,2013,Kogi,0,0,0,,seed_annual_estimate,,NCDC annual report 2013
49,2013,Nasarawa,0,0,0,,seed_annual_estimate,,NCDC annual report 2013
49,2013,Ondo,1,2,0,,seed_annual_estimate,,NCDC annual report 2013
49,2013,Plateau,0,0,0,,seed_annual_estimate,,NCDC annual report 2013
49,2013,Taraba,0,1,0,,seed_annual_estimate,,NCDC annual report 2013
50,2013,Adamawa,0,0,0,,seed_annual_estimate,,NCDC annual report 2013
50,2013,Anambra,0,0,0,,seed_annual_estimate,,NCDC annual report 2013
50,2013,Bauchi,1,1,0,,seed_annual_estimate,,NCDC annual report 2013
50,2013,Benue,0,0,0,,seed_annual_estimate,,NCDC annual report 2013
50,2013,Cross River,0,0,0,,seed_annual_estimate,,NCDC annual report 2013
50,2013,Delta,0,0,0,,seed_annual_estimate,,NCDC annual report 2013
50,2013,Ebonyi,0,1,0,,seed_annual_estimate,,NCDC annual report 2013
50,2013,Edo,1,3,0,,seed_annual_estimate,,NCDC annual report 2013
50,2013,Enugu,0,0,0,,seed_annual_estimate,,NCDC annual report 2013
50,2013,Imo,0,0,0,,seed_annual_estimate,,NCDC annual report 2013
50,2013,Kogi,0,0,0,,seed_annual_estimate,,NCDC annual report 2013
50,2013,Nasarawa,0,0,0,,seed_annual_estimate,,NCDC annual report 2013
50,2013,Ondo,1,2,0,,seed_annual_estimate,,NCDC annual report 2013
50,2013,Plateau,0,0,0,,seed_annual_estimate,,NCDC annual report 2013
50,2013,Taraba,0,1,0,,seed_annual_estimate,,NCDC annual report 2013
51,2013,Adamawa,0,0,0,,seed_annual_estimate,,NCDC annual report 2013
51,2013,Anambra,0,0,0,,seed_annual_estimate,,NCDC annual report 2013
51,2013,Bauchi,1,1,0,,seed_annual_estimate,,NCDC annual report 2013
51,2013,Benue,0,0,0,,seed_annual_estimate,,NCDC annual report 2013
51,2013,Cross River,0,0,0,,seed_annual_estimate,,NCDC annual report 2013
51,2013,Delta,0,0,0,,seed_annual_estimate,,NCDC annual report 2013
51,2013,Ebonyi,0,1,0,,seed_annual_estimate,,NCDC annual report 2013
51,2013,Edo,1,3,0,,seed_annual_estimate,,NCDC annual report 2013
51,2013,Enugu,0,0,0,,seed_annual_estimate,,NCDC annual report 2013
51,2013,Imo,0,0,0,,seed_annual_estimate,,NCDC annual report 2013
51,2013,Kogi,0,0,0,,seed_annual_estimate,,NCDC annual report 2013
51,2013,Nasarawa,0,0,0,,seed_annual_estimate,,NCDC annual report 2013
51,2013,Ondo,1,2,0,,seed_annual_estimate,,NCDC annual report 2013
51,2013,Plateau,0,0,0,,seed_annual_estimate,,NCDC annual report 2013
51,2013,Taraba,0,1,0,,seed_annual_estimate,,NCDC annual report 2013
52,2013,Adamawa,0,0,0,,seed_annual_estimate,,NCDC annual report 2013
52,2013,Anambra,0,0,0,,seed_annual_estimate,,NCDC annual report 2013
52,2013,Bauchi,1,1,0,,seed_annual_estimate,,NCDC annual report 2013
52,2013,Benue,0,0,0,,seed_annual_estimate,,NCDC annual report 2013
52,2013,Cross River,0,0,0,,seed_annual_estimate,,NCDC annual report 2013
52,2013,Delta,0,0,0,,seed_annual_estimate,,NCDC annual report 2013
52,2013,Ebonyi,0,1,0,,seed_annual_estimate,,NCDC annual report 2013
52,2013,Edo,1,3,0,,seed_annual_estimate,,NCDC annual report 2013
52,2013,Enugu,0,0,0,,seed_annual_estimate,,NCDC annual report 2013
52,2013,Imo,0,0,0,,seed_annual_estimate,,NCDC annual report 2013
52,2013,Kogi,0,0,0,,seed_annual_estimate,,NCDC annual report 2013
52,2013,Nasarawa,0,0,0,,seed_annual_estimate,,NCDC annual report 2013
52,2013,Ondo,1,2,0,,seed_annual_estimate,,NCDC annual report 2013
52,2013,Plateau,0,0,0,,seed_annual_estimate,,NCDC annual report 2013
52,2013,Taraba,0,1,0,,seed_annual_estimate,,NCDC annual report 2013
1,2014,Adamawa,0,0,0,,seed_annual_estimate,,NCDC annual report 2014
1,2014,Anambra,0,0,0,,seed_annual_estimate,,NCDC annual report 2014
1,2014,Bauchi,0,1,0,,seed_annual_estimate,,NCDC annual report 2014
1,2014,Benue,0,0,0,,seed_annual_estimate,,NCDC annual report 2014
1,2014,Cross River,0,0,0,,seed_annual_estimate,,NCDC annual report 2014
1,2014,Delta,0,0,0,,seed_annual_estimate,,NCDC annual report 2014
1,2014,Ebonyi,0,0,0,,seed_annual_estimate,,NCDC annual report 2014
1,2014,Edo,1,1,0,,seed_annual_estimate,,NCDC annual report 2014
1,2014,Enugu,0,0,0,,seed_annual_estimate,,NCDC annual report 2014
1,2014,Imo,0,0,0,,seed_annual_estimate,,NCDC annual report 2014
1,2014,Kogi,0,0,0,,seed_annual_estimate,,NCDC annual report 2014
1,2014,Nasarawa,0,0,0,,seed_annual_estimate,,NCDC annual report 2014
1,2014,Ondo,0,1,0,,seed_annual_estimate,,NCDC annual report 2014
1,2014,Plateau,0,0,0,,seed_annual_estimate,,NCDC annual report 2014
1,2014,Taraba,0,0,0,,seed_annual_estimate,,NCDC annual report 2014
2,2014,Adamawa,0,0,0,,seed_annual_estimate,,NCDC annual report 2014
2,2014,Anambra,0,0,0,,seed_annual_estimate,,NCDC annual report 2014
2,2014,Bauchi,0,1,0,,seed_annual_estimate,,NCDC annual report 2014
2,2014,Benue,0,0,0,,seed_annual_estimate,,NCDC annual report 2014
2,2014,Cross River,0,0,0,,seed_annual_estimate,,NCDC annual report 2014
2,2014,Delta,0,0,0,,seed_annual_estimate,,NCDC annual report 2014
2,2014,Ebonyi,0,0,0,,seed_annual_estimate,,NCDC annual report 2014
2,2014,Edo,1,1,0,,seed_annual_estimate,,NCDC annual report 2014
2,2014,Enugu,0,0,0,,seed_annual_estimate,,NCDC annual report 2014
2,2014,Imo,0,0,0,,seed_annual_estimate,,NCDC annual report 2014
2,2014,Kogi,0,0,0,,seed_annual_estimate,,NCDC annual report 2014
2,2014,Nasarawa,0,0,0,,seed_annual_estimate,,NCDC annual report 2014
2,2014,Ondo,0,1,0,,seed_annual_estimate,,NCDC annual report 2014
2,2014,Plateau,0,0,0,,seed_annual_estimate,,NCDC annual report 2014
2,2014,Taraba,0,0,0,,seed_annual_estimate,,NCDC annual report 2014
3,2014,Adamawa,0,0,0,,seed_annual_estimate,,NCDC annual report 2014
3,2014,Anambra,0,0,0,,seed_annual_estimate,,NCDC annual report 2014
3,2014,Bauchi,0,1,0,,seed_annual_estimate,,NCDC annual report 2014
3,2014,Benue,0,0,0,,seed_annual_estimate,,NCDC annual report 2014
3,2014,Cross River,0,0,0,,seed_annual_estimate,,NCDC annual report 2014
3,2014,Delta,0,0,0,,seed_annual_estimate,,NCDC annual report 2014
3,2014,Ebonyi,0,0,0,,seed_annual_estimate,,NCDC annual report 2014
3,2014,Edo,1,1,0,,seed_annual_estimate,,NCDC annual report 2014
3,2014,Enugu,0,0,0,,seed_annual_estimate,,NCDC annual report 2014
3,2014,Imo,0,0,0,,seed_annual_estimate,,NCDC annual report 2014
3,2014,Kogi,0,0,0,,seed_annual_estimate,,NCDC annual report 2014
3,2014,Nasarawa,0,0,0,,seed_annual_estimate,,NCDC annual report 2014
3,2014,Ondo,0,1,0,,seed_annual_estimate,,NCDC annual report 2014
3,2014,Plateau,0,0,0,,seed_annual_estimate,,NCDC annual report 2014
3,2014,Taraba,0,0,0,,seed_annual_estimate,,NCDC annual report 2014
4,2014,Adamawa,0,0,0,,seed_annual_estimate,,NCDC annual report 2014
4,2014,Anambra,0,0,0,,seed_annual_estimate,,NCDC annual report 2014
4,2014,Bauchi,0,1,0,,seed_annual_estimate,,NCDC annual report 2014
4,2014,Benue,0,0,0,,seed_annual_estimate,,NCDC annual report 2014
4,2014,Cross River,0,0,0,,seed_annual_estimate,,NCDC annual report 2014
4,2014,Delta,0,0,0,,seed_annual_estimate,,NCDC annual report 2014
4,2014,Ebonyi,0,0,0,,seed_annual_estimate,,NCDC annual report 2014
4,2014,Edo,1,1,0,,seed_annual_estimate,,NCDC annual report 2014
4,2014,Enugu,0,0,0,,seed_annual_estimate,,NCDC annual report 2014
4,2014,Imo,0,0,0,,seed_annual_estimate,,NCDC annual report 2014
4,2014,Kogi,0,0,0,,seed_annual_estimate,,NCDC annual report 2014
4,2014,Nasarawa,0,0,0,,seed_annual_estimate,,NCDC annual report 2014
4,2014,Ondo,0,1,0,,seed_annual_estimate,,NCDC annual report 2014
4,2014,Plateau,0,0,0,,seed_annual_estimate,,NCDC annual report 2014
4,2014,Taraba,0,0,0,,seed_annual_estimate,,NCDC annual report 2014
5,2014,Adamawa,0,0,0,,seed_annual_estimate,,NCDC annual report 2014
5,2014,Anambra,0,0,0,,seed_annual_estimate,,NCDC annual report 2014
5,2014,Bauchi,0,1,0,,seed_annual_estimate,,NCDC annual report 2014
5,2014,Benue,0,0,0,,seed_annual_estimate,,NCDC annual report 2014
5,2014,Cross River,0,0,0,,seed_annual_estimate,,NCDC annual report 2014
5,2014,Delta,0,0,0,,seed_annual_estimate,,NCDC annual report 2014
5,2014,Ebonyi,0,0,0,,seed_annual_estimate,,NCDC annual report 2014
5,2014,Edo,1,1,0,,seed_annual_estimate,,NCDC annual report 2014
5,2014,Enugu,0,0,0,,seed_annual_estimate,,NCDC annual report 2014
5,2014,Imo,0,0,0,,seed_annual_estimate,,NCDC annual report 2014
5,2014,Kogi,0,0,0,,seed_annual_estimate,,NCDC annual report 2014
5,2014,Nasarawa,0,0,0,,seed_annual_estimate,,NCDC annual report 2014
5,2014,Ondo,0,1,0,,seed_annual_estimate,,NCDC annual report 2014
5,2014,Plateau,0,0,0,,seed_annual_estimate,,NCDC annual report 2014
5,2014,Taraba,0,0,0,,seed_annual_estimate,,NCDC annual report 2014
6,2014,Adamawa,0,0,0,,seed_annual_estimate,,NCDC annual report 2014
6,2014,Anambra,0,0,0,,seed_annual_estimate,,NCDC annual report 2014
6,2014,Bauchi,0,1,0,,seed_annual_estimate,,NCDC annual report 2014
6,2014,Benue,0,0,0,,seed_annual_estimate,,NCDC annual report 2014
6,2014,Cross River,0,0,0,,seed_annual_estimate,,NCDC annual report 2014
6,2014,Delta,0,0,0,,seed_annual_estimate,,NCDC annual report 2014
6,2014,Ebonyi,0,0,0,,seed_annual_estimate,,NCDC annual report 2014
6,2014,Edo,1,1,0,,seed_annual_estimate,,NCDC annual report 2014
6,2014,Enugu,0,0,0,,seed_annual_estimate,,NCDC annual report 2014
6,2014,Imo,0,0,0,,seed_annual_estimate,,NCDC annual report 2014
6,2014,Kogi,0,0,0,,seed_annual_estimate,,NCDC annual report 2014
6,2014,Nasarawa,0,0,0,,seed_annual_estimate,,NCDC annual report 2014
6,2014,Ondo,0,1,0,,seed_annual_estimate,,NCDC annual report 2014
6,2014,Plateau,0,0,0,,seed_annual_estimate,,NCDC annual report 2014
6,2014,Taraba,0,0,0,,seed_annual_estimate,,NCDC annual report 2014
7,2014,Adamawa,0,0,0,,seed_annual_estimate,,NCDC annual report 2014
7,2014,Anambra,0,0,0,,seed_annual_estimate,,NCDC annual report 2014
7,2014,Bauchi,0,1,0,,seed_annual_estimate,,NCDC annual report 2014
7,2014,Benue,0,0,0,,seed_annual_estimate,,NCDC annual report 2014
7,2014,Cross River,0,0,0,,seed_annual_estimate,,NCDC annual report 2014
7,2014,Delta,0,0,0,,seed_annual_estimate,,NCDC annual report 2014
7,2014,Ebonyi,0,0,0,,seed_annual_estimate,,NCDC annual report 2014
7,2014,Edo,1,1,0,,seed_annual_estimate,,NCDC annual report 2014
7,2014,Enugu,0,0,0,,seed_annual_estimate,,NCDC annual report 2014
7,2014,Imo,0,0,0,,seed_annual_estimate,,NCDC annual report 2014
7,2014,Kogi,0,0,0,,seed_annual_estimate,,NCDC annual report 2014
7,2014,Nasarawa,0,0,0,,seed_annual_estimate,,NCDC annual report 2014
7,2014,Ondo,0,1,0,,seed_annual_estimate,,NCDC annual report 2014
7,2014,Plateau,0,0,0,,seed_annual_estimate,,NCDC annual report 2014
7,2014,Taraba,0,0,0,,seed_annual_estimate,,NCDC annual report 2014
8,2014,Adamawa,0,0,0,,seed_annual_estimate,,NCDC annual report 2014
8,2014,Anambra,0,0,0,,seed_annual_estimate,,NCDC annual report 2014
8,2014,Bauchi,0,1,0,,seed_annual_estimate,,NCDC annual report 2014
8,2014,Benue,0,0,0,,seed_annual_estimate,,NCDC annual report 2014
8,2014,Cross River,0,0,0,,seed_annual_estimate,,NCDC annual report 2014
8,2014,Delta,0,0,0,,seed_annual_estimate,,NCDC annual report 2014
8,2014,Ebonyi,0,0,0,,seed_annual_estimate,,NCDC annual report 2014
8,2014,Edo,1,1,0,,seed_annual_estimate,,NCDC annual report 2014
8,2014,Enugu,0,0,0,,seed_annual_estimate,,NCDC annual report 2014
8,2014,Imo,0,0,0,,seed_annual_estimate,,NCDC annual report 2014
8,2014,Kogi,0,0,0,,seed_annual_estimate,,NCDC annual report 2014
8,2014,Nasarawa,0,0,0,,seed_annual_estimate,,NCDC annual report 2014
8,2014,Ondo,0,1,0,,seed_annual_estimate,,NCDC annual report 2014
8,2014,Plateau,0,0,0,,seed_annual_estimate,,NCDC annual report 2014
8,2014,Taraba,0,0,0,,seed_annual_estimate,,NCDC annual report 2014
9,2014,Adamawa,0,0,0,,seed_annual_estimate,,NCDC annual report 2014
9,2014,Anambra,0,0,0,,seed_annual_estimate,,NCDC annual report 2014
9,2014,Bauchi,0,1,0,,seed_annual_estimate,,NCDC annual report 2014
9,2014,Benue,0,0,0,,seed_annual_estimate,,NCDC annual report 2014
9,2014,Cross River,0,0,0,,seed_annual_estimate,,NCDC annual report 2014
9,2014,Delta,0,0,0,,seed_annual_estimate,,NCDC annual report 2014
9,2014,Ebonyi,0,0,0,,seed_annual_estimate,,NCDC annual report 2014
9,2014,Edo,1,1,0,,seed_annual_estimate,,NCDC annual report 2014
9,2014,Enugu,0,0,0,,seed_annual_estimate,,NCDC annual report 2014
9,2014,Imo,0,0,0,,seed_annual_estimate,,NCDC annual report 2014
9,2014,Kogi,0,0,0,,seed_annual_estimate,,NCDC annual report 2014
9,2014,Nasarawa,0,0,0,,seed_annual_estimate,,NCDC annual report 2014
9,2014,Ondo,0,1,0,,seed_annual_estimate,,NCDC annual report 2014
9,2014,Plateau,0,0,0,,seed_annual_estimate,,NCDC annual report 2014
9,2014,Taraba,0,0,0,,seed_annual_estimate,,NCDC annual report 2014
10,2014,Adamawa,0,0,0,,seed_annual_estimate,,NCDC annual report 2014
10,2014,Anambra,0,0,0,,seed_annual_estimate,,NCDC annual report 2014
10,2014,Bauchi,0,1,0,,seed_annual_estimate,,NCDC annual report 2014
10,2014,Benue,0,0,0,,seed_annual_estimate,,NCDC annual report 2014
10,2014,Cross River,0,0,0,,seed_annual_estimate,,NCDC annual report 2014
10,2014,Delta,0,0,0,,seed_annual_estimate,,NCDC annual report 2014
10,2014,Ebonyi,0,0,0,,seed_annual_estimate,,NCDC annual report 2014
10,2014,Edo,1,1,0,,seed_annual_estimate,,NCDC annual report 2014
10,2014,Enugu,0,0,0,,seed_annual_estimate,,NCDC annual report 2014
10,2014,Imo,0,0,0,,seed_annual_estimate,,NCDC annual report 2014
10,2014,Kogi,0,0,0,,seed_annual_estimate,,NCDC annual report 2014
10,2014,Nasarawa,0,0,0,,seed_annual_estimate,,NCDC annual report 2014
10,2014,Ondo,0,1,0,,seed_annual_estimate,,NCDC annual report 2014
10,2014,Plateau,0,0,0,,seed_annual_estimate,,NCDC annual report 2014
10,2014,Taraba,0,0,0,,seed_annual_estimate,,NCDC annual report 2014
11,2014,Adamawa,0,0,0,,seed_annual_estimate,,NCDC annual report 2014
11,2014,Anambra,0,0,0,,seed_annual_estimate,,NCDC annual report 2014
11,2014,Bauchi,0,1,0,,seed_annual_estimate,,NCDC annual report 2014
11,2014,Benue,0,0,0,,seed_annual_estimate,,NCDC annual report 2014
11,2014,Cross River,0,0,0,,seed_annual_estimate,,NCDC annual report 2014
11,2014,Delta,0,0,0,,seed_annual_estimate,,NCDC annual report 2014
11,2014,Ebonyi,0,0,0,,seed_annual_estimate,,NCDC annual report 2014
11,2014,Edo,1,1,0,,seed_annual_estimate,,NCDC annual report 2014
11,2014,Enugu,0,0,0,,seed_annual_estimate,,NCDC annual report 2014
11,2014,Imo,0,0,0,,seed_annual_estimate,,NCDC annual report 2014
11,2014,Kogi,0,0,0,,seed_annual_estimate,,NCDC annual report 2014
11,2014,Nasarawa,0,0,0,,seed_annual_estimate,,NCDC annual report 2014
11,2014,Ondo,0,1,0,,seed_annual_estimate,,NCDC annual report 2014
11,2014,Plateau,0,0,0,,seed_annual_estimate,,NCDC annual report 2014
11,2014,Taraba,0,0,0,,seed_annual_estimate,,NCDC annual report 2014
12,2014,Adamawa,0,0,0,,seed_annual_estimate,,NCDC annual report 2014
12,2014,Anambra,0,0,0,,seed_annual_estimate,,NCDC annual report 2014
12,2014,Bauchi,0,1,0,,seed_annual_estimate,,NCDC annual report 2014
12,2014,Benue,0,0,0,,seed_annual_estimate,,NCDC annual report 2014
12,2014,Cross River,0,0,0,,seed_annual_estimate,,NCDC annual report 2014
12,2014,Delta,0,0,0,,seed_annual_estimate,,NCDC annual report 2014
12,2014,Ebonyi,0,0,0,,seed_annual_estimate,,NCDC annual report 2014
12,2014,Edo,1,1,0,,seed_annual_estimate,,NCDC annual report 2014
12,2014,Enugu,0,0,0,,seed_annual_estimate,,NCDC annual report 2014
12,2014,Imo,0,0,0,,seed_annual_estimate,,NCDC annual report 2014
12,2014,Kogi,0,0,0,,seed_annual_estimate,,NCDC annual report 2014
12,2014,Nasarawa,0,0,0,,seed_annual_estimate,,NCDC annual report 2014
12,2014,Ondo,0,1,0,,seed_annual_estimate,,NCDC annual report 2014
12,2014,Plateau,0,0,0,,seed_annual_estimate,,NCDC annual report 2014
12,2014,Taraba,0,0,0,,seed_annual_estimate,,NCDC annual report 2014
13,2014,Adamawa,0,0,0,,seed_annual_estimate,,NCDC annual report 2014
13,2014,Anambra,0,0,0,,seed_annual_estimate,,NCDC annual report 2014
13,2014,Bauchi,0,1,0,,seed_annual_estimate,,NCDC annual report 2014
13,2014,Benue,0,0,0,,seed_annual_estimate,,NCDC annual report 2014
13,2014,Cross River,0,0,0,,seed_annual_estimate,,NCDC annual report 2014
13,2014,Delta,0,0,0,,seed_annual_estimate,,NCDC annual report 2014
13,2014,Ebonyi,0,0,0,,seed_annual_estimate,,NCDC annual report 2014
13,2014,Edo,1,1,0,,seed_annual_estimate,,NCDC annual report 2014
13,2014,Enugu,0,0,0,,seed_annual_estimate,,NCDC annual report 2014
13,2014,Imo,0,0,0,,seed_annual_estimate,,NCDC annual report 2014
13,2014,Kogi,0,0,0,,seed_annual_estimate,,NCDC annual report 2014
13,2014,Nasarawa,0,0,0,,seed_annual_estimate,,NCDC annual report 2014
13,2014,Ondo,0,1,0,,seed_annual_estimate,,NCDC annual report 2014
13,2014,Plateau,0,0,0,,seed_annual_estimate,,NCDC annual report 2014
13,2014,Taraba,0,0,0,,seed_annual_estimate,,NCDC annual report 2014
14,2014,Adamawa,0,0,0,,seed_annual_estimate,,NCDC annual report 2014
14,2014,Anambra,0,0,0,,seed_annual_estimate,,NCDC annual report 2014
14,2014,Bauchi,0,1,0,,seed_annual_estimate,,NCDC annual report 2014
14,2014,Benue,0,0,0,,seed_annual_estimate,,NCDC annual report 2014
14,2014,Cross River,0,0,0,,seed_annual_estimate,,NCDC annual report 2014
14,2014,Delta,0,0,0,,seed_annual_estimate,,NCDC annual report 2014
14,2014,Ebonyi,0,0,0,,seed_annual_estimate,,NCDC annual report 2014
14,2014,Edo,1,1,0,,seed_annual_estimate,,NCDC annual report 2014
14,2014,Enugu,0,0,0,,seed_annual_estimate,,NCDC annual report 2014
14,2014,Imo,0,0,0,,seed_annual_estimate,,NCDC annual report 2014
14,2014,Kogi,0,0,0,,seed_annual_estimate,,NCDC annual report 2014
14,2014,Nasarawa,0,0,0,,seed_annual_estimate,,NCDC annual report 2014
14,2014,Ondo,0,1,0,,seed_annual_estimate,,NCDC annual report 2014
14,2014,Plateau,0,0,0,,seed_annual_estimate,,NCDC annual report 2014
14,2014,Taraba,0,0,0,,seed_annual_estimate,,NCDC annual report 2014
15,2014,Adamawa,0,0,0,,seed_annual_estimate,,NCDC annual report 2014
15,2014,Anambra,0,0,0,,seed_annual_estimate,,NCDC annual report 2014
15,2014,Bauchi,0,1,0,,seed_annual_estimate,,NCDC annual report 2014
15,2014,Benue,0,0,0,,seed_annual_estimate,,NCDC annual report 2014
15,2014,Cross River,0,0,0,,seed_annual_estimate,,NCDC annual report 2014
15,2014,Delta,0,0,0,,seed_annual_estimate,,NCDC annual report 2014
15,2014,Ebonyi,0,0,0,,seed_annual_estimate,,NCDC annual report 2014
15,2014,Edo,1,1,0,,seed_annual_estimate,,NCDC annual report 2014
15,2014,Enugu,0,0,0,,seed_annual_estimate,,NCDC annual report 2014
15,2014,Imo,0,0,0,,seed_annual_estimate,,NCDC annual report 2014
15,2014,Kogi,0,0,0,,seed_annual_estimate,,NCDC annual report 2014
15,2014,Nasarawa,0,0,0,,seed_annual_estimate,,NCDC annual report 2014
15,2014,Ondo,0,1,0,,seed_annual_estimate,,NCDC annual report 2014
15,2014,Plateau,0,0,0,,seed_annual_estimate,,NCDC annual report 2014
15,2014,Taraba,0,0,0,,seed_annual_estimate,,NCDC annual report 2014
16,2014,Adamawa,0,0,0,,seed_annual_estimate,,NCDC annual report 2014
16,2014,Anambra,0,0,0,,seed_annual_estimate,,NCDC annual report 2014
16,2014,Bauchi,0,1,0,,seed_annual_estimate,,NCDC annual report 2014
16,2014,Benue,0,0,0,,seed_annual_estimate,,NCDC annual report 2014
16,2014,Cross River,0,0,0,,seed_annual_estimate,,NCDC annual report 2014
16,2014,Delta,0,0,0,,seed_annual_estimate,,NCDC annual report 2014
16,2014,Ebonyi,0,0,0,,seed_annual_estimate,,NCDC annual report 2014
16,2014,Edo,1,1,0,,seed_annual_estimate,,NCDC annual report 2014
16,2014,Enugu,0,0,0,,seed_annual_estimate,,NCDC annual report 2014
16,2014,Imo,0,0,0,,seed_annual_estimate,,NCDC annual report 2014
16,2014,Kogi,0,0,0,,seed_annual_estimate,,NCDC annual report 2014
16,2014,Nasarawa,0,0,0,,seed_annual_estimate,,NCDC annual report 2014
16,2014,Ondo,0,1,0,,seed_annual_estimate,,NCDC annual report 2014
16,2014,Plateau,0,0,0,,seed_annual_estimate,,NCDC annual report 2014
16,2014,Taraba,0,0,0,,seed_annual_estimate,,NCDC annual report 2014
17,2014,Adamawa,0,0,0,,seed_annual_estimate,,NCDC annual report 2014
17,2014,Anambra,0,0,0,,seed_annual_estimate,,NCDC annual report 2014
17,2014,Bauchi,0,1,0,,seed_annual_estimate,,NCDC annual report 2014
17,2014,Benue,0,0,0,,seed_annual_estimate,,NCDC annual report 2014
17,2014,Cross River,0,0,0,,seed_annual_estimate,,NCDC annual report 2014
17,2014,Delta,0,0,0,,seed_annual_estimate,,NCDC annual report 2014
17,2014,Ebonyi,0,0,0,,seed_annual_estimate,,NCDC annual report 2014
17,2014,Edo,1,1,0,,seed_annual_estimate,,NCDC annual report 2014
17,2014,Enugu,0,0,0,,seed_annual_estimate,,NCDC annual report 2014
17,2014,Imo,0,0,0,,seed_annual_estimate,,NCDC annual report 2014
17,2014,Kogi,0,0,0,,seed_annual_estimate,,NCDC annual report 2014
17,2014,Nasarawa,0,0,0,,seed_annual_estimate,,NCDC annual report 2014
17,2014,Ondo,0,1,0,,seed_annual_estimate,,NCDC annual report 2014
17,2014,Plateau,0,0,0,,seed_annual_estimate,,NCDC annual report 2014
17,2014,Taraba,0,0,0,,seed_annual_estimate,,NCDC annual report 2014
18,2014,Adamawa,0,0,0,,seed_annual_estimate,,NCDC annual report 2014
18,2014,Anambra,0,0,0,,seed_annual_estimate,,NCDC annual report 2014
18,2014,Bauchi,1,1,0,,seed_annual_estimate,,NCDC annual report 2014
18,2014,Benue,0,0,0,,seed_annual_estimate,,NCDC annual report 2014
18,2014,Cross River,0,0,0,,seed_annual_estimate,,NCDC annual report 2014
18,2014,Delta,0,0,0,,seed_annual_estimate,,NCDC annual report 2014
18,2014,Ebonyi,0,1,0,,seed_annual_estimate,,NCDC annual report 2014
18,2014,Edo,1,3,0,,seed_annual_estimate,,NCDC annual report 2014
18,2014,Enugu,0,0,0,,seed_annual_estimate,,NCDC annual report 2014
18,2014,Imo,0,0,0,,seed_annual_estimate,,NCDC annual report 2014
18,2014,Kogi,0,0,0,,seed_annual_estimate,,NCDC annual report 2014
18,2014,Nasarawa,0,0,0,,seed_annual_estimate,,NCDC annual report 2014
18,2014,Ondo,1,2,0,,seed_annual_estimate,,NCDC annual report 2014
18,2014,Plateau,0,0,0,,seed_annual_estimate,,NCDC annual report 2014
18,2014,Taraba,1,1,0,,seed_annual_estimate,,NCDC annual report 2014
19,2014,Adamawa,0,0,0,,seed_annual_estimate,,NCDC annual report 2014
19,2014,Anambra,0,0,0,,seed_annual_estimate,,NCDC annual report 2014
19,2014,Bauchi,1,1,0,,seed_annual_estimate,,NCDC annual report 2014
19,2014,Benue,0,0,0,,seed_annual_estimate,,NCDC annual report 2014
19,2014,Cross River,0,0,0,,seed_annual_estimate,,NCDC annual report 2014
19,2014,Delta,0,0,0,,seed_annual_estimate,,NCDC annual report 2014
19,2014,Ebonyi,0,1,0,,seed_annual_estimate,,NCDC annual report 2014
19,2014,Edo,1,3,0,,seed_annual_estimate,,NCDC annual report 2014
19,2014,Enugu,0,0,0,,seed_annual_estimate,,NCDC annual report 2014
19,2014,Imo,0,0,0,,seed_annual_estimate,,NCDC annual report 2014
19,2014,Kogi,0,0,0,,seed_annual_estimate,,NCDC annual report 2014
19,2014,Nasarawa,0,0,0,,seed_annual_estimate,,NCDC annual report 2014
19,2014,Ondo,1,2,0,,seed_annual_estimate,,NCDC annual report 2014
19,2014,Plateau,0,0,0,,seed_annual_estimate,,NCDC annual report 2014
19,2014,Taraba,1,1,0,,seed_annual_estimate,,NCDC annual report 2014
20,2014,Adamawa,0,0,0,,seed_annual_estimate,,NCDC annual report 2014
20,2014,Anambra,0,0,0,,seed_annual_estimate,,NCDC annual report 2014
20,2014,Bauchi,1,1,0,,seed_annual_estimate,,NCDC annual report 2014
20,2014,Benue,0,0,0,,seed_annual_estimate,,NCDC annual report 2014
20,2014,Cross River,0,0,0,,seed_annual_estimate,,NCDC annual report 2014
20,2014,Delta,0,0,0,,seed_annual_estimate,,NCDC annual report 2014
20,2014,Ebonyi,0,1,0,,seed_annual_estimate,,NCDC annual report 2014
20,2014,Edo,1,3,0,,seed_annual_estimate,,NCDC annual report 2014
20,2014,Enugu,0,0,0,,seed_annual_estimate,,NCDC annual report 2014
20,2014,Imo,0,0,0,,seed_annual_estimate,,NCDC annual report 2014
20,2014,Kogi,0,0,0,,seed_annual_estimate,,NCDC annual report 2014
20,2014,Nasarawa,0,0,0,,seed_annual_estimate,,NCDC annual report 2014
20,2014,Ondo,1,2,0,,seed_annual_estimate,,NCDC annual report 2014
20,2014,Plateau,0,0,0,,seed_annual_estimate,,NCDC annual report 2014
20,2014,Taraba,1,1,0,,seed_annual_estimate,,NCDC annual report 2014
21,2014,Adamawa,0,0,0,,seed_annual_estimate,,NCDC annual report 2014
21,2014,Anambra,0,0,0,,seed_annual_estimate,,NCDC annual report 2014
21,2014,Bauchi,1,1,0,,seed_annual_estimate,,NCDC annual report 2014
21,2014,Benue,0,0,0,,seed_annual_estimate,,NCDC annual report 2014
21,2014,Cross River,0,0,0,,seed_annual_estimate,,NCDC annual report 2014
21,2014,Delta,0,0,0,,seed_annual_estimate,,NCDC annual report 2014
21,2014,Ebonyi,0,1,0,,seed_annual_estimate,,NCDC annual report 2014
21,2014,Edo,1,3,0,,seed_annual_estimate,,NCDC annual report 2014
21,2014,Enugu,0,0,0,,seed_annual_estimate,,NCDC annual report 2014
21,2014,Imo,0,0,0,,seed_annual_estimate,,NCDC annual report 2014
21,2014,Kogi,0,0,0,,seed_annual_estimate,,NCDC annual report 2014
21,2014,Nasarawa,0,0,0,,seed_annual_estimate,,NCDC annual report 2014
21,2014,Ondo,1,2,0,,seed_annual_estimate,,NCDC annual report 2014
21,2014,Plateau,0,0,0,,seed_annual_estimate,,NCDC annual report 2014
21,2014,Taraba,1,1,0,,seed_annual_estimate,,NCDC annual report 2014
22,2014,Adamawa,0,0,0,,seed_annual_estimate,,NCDC annual report 2014
22,2014,Anambra,0,0,0,,seed_annual_estimate,,NCDC annual report 2014
22,2014,Bauchi,1,1,0,,seed_annual_estimate,,NCDC annual report 2014
22,2014,Benue,0,0,0,,seed_annual_estimate,,NCDC annual report 2014
22,2014,Cross River,0,0,0,,seed_annual_estimate,,NCDC annual report 2014
22,2014,Delta,0,0,0,,seed_annual_estimate,,NCDC annual report 2014
22,2014,Ebonyi,0,1,0,,seed_annual_estimate,,NCDC annual report 2014
22,2014,Edo,1,3,0,,seed_annual_estimate,,NCDC annual report 2014
22,2014,Enugu,0,0,0,,seed_annual_estimate,,NCDC annual report 2014
22,2014,Imo,0,0,0,,seed_annual_estimate,,NCDC annual report 2014
22,2014,Kogi,0,0,0,,seed_annual_estimate,,NCDC annual report 2014
22,2014,Nasarawa,0,0,0,,seed_annual_estimate,,NCDC annual report 2014
22,2014,Ondo,1,2,0,,seed_annual_estimate,,NCDC annual report 2014
22,2014,Plateau,0,0,0,,seed_annual_estimate,,NCDC annual report 2014
22,2014,Taraba,1,1,0,,seed_annual_estimate,,NCDC annual report 2014
23,2014,Adamawa,0,0,0,,seed_annual_estimate,,NCDC annual report 2014
23,2014,Anambra,0,0,0,,seed_annual_estimate,,NCDC annual report 2014
23,2014,Bauchi,1,1,0,,seed_annual_estimate,,NCDC annual report 2014
23,2014,Benue,0,0,0,,seed_annual_estimate,,NCDC annual report 2014
23,2014,Cross River,0,0,0,,seed_annual_estimate,,NCDC annual report 2014
23,2014,Delta,0,0,0,,seed_annual_estimate,,NCDC annual report 2014
23,2014,Ebonyi,0,1,0,,seed_annual_estimate,,NCDC annual report 2014
23,2014,Edo,1,3,0,,seed_annual_estimate,,NCDC annual report 2014
23,2014,Enugu,0,0,0,,seed_annual_estimate,,NCDC annual report 2014
23,2014,Imo,0,0,0,,seed_annual_estimate,,NCDC annual report 2014
23,2014,Kogi,0,0,0,,seed_annual_estimate,,NCDC annual report 2014
23,2014,Nasarawa,0,0,0,,seed_annual_estimate,,NCDC annual report 2014
23,2014,Ondo,1,2,0,,seed_annual_estimate,,NCDC annual report 2014
23,2014,Plateau,0,0,0,,seed_annual_estimate,,NCDC annual report 2014
23,2014,Taraba,1,1,0,,seed_annual_estimate,,NCDC annual report 2014
24,2014,Adamawa,0,0,0,,seed_annual_estimate,,NCDC annual report 2014
24,2014,Anambra,0,0,0,,seed_annual_estimate,,NCDC annual report 2014
24,2014,Bauchi,1,1,0,,seed_annual_estimate,,NCDC annual report 2014
24,2014,Benue,0,0,0,,seed_annual_estimate,,NCDC annual report 2014
24,2014,Cross River,0,0,0,,seed_annual_estimate,,NCDC annual report 2014
24,2014,Delta,0,0,0,,seed_annual_estimate,,NCDC annual report 2014
24,2014,Ebonyi,0,1,0,,seed_annual_estimate,,NCDC annual report 2014
24,2014,Edo,1,3,0,,seed_annual_estimate,,NCDC annual report 2014
24,2014,Enugu,0,0,0,,seed_annual_estimate,,NCDC annual report 2014
24,2014,Imo,0,0,0,,seed_annual_estimate,,NCDC annual report 2014
24,2014,Kogi,0,0,0,,seed_annual_estimate,,NCDC annual report 2014
24,2014,Nasarawa,0,0,0,,seed_annual_estimate,,NCDC annual report 2014
24,2014,Ondo,1,2,0,,seed_annual_estimate,,NCDC annual report 2014
24,2014,Plateau,0,0,0,,seed_annual_estimate,,NCDC annual report 2014
24,2014,Taraba,1,1,0,,seed_annual_estimate,,NCDC annual report 2014
25,2014,Adamawa,0,0,0,,seed_annual_estimate,,NCDC annual report 2014
25,2014,Anambra,0,0,0,,seed_annual_estimate,,NCDC annual report 2014
25,2014,Bauchi,1,1,0,,seed_annual_estimate,,NCDC annual report 2014
25,2014,Benue,0,0,0,,seed_annual_estimate,,NCDC annual report 2014
25,2014,Cross River,0,0,0,,seed_annual_estimate,,NCDC annual report 2014
25,2014,Delta,0,0,0,,seed_annual_estimate,,NCDC annual report 2014
25,2014,Ebonyi,0,1,0,,seed_annual_estimate,,NCDC annual report 2014
25,2014,Edo,1,3,0,,seed_annual_estimate,,NCDC annual report 2014
25,2014,Enugu,0,0,0,,seed_annual_estimate,,NCDC annual report 2014
25,2014,Imo,0,0,0,,seed_annual_estimate,,NCDC annual report 2014
25,2014,Kogi,0,0,0,,seed_annual_estimate,,NCDC annual report 2014
25,2014,Nasarawa,0,0,0,,seed_annual_estimate,,NCDC annual report 2014
25,2014,Ondo,1,2,0,,seed_annual_estimate,,NCDC annual report 2014
25,2014,Plateau,0,0,0,,seed_annual_estimate,,NCDC annual report 2014
25,2014,Taraba,1,1,0,,seed_annual_estimate,,NCDC annual report 2014
26,2014,Adamawa,0,0,0,,seed_annual_estimate,,NCDC annual report 2014
26,2014,Anambra,0,0,0,,seed_annual_estimate,,NCDC annual report 2014
26,2014,Bauchi,1,1,0,,seed_annual_estimate,,NCDC annual report 2014
26,2014,Benue,0,0,0,,seed_annual_estimate,,NCDC annual report 2014
26,2014,Cross River,0,0,0,,seed_annual_estimate,,NCDC annual report 2014
26,2014,Delta,0,0,0,,seed_annual_estimate,,NCDC annual report 2014
26,2014,Ebonyi,0,1,0,,seed_annual_estimate,,NCDC annual report 2014
26,2014,Edo,1,3,0,,seed_annual_estimate,,NCDC annual report 2014
26,2014,Enugu,0,0,0,,seed_annual_estimate,,NCDC annual report 2014
26,2014,Imo,0,0,0,,seed_annual_estimate,,NCDC annual report 2014
26,2014,Kogi,0,0,0,,seed_annual_estimate,,NCDC annual report 2014
26,2014,Nasarawa,0,0,0,,seed_annual_estimate,,NCDC annual report 2014
26,2014,Ondo,1,2,0,,seed_annual_estimate,,NCDC annual report 2014
26,2014,Plateau,0,0,0,,seed_annual_estimate,,NCDC annual report 2014
26,2014,Taraba,1,1,0,,seed_annual_estimate,,NCDC annual report 2014
27,2014,Adamawa,0,0,0,,seed_annual_estimate,,NCDC annual report 2014
27,2014,Anambra,0,0,0,,seed_annual_estimate,,NCDC annual report 2014
27,2014,Bauchi,1,1,0,,seed_annual_estimate,,NCDC annual report 2014
27,2014,Benue,0,0,0,,seed_annual_estimate,,NCDC annual report 2014
27,2014,Cross River,0,0,0,,seed_annual_estimate,,NCDC annual report 2014
27,2014,Delta,0,0,0,,seed_annual_estimate,,NCDC annual report 2014
27,2014,Ebonyi,0,1,0,,seed_annual_estimate,,NCDC annual report 2014
27,2014,Edo,1,3,0,,seed_annual_estimate,,NCDC annual report 2014
27,2014,Enugu,0,0,0,,seed_annual_estimate,,NCDC annual report 2014
27,2014,Imo,0,0,0,,seed_annual_estimate,,NCDC annual report 2014
27,2014,Kogi,0,0,0,,seed_annual_estimate,,NCDC annual report 2014
27,2014,Nasarawa,0,0,0,,seed_annual_estimate,,NCDC annual report 2014
27,2014,Ondo,1,2,0,,seed_annual_estimate,,NCDC annual report 2014
27,2014,Plateau,0,0,0,,seed_annual_estimate,,NCDC annual report 2014
27,2014,Taraba,1,1,0,,seed_annual_estimate,,NCDC annual report 2014
28,2014,Adamawa,0,0,0,,seed_annual_estimate,,NCDC annual report 2014
28,2014,Anambra,0,0,0,,seed_annual_estimate,,NCDC annual report 2014
28,2014,Bauchi,1,1,0,,seed_annual_estimate,,NCDC annual report 2014
28,2014,Benue,0,0,0,,seed_annual_estimate,,NCDC annual report 2014
28,2014,Cross River,0,0,0,,seed_annual_estimate,,NCDC annual report 2014
28,2014,Delta,0,0,0,,seed_annual_estimate,,NCDC annual report 2014
28,2014,Ebonyi,0,1,0,,seed_annual_estimate,,NCDC annual report 2014
28,2014,Edo,1,3,0,,seed_annual_estimate,,NCDC annual report 2014
28,2014,Enugu,0,0,0,,seed_annual_estimate,,NCDC annual report 2014
28,2014,Imo,0,0,0,,seed_annual_estimate,,NCDC annual report 2014
28,2014,Kogi,0,0,0,,seed_annual_estimate,,NCDC annual report 2014
28,2014,Nasarawa,0,0,0,,seed_annual_estimate,,NCDC annual report 2014
28,2014,Ondo,1,2,0,,seed_annual_estimate,,NCDC annual report 2014
28,2014,Plateau,0,0,0,,seed_annual_estimate,,NCDC annual report 2014
28,2014,Taraba,1,1,0,,seed_annual_estimate,,NCDC annual report 2014
29,2014,Adamawa,0,0,0,,seed_annual_estimate,,NCDC annual report 2014
29,2014,Anambra,0,0,0,,seed_annual_estimate,,NCDC annual report 2014
29,2014,Bauchi,1,1,0,,seed_annual_estimate,,NCDC annual report 2014
29,2014,Benue,0,0,0,,seed_annual_estimate,,NCDC annual report 2014
29,2014,Cross River,0,0,0,,seed_annual_estimate,,NCDC annual report 2014
29,2014,Delta,0,0,0,,seed_annual_estimate,,NCDC annual report 2014
29,2014,Ebonyi,0,1,0,,seed_annual_estimate,,NCDC annual report 2014
29,2014,Edo,1,3,0,,seed_annual_estimate,,NCDC annual report 2014
29,2014,Enugu,0,0,0,,seed_annual_estimate,,NCDC annual report 2014
29,2014,Imo,0,0,0,,seed_annual_estimate,,NCDC annual report 2014
29,2014,Kogi,0,0,0,,seed_annual_estimate,,NCDC annual report 2014
29,2014,Nasarawa,0,0,0,,seed_annual_estimate,,NCDC annual report 2014
29,2014,Ondo,1,2,0,,seed_annual_estimate,,NCDC annual report 2014
29,2014,Plateau,0,0,0,,seed_annual_estimate,,NCDC annual report 2014
29,2014,Taraba,1,1,0,,seed_annual_estimate,,NCDC annual report 2014
30,2014,Adamawa,0,0,0,,seed_annual_estimate,,NCDC annual report 2014
30,2014,Anambra,0,0,0,,seed_annual_estimate,,NCDC annual report 2014
30,2014,Bauchi,1,1,0,,seed_annual_estimate,,NCDC annual report 2014
30,2014,Benue,0,0,0,,seed_annual_estimate,,NCDC annual report 2014
30,2014,Cross River,0,0,0,,seed_annual_estimate,,NCDC annual report 2014
30,2014,Delta,0,0,0,,seed_annual_estimate,,NCDC annual report 2014
30,2014,Ebonyi,0,1,0,,seed_annual_estimate,,NCDC annual report 2014
30,2014,Edo,1,3,0,,seed_annual_estimate,,NCDC annual report 2014
30,2014,Enugu,0,0,0,,seed_annual_estimate,,NCDC annual report 2014
30,2014,Imo,0,0,0,,seed_annual_estimate,,NCDC annual report 2014
30,2014,Kogi,0,0,0,,seed_annual_estimate,,NCDC annual report 2014
30,2014,Nasarawa,0,0,0,,seed_annual_estimate,,NCDC annual report 2014
30,2014,Ondo,1,2,0,,seed_annual_estimate,,NCDC annual report 2014
30,2014,Plateau,0,0,0,,seed_annual_estimate,,NCDC annual report 2014
30,2014,Taraba,1,1,0,,seed_annual_estimate,,NCDC annual report 2014
31,2014,Adamawa,0,0,0,,seed_annual_estimate,,NCDC annual report 2014
31,2014,Anambra,0,0,0,,seed_annual_estimate,,NCDC annual report 2014
31,2014,Bauchi,1,1,0,,seed_annual_estimate,,NCDC annual report 2014
31,2014,Benue,0,0,0,,seed_annual_estimate,,NCDC annual report 2014
31,2014,Cross River,0,0,0,,seed_annual_estimate,,NCDC annual report 2014
31,2014,Delta,0,0,0,,seed_annual_estimate,,NCDC annual report 2014
31,2014,Ebonyi,0,1,0,,seed_annual_estimate,,NCDC annual report 2014
31,2014,Edo,1,3,0,,seed_annual_estimate,,NCDC annual report 2014
31,2014,Enugu,0,0,0,,seed_annual_estimate,,NCDC annual report 2014
31,2014,Imo,0,0,0,,seed_annual_estimate,,NCDC annual report 2014
31,2014,Kogi,0,0,0,,seed_annual_estimate,,NCDC annual report 2014
31,2014,Nasarawa,0,0,0,,seed_annual_estimate,,NCDC annual report 2014
31,2014,Ondo,1,2,0,,seed_annual_estimate,,NCDC annual report 2014
31,2014,Plateau,0,0,0,,seed_annual_estimate,,NCDC annual report 2014
31,2014,Taraba,1,1,0,,seed_annual_estimate,,NCDC annual report 2014
32,2014,Adamawa,0,0,0,,seed_annual_estimate,,NCDC annual report 2014
32,2014,Anambra,0,0,0,,seed_annual_estimate,,NCDC annual report 2014
32,2014,Bauchi,1,1,0,,seed_annual_estimate,,NCDC annual report 2014
32,2014,Benue,0,0,0,,seed_annual_estimate,,NCDC annual report 2014
32,2014,Cross River,0,0,0,,seed_annual_estimate,,NCDC annual report 2014
32,2014,Delta,0,0,0,,seed_annual_estimate,,NCDC annual report 2014
32,2014,Ebonyi,0,1,0,,seed_annual_estimate,,NCDC annual report 2014
32,2014,Edo,1,3,0,,seed_annual_estimate,,NCDC annual report 2014
32,2014,Enugu,0,0,0,,seed_annual_estimate,,NCDC annual report 2014
32,2014,Imo,0,0,0,,seed_annual_estimate,,NCDC annual report 2014
32,2014,Kogi,0,0,0,,seed_annual_estimate,,NCDC annual report 2014
32,2014,Nasarawa,0,0,0,,seed_annual_estimate,,NCDC annual report 2014
32,2014,Ondo,1,2,0,,seed_annual_estimate,,NCDC annual report 2014
32,2014,Plateau,0,0,0,,seed_annual_estimate,,NCDC annual report 2014
32,2014,Taraba,1,1,0,,seed_annual_estimate,,NCDC annual report 2014
33,2014,Adamawa,0,0,0,,seed_annual_estimate,,NCDC annual report 2014
33,2014,Anambra,0,0,0,,seed_annual_estimate,,NCDC annual report 2014
33,2014,Bauchi,1,1,0,,seed_annual_estimate,,NCDC annual report 2014
33,2014,Benue,0,0,0,,seed_annual_estimate,,NCDC annual report 2014
33,2014,Cross River,0,0,0,,seed_annual_estimate,,NCDC annual report 2014
33,2014,Delta,0,0,0,,seed_annual_estimate,,NCDC annual report 2014
33,2014,Ebonyi,0,1,0,,seed_annual_estimate,,NCDC annual report 2014
33,2014,Edo,1,3,0,,seed_annual_estimate,,NCDC annual report 2014
33,2014,Enugu,0,0,0,,seed_annual_estimate,,NCDC annual report 2014
33,2014,Imo,0,0,0,,seed_annual_estimate,,NCDC annual report 2014
33,2014,Kogi,0,0,0,,seed_annual_estimate,,NCDC annual report 2014
33,2014,Nasarawa,0,0,0,,seed_annual_estimate,,NCDC annual report 2014
33,2014,Ondo,1,2,0,,seed_annual_estimate,,NCDC annual report 2014
33,2014,Plateau,0,0,0,,seed_annual_estimate,,NCDC annual report 2014
33,2014,Taraba,1,1,0,,seed_annual_estimate,,NCDC annual report 2014
34,2014,Adamawa,0,0,0,,seed_annual_estimate,,NCDC annual report 2014
34,2014,Anambra,0,0,0,,seed_annual_estimate,,NCDC annual report 2014
34,2014,Bauchi,1,1,0,,seed_annual_estimate,,NCDC annual report 2014
34,2014,Benue,0,0,0,,seed_annual_estimate,,NCDC annual report 2014
34,2014,Cross River,0,0,0,,seed_annual_estimate,,NCDC annual report 2014
34,2014,Delta,0,0,0,,seed_annual_estimate,,NCDC annual report 2014
34,2014,Ebonyi,0,1,0,,seed_annual_estimate,,NCDC annual report 2014
34,2014,Edo,1,3,0,,seed_annual_estimate,,NCDC annual report 2014
34,2014,Enugu,0,0,0,,seed_annual_estimate,,NCDC annual report 2014
34,2014,Imo,0,0,0,,seed_annual_estimate,,NCDC annual report 2014
34,2014,Kogi,0,0,0,,seed_annual_estimate,,NCDC annual report 2014
34,2014,Nasarawa,0,0,0,,seed_annual_estimate,,NCDC annual report 2014
34,2014,Ondo,1,2,0,,seed_annual_estimate,,NCDC annual report 2014
34,2014,Plateau,0,0,0,,seed_annual_estimate,,NCDC annual report 2014
34,2014,Taraba,1,1,0,,seed_annual_estimate,,NCDC annual report 2014
35,2014,Adamawa,0,0,0,,seed_annual_estimate,,NCDC annual report 2014
35,2014,Anambra,0,0,0,,seed_annual_estimate,,NCDC annual report 2014
35,2014,Bauchi,1,1,0,,seed_annual_estimate,,NCDC annual report 2014
35,2014,Benue,0,0,0,,seed_annual_estimate,,NCDC annual report 2014
35,2014,Cross River,0,0,0,,seed_annual_estimate,,NCDC annual report 2014
35,2014,Delta,0,0,0,,seed_annual_estimate,,NCDC annual report 2014
35,2014,Ebonyi,0,1,0,,seed_annual_estimate,,NCDC annual report 2014
35,2014,Edo,1,3,0,,seed_annual_estimate,,NCDC annual report 2014
35,2014,Enugu,0,0,0,,seed_annual_estimate,,NCDC annual report 2014
35,2014,Imo,0,0,0,,seed_annual_estimate,,NCDC annual report 2014
35,2014,Kogi,0,0,0,,seed_annual_estimate,,NCDC annual report 2014
35,2014,Nasarawa,0,0,0,,seed_annual_estimate,,NCDC annual report 2014
35,2014,Ondo,1,2,0,,seed_annual_estimate,,NCDC annual report 2014
35,2014,Plateau,0,0,0,,seed_annual_estimate,,NCDC annual report 2014
35,2014,Taraba,1,1,0,,seed_annual_estimate,,NCDC annual report 2014
36,2014,Adamawa,0,0,0,,seed_annual_estimate,,NCDC annual report 2014
36,2014,Anambra,0,0,0,,seed_annual_estimate,,NCDC annual report 2014
36,2014,Bauchi,1,1,0,,seed_annual_estimate,,NCDC annual report 2014
36,2014,Benue,0,0,0,,seed_annual_estimate,,NCDC annual report 2014
36,2014,Cross River,0,0,0,,seed_annual_estimate,,NCDC annual report 2014
36,2014,Delta,0,0,0,,seed_annual_estimate,,NCDC annual report 2014
36,2014,Ebonyi,0,1,0,,seed_annual_estimate,,NCDC annual report 2014
36,2014,Edo,1,3,0,,seed_annual_estimate,,NCDC annual report 2014
36,2014,Enugu,0,0,0,,seed_annual_estimate,,NCDC annual report 2014
36,2014,Imo,0,0,0,,seed_annual_estimate,,NCDC annual report 2014
36,2014,Kogi,0,0,0,,seed_annual_estimate,,NCDC annual report 2014
36,2014,Nasarawa,0,0,0,,seed_annual_estimate,,NCDC annual report 2014
36,2014,Ondo,1,2,0,,seed_annual_estimate,,NCDC annual report 2014
36,2014,Plateau,0,0,0,,seed_annual_estimate,,NCDC annual report 2014
36,2014,Taraba,1,1,0,,seed_annual_estimate,,NCDC annual report 2014
37,2014,Adamawa,0,0,0,,seed_annual_estimate,,NCDC annual report 2014
37,2014,Anambra,0,0,0,,seed_annual_estimate,,NCDC annual report 2014
37,2014,Bauchi,1,1,0,,seed_annual_estimate,,NCDC annual report 2014
37,2014,Benue,0,0,0,,seed_annual_estimate,,NCDC annual report 2014
37,2014,Cross River,0,0,0,,seed_annual_estimate,,NCDC annual report 2014
37,2014,Delta,0,0,0,,seed_annual_estimate,,NCDC annual report 2014
37,2014,Ebonyi,0,1,0,,seed_annual_estimate,,NCDC annual report 2014
37,2014,Edo,1,3,0,,seed_annual_estimate,,NCDC annual report 2014
37,2014,Enugu,0,0,0,,seed_annual_estimate,,NCDC annual report 2014
37,2014,Imo,0,0,0,,seed_annual_estimate,,NCDC annual report 2014
37,2014,Kogi,0,0,0,,seed_annual_estimate,,NCDC annual report 2014
37,2014,Nasarawa,0,0,0,,seed_annual_estimate,,NCDC annual report 2014
37,2014,Ondo,1,2,0,,seed_annual_estimate,,NCDC annual report 2014
37,2014,Plateau,0,0,0,,seed_annual_estimate,,NCDC annual report 2014
37,2014,Taraba,1,1,0,,seed_annual_estimate,,NCDC annual report 2014
38,2014,Adamawa,0,0,0,,seed_annual_estimate,,NCDC annual report 2014
38,2014,Anambra,0,0,0,,seed_annual_estimate,,NCDC annual report 2014
38,2014,Bauchi,1,1,0,,seed_annual_estimate,,NCDC annual report 2014
38,2014,Benue,0,0,0,,seed_annual_estimate,,NCDC annual report 2014
38,2014,Cross River,0,0,0,,seed_annual_estimate,,NCDC annual report 2014
38,2014,Delta,0,0,0,,seed_annual_estimate,,NCDC annual report 2014
38,2014,Ebonyi,0,1,0,,seed_annual_estimate,,NCDC annual report 2014
38,2014,Edo,1,3,0,,seed_annual_estimate,,NCDC annual report 2014
38,2014,Enugu,0,0,0,,seed_annual_estimate,,NCDC annual report 2014
38,2014,Imo,0,0,0,,seed_annual_estimate,,NCDC annual report 2014
38,2014,Kogi,0,0,0,,seed_annual_estimate,,NCDC annual report 2014
38,2014,Nasarawa,0,0,0,,seed_annual_estimate,,NCDC annual report 2014
38,2014,Ondo,1,2,0,,seed_annual_estimate,,NCDC annual report 2014
38,2014,Plateau,0,0,0,,seed_annual_estimate,,NCDC annual report 2014
38,2014,Taraba,1,1,0,,seed_annual_estimate,,NCDC annual report 2014
39,2014,Adamawa,0,0,0,,seed_annual_estimate,,NCDC annual report 2014
39,2014,Anambra,0,0,0,,seed_annual_estimate,,NCDC annual report 2014
39,2014,Bauchi,1,1,0,,seed_annual_estimate,,NCDC annual report 2014
39,2014,Benue,0,0,0,,seed_annual_estimate,,NCDC annual report 2014
39,2014,Cross River,0,0,0,,seed_annual_estimate,,NCDC annual report 2014
39,2014,Delta,0,0,0,,seed_annual_estimate,,NCDC annual report 2014
39,2014,Ebonyi,0,1,0,,seed_annual_estimate,,NCDC annual report 2014
39,2014,Edo,1,3,0,,seed_annual_estimate,,NCDC annual report 2014
39,2014,Enugu,0,0,0,,seed_annual_estimate,,NCDC annual report 2014
39,2014,Imo,0,0,0,,seed_annual_estimate,,NCDC annual report 2014
39,2014,Kogi,0,0,0,,seed_annual_estimate,,NCDC annual report 2014
39,2014,Nasarawa,0,0,0,,seed_annual_estimate,,NCDC annual report 2014
39,2014,Ondo,1,2,0,,seed_annual_estimate,,NCDC annual report 2014
39,2014,Plateau,0,0,0,,seed_annual_estimate,,NCDC annual report 2014
39,2014,Taraba,1,1,0,,seed_annual_estimate,,NCDC annual report 2014
40,2014,Adamawa,0,0,0,,seed_annual_estimate,,NCDC annual report 2014
40,2014,Anambra,0,0,0,,seed_annual_estimate,,NCDC annual report 2014
40,2014,Bauchi,1,1,0,,seed_annual_estimate,,NCDC annual report 2014
40,2014,Benue,0,0,0,,seed_annual_estimate,,NCDC annual report 2014
40,2014,Cross River,0,0,0,,seed_annual_estimate,,NCDC annual report 2014
40,2014,Delta,0,0,0,,seed_annual_estimate,,NCDC annual report 2014
40,2014,Ebonyi,0,1,0,,seed_annual_estimate,,NCDC annual report 2014
40,2014,Edo,1,3,0,,seed_annual_estimate,,NCDC annual report 2014
40,2014,Enugu,0,0,0,,seed_annual_estimate,,NCDC annual report 2014
40,2014,Imo,0,0,0,,seed_annual_estimate,,NCDC annual report 2014
40,2014,Kogi,0,0,0,,seed_annual_estimate,,NCDC annual report 2014
40,2014,Nasarawa,0,0,0,,seed_annual_estimate,,NCDC annual report 2014
40,2014,Ondo,1,2,0,,seed_annual_estimate,,NCDC annual report 2014
40,2014,Plateau,0,0,0,,seed_annual_estimate,,NCDC annual report 2014
40,2014,Taraba,1,1,0,,seed_annual_estimate,,NCDC annual report 2014
41,2014,Adamawa,0,0,0,,seed_annual_estimate,,NCDC annual report 2014
41,2014,Anambra,0,0,0,,seed_annual_estimate,,NCDC annual report 2014
41,2014,Bauchi,1,1,0,,seed_annual_estimate,,NCDC annual report 2014
41,2014,Benue,0,0,0,,seed_annual_estimate,,NCDC annual report 2014
41,2014,Cross River,0,0,0,,seed_annual_estimate,,NCDC annual report 2014
41,2014,Delta,0,0,0,,seed_annual_estimate,,NCDC annual report 2014
41,2014,Ebonyi,0,1,0,,seed_annual_estimate,,NCDC annual report 2014
41,2014,Edo,1,3,0,,seed_annual_estimate,,NCDC annual report 2014
41,2014,Enugu,0,0,0,,seed_annual_estimate,,NCDC annual report 2014
41,2014,Imo,0,0,0,,seed_annual_estimate,,NCDC annual report 2014
41,2014,Kogi,0,0,0,,seed_annual_estimate,,NCDC annual report 2014
41,2014,Nasarawa,0,0,0,,seed_annual_estimate,,NCDC annual report 2014
41,2014,Ondo,1,2,0,,seed_annual_estimate,,NCDC annual report 2014
41,2014,Plateau,0,0,0,,seed_annual_estimate,,NCDC annual report 2014
41,2014,Taraba,1,1,0,,seed_annual_estimate,,NCDC annual report 2014
42,2014,Adamawa,0,0,0,,seed_annual_estimate,,NCDC annual report 2014
42,2014,Anambra,0,0,0,,seed_annual_estimate,,NCDC annual report 2014
42,2014,Bauchi,1,1,0,,seed_annual_estimate,,NCDC annual report 2014
42,2014,Benue,0,0,0,,seed_annual_estimate,,NCDC annual report 2014
42,2014,Cross River,0,0,0,,seed_annual_estimate,,NCDC annual report 2014
42,2014,Delta,0,0,0,,seed_annual_estimate,,NCDC annual report 2014
42,2014,Ebonyi,0,1,0,,seed_annual_estimate,,NCDC annual report 2014
42,2014,Edo,1,3,0,,seed_annual_estimate,,NCDC annual report 2014
42,2014,Enugu,0,0,0,,seed_annual_estimate,,NCDC annual report 2014
42,2014,Imo,0,0,0,,seed_annual_estimate,,NCDC annual report 2014
42,2014,Kogi,0,0,0,,seed_annual_estimate,,NCDC annual report 2014
42,2014,Nasarawa,0,0,0,,seed_annual_estimate,,NCDC annual report 2014
42,2014,Ondo,1,2,0,,seed_annual_estimate,,NCDC annual report 2014
42,2014,Plateau,0,0,0,,seed_annual_estimate,,NCDC annual report 2014
42,2014,Taraba,1,1,0,,seed_annual_estimate,,NCDC annual report 2014
43,2014,Adamawa,0,0,0,,seed_annual_estimate,,NCDC annual report 2014
43,2014,Anambra,0,0,0,,seed_annual_estimate,,NCDC annual report 2014
43,2014,Bauchi,1,1,0,,seed_annual_estimate,,NCDC annual report 2014
43,2014,Benue,0,0,0,,seed_annual_estimate,,NCDC annual report 2014
43,2014,Cross River,0,0,0,,seed_annual_estimate,,NCDC annual report 2014
43,2014,Delta,0,0,0,,seed_annual_estimate,,NCDC annual report 2014
43,2014,Ebonyi,0,1,0,,seed_annual_estimate,,NCDC annual report 2014
43,2014,Edo,1,3,0,,seed_annual_estimate,,NCDC annual report 2014
43,2014,Enugu,0,0,0,,seed_annual_estimate,,NCDC annual report 2014
43,2014,Imo,0,0,0,,seed_annual_estimate,,NCDC annual report 2014
43,2014,Kogi,0,0,0,,seed_annual_estimate,,NCDC annual report 2014
43,2014,Nasarawa,0,0,0,,seed_annual_estimate,,NCDC annual report 2014
43,2014,Ondo,1,2,0,,seed_annual_estimate,,NCDC annual report 2014
43,2014,Plateau,0,0,0,,seed_annual_estimate,,NCDC annual report 2014
43,2014,Taraba,1,1,0,,seed_annual_estimate,,NCDC annual report 2014
44,2014,Adamawa,0,0,0,,seed_annual_estimate,,NCDC annual report 2014
44,2014,Anambra,0,0,0,,seed_annual_estimate,,NCDC annual report 2014
44,2014,Bauchi,0,1,0,,seed_annual_estimate,,NCDC annual report 2014
44,2014,Benue,0,0,0,,seed_annual_estimate,,NCDC annual report 2014
44,2014,Cross River,0,0,0,,seed_annual_estimate,,NCDC annual report 2014
44,2014,Delta,0,0,0,,seed_annual_estimate,,NCDC annual report 2014
44,2014,Ebonyi,0,0,0,,seed_annual_estimate,,NCDC annual report 2014
44,2014,Edo,1,1,0,,seed_annual_estimate,,NCDC annual report 2014
44,2014,Enugu,0,0,0,,seed_annual_estimate,,NCDC annual report 2014
44,2014,Imo,0,0,0,,seed_annual_estimate,,NCDC annual report 2014
44,2014,Kogi,0,0,0,,seed_annual_estimate,,NCDC annual report 2014
44,2014,Nasarawa,0,0,0,,seed_annual_estimate,,NCDC annual report 2014
44,2014,Ondo,0,1,0,,seed_annual_estimate,,NCDC annual report 2014
44,2014,Plateau,0,0,0,,seed_annual_estimate,,NCDC annual report 2014
44,2014,Taraba,0,0,0,,seed_annual_estimate,,NCDC annual report 2014
45,2014,Adamawa,0,0,0,,seed_annual_estimate,,NCDC annual report 2014
45,2014,Anambra,0,0,0,,seed_annual_estimate,,NCDC annual report 2014
45,2014,Bauchi,0,1,0,,seed_annual_estimate,,NCDC annual report 2014
45,2014,Benue,0,0,0,,seed_annual_estimate,,NCDC annual report 2014
45,2014,Cross River,0,0,0,,seed_annual_estimate,,NCDC annual report 2014
45,2014,Delta,0,0,0,,seed_annual_estimate,,NCDC annual report 2014
45,2014,Ebonyi,0,0,0,,seed_annual_estimate,,NCDC annual report 2014
45,2014,Edo,1,1,0,,seed_annual_estimate,,NCDC annual report 2014
45,2014,Enugu,0,0,0,,seed_annual_estimate,,NCDC annual report 2014
45,2014,Imo,0,0,0,,seed_annual_estimate,,NCDC annual report 2014
45,2014,Kogi,0,0,0,,seed_annual_estimate,,NCDC annual report 2014
45,2014,Nasarawa,0,0,0,,seed_annual_estimate,,NCDC annual report 2014
45,2014,Ondo,0,1,0,,seed_annual_estimate,,NCDC annual report 2014
45,2014,Plateau,0,0,0,,seed_annual_estimate,,NCDC annual report 2014
45,2014,Taraba,0,0,0,,seed_annual_estimate,,NCDC annual report 2014
46,2014,Adamawa,0,0,0,,seed_annual_estimate,,NCDC annual report 2014
46,2014,Anambra,0,0,0,,seed_annual_estimate,,NCDC annual report 2014
46,2014,Bauchi,0,1,0,,seed_annual_estimate,,NCDC annual report 2014
46,2014,Benue,0,0,0,,seed_annual_estimate,,NCDC annual report 2014
46,2014,Cross River,0,0,0,,seed_annual_estimate,,NCDC annual report 2014
46,2014,Delta,0,0,0,,seed_annual_estimate,,NCDC annual report 2014
46,2014,Ebonyi,0,0,0,,seed_annual_estimate,,NCDC annual report 2014
46,2014,Edo,1,1,0,,seed_annual_estimate,,NCDC annual report 2014
46,2014,Enugu,0,0,0,,seed_annual_estimate,,NCDC annual report 2014
46,2014,Imo,0,0,0,,seed_annual_estimate,,NCDC annual report 2014
46,2014,Kogi,0,0,0,,seed_annual_estimate,,NCDC annual report 2014
46,2014,Nasarawa,0,0,0,,seed_annual_estimate,,NCDC annual report 2014
46,2014,Ondo,0,1,0,,seed_annual_estimate,,NCDC annual report 2014
46,2014,Plateau,0,0,0,,seed_annual_estimate,,NCDC annual report 2014
46,2014,Taraba,0,0,0,,seed_annual_estimate,,NCDC annual report 2014
47,2014,Adamawa,0,0,0,,seed_annual_estimate,,NCDC annual report 2014
47,2014,Anambra,0,0,0,,seed_annual_estimate,,NCDC annual report 2014
47,2014,Bauchi,0,1,0,,seed_annual_estimate,,NCDC annual report 2014
47,2014,Benue,0,0,0,,seed_annual_estimate,,NCDC annual report 2014
47,2014,Cross River,0,0,0,,seed_annual_estimate,,NCDC annual report 2014
47,2014,Delta,0,0,0,,seed_annual_estimate,,NCDC annual report 2014
47,2014,Ebonyi,0,0,0,,seed_annual_estimate,,NCDC annual report 2014
47,2014,Edo,1,1,0,,seed_annual_estimate,,NCDC annual report 2014
47,2014,Enugu,0,0,0,,seed_annual_estimate,,NCDC annual report 2014
47,2014,Imo,0,0,0,,seed_annual_estimate,,NCDC annual report 2014
47,2014,Kogi,0,0,0,,seed_annual_estimate,,NCDC annual report 2014
47,2014,Nasarawa,0,0,0,,seed_annual_estimate,,NCDC annual report 2014
47,2014,Ondo,0,1,0,,seed_annual_estimate,,NCDC annual report 2014
47,2014,Plateau,0,0,0,,seed_annual_estimate,,NCDC annual report 2014
47,2014,Taraba,0,0,0,,seed_annual_estimate,,NCDC annual report 2014
48,2014,Adamawa,0,0,0,,seed_annual_estimate,,NCDC annual report 2014
48,2014,Anambra,0,0,0,,seed_annual_estimate,,NCDC annual report 2014
48,2014,Bauchi,0,1,0,,seed_annual_estimate,,NCDC annual report 2014
48,2014,Benue,0,0,0,,seed_annual_estimate,,NCDC annual report 2014
48,2014,Cross River,0,0,0,,seed_annual_estimate,,NCDC annual report 2014
48,2014,Delta,0,0,0,,seed_annual_estimate,,NCDC annual report 2014
48,2014,Ebonyi,0,0,0,,seed_annual_estimate,,NCDC annual report 2014
48,2014,Edo,1,1,0,,seed_annual_estimate,,NCDC annual report 2014
48,2014,Enugu,0,0,0,,seed_annual_estimate,,NCDC annual report 2014
48,2014,Imo,0,0,0,,seed_annual_estimate,,NCDC annual report 2014
48,2014,Kogi,0,0,0,,seed_annual_estimate,,NCDC annual report 2014
48,2014,Nasarawa,0,0,0,,seed_annual_estimate,,NCDC annual report 2014
48,2014,Ondo,0,1,0,,seed_annual_estimate,,NCDC annual report 2014
48,2014,Plateau,0,0,0,,seed_annual_estimate,,NCDC annual report 2014
48,2014,Taraba,0,0,0,,seed_annual_estimate,,NCDC annual report 2014
49,2014,Adamawa,0,0,0,,seed_annual_estimate,,NCDC annual report 2014
49,2014,Anambra,0,0,0,,seed_annual_estimate,,NCDC annual report 2014
49,2014,Bauchi,0,1,0,,seed_annual_estimate,,NCDC annual report 2014
49,2014,Benue,0,0,0,,seed_annual_estimate,,NCDC annual report 2014
49,2014,Cross River,0,0,0,,seed_annual_estimate,,NCDC annual report 2014
49,2014,Delta,0,0,0,,seed_annual_estimate,,NCDC annual report 2014
49,2014,Ebonyi,0,0,0,,seed_annual_estimate,,NCDC annual report 2014
49,2014,Edo,1,1,0,,seed_annual_estimate,,NCDC annual report 2014
49,2014,Enugu,0,0,0,,seed_annual_estimate,,NCDC annual report 2014
49,2014,Imo,0,0,0,,seed_annual_estimate,,NCDC annual report 2014
49,2014,Kogi,0,0,0,,seed_annual_estimate,,NCDC annual report 2014
49,2014,Nasarawa,0,0,0,,seed_annual_estimate,,NCDC annual report 2014
49,2014,Ondo,0,1,0,,seed_annual_estimate,,NCDC annual report 2014
49,2014,Plateau,0,0,0,,seed_annual_estimate,,NCDC annual report 2014
49,2014,Taraba,0,0,0,,seed_annual_estimate,,NCDC annual report 2014
50,2014,Adamawa,0,0,0,,seed_annual_estimate,,NCDC annual report 2014
50,2014,Anambra,0,0,0,,seed_annual_estimate,,NCDC annual report 2014
50,2014,Bauchi,0,1,0,,seed_annual_estimate,,NCDC annual report 2014
50,2014,Benue,0,0,0,,seed_annual_estimate,,NCDC annual report 2014
50,2014,Cross River,0,0,0,,seed_annual_estimate,,NCDC annual report 2014
50,2014,Delta,0,0,0,,seed_annual_estimate,,NCDC annual report 2014
50,2014,Ebonyi,0,0,0,,seed_annual_estimate,,NCDC annual report 2014
50,2014,Edo,1,1,0,,seed_annual_estimate,,NCDC annual report 2014
50,2014,Enugu,0,0,0,,seed_annual_estimate,,NCDC annual report 2014
50,2014,Imo,0,0,0,,seed_annual_estimate,,NCDC annual report 2014
50,2014,Kogi,0,0,0,,seed_annual_estimate,,NCDC annual report 2014
50,2014,Nasarawa,0,0,0,,seed_annual_estimate,,NCDC annual report 2014
50,2014,Ondo,0,1,0,,seed_annual_estimate,,NCDC annual report 2014
50,2014,Plateau,0,0,0,,seed_annual_estimate,,NCDC annual report 2014
50,2014,Taraba,0,0,0,,seed_annual_estimate,,NCDC annual report 2014
51,2014,Adamawa,0,0,0,,seed_annual_estimate,,NCDC annual report 2014
51,2014,Anambra,0,0,0,,seed_annual_estimate,,NCDC annual report 2014
51,2014,Bauchi,0,1,0,,seed_annual_estimate,,NCDC annual report 2014
51,2014,Benue,0,0,0,,seed_annual_estimate,,NCDC annual report 2014
51,2014,Cross River,0,0,0,,seed_annual_estimate,,NCDC annual report 2014
51,2014,Delta,0,0,0,,seed_annual_estimate,,NCDC annual report 2014
51,2014,Ebonyi,0,0,0,,seed_annual_estimate,,NCDC annual report 2014
51,2014,Edo,1,1,0,,seed_annual_estimate,,NCDC annual report 2014
51,2014,Enugu,0,0,0,,seed_annual_estimate,,NCDC annual report 2014
51,2014,Imo,0,0,0,,seed_annual_estimate,,NCDC annual report 2014
51,2014,Kogi,0,0,0,,seed_annual_estimate,,NCDC annual report 2014
51,2014,Nasarawa,0,0,0,,seed_annual_estimate,,NCDC annual report 2014
51,2014,Ondo,0,1,0,,seed_annual_estimate,,NCDC annual report 2014
51,2014,Plateau,0,0,0,,seed_annual_estimate,,NCDC annual report 2014
51,2014,Taraba,0,0,0,,seed_annual_estimate,,NCDC annual report 2014
52,2014,Adamawa,0,0,0,,seed_annual_estimate,,NCDC annual report 2014
52,2014,Anambra,0,0,0,,seed_annual_estimate,,NCDC annual report 2014
52,2014,Bauchi,0,1,0,,seed_annual_estimate,,NCDC annual report 2014
52,2014,Benue,0,0,0,,seed_annual_estimate,,NCDC annual report 2014
52,2014,Cross River,0,0,0,,seed_annual_estimate,,NCDC annual report 2014
52,2014,Delta,0,0,0,,seed_annual_estimate,,NCDC annual report 2014
52,2014,Ebonyi,0,0,0,,seed_annual_estimate,,NCDC annual report 2014
52,2014,Edo,1,1,0,,seed_annual_estimate,,NCDC annual report 2014
52,2014,Enugu,0,0,0,,seed_annual_estimate,,NCDC annual report 2014
52,2014,Imo,0,0,0,,seed_annual_estimate,,NCDC annual report 2014
52,2014,Kogi,0,0,0,,seed_annual_estimate,,NCDC annual report 2014
52,2014,Nasarawa,0,0,0,,seed_annual_estimate,,NCDC annual report 2014
52,2014,Ondo,0,1,0,,seed_annual_estimate,,NCDC annual report 2014
52,2014,Plateau,0,0,0,,seed_annual_estimate,,NCDC annual report 2014
52,2014,Taraba,0,0,0,,seed_annual_estimate,,NCDC annual report 2014
1,2015,Adamawa,0,0,0,,seed_annual_estimate,,NCDC annual report 2015
1,2015,Anambra,0,0,0,,seed_annual_estimate,,NCDC annual report 2015
1,2015,Bauchi,0,1,0,,seed_annual_estimate,,NCDC annual report 2015
1,2015,Benue,0,0,0,,seed_annual_estimate,,NCDC annual report 2015
1,2015,Cross River,0,0,0,,seed_annual_estimate,,NCDC annual report 2015
1,2015,Delta,0,0,0,,seed_annual_estimate,,NCDC annual report 2015
1,2015,Ebonyi,0,1,0,,seed_annual_estimate,,NCDC annual report 2015
1,2015,Edo,1,2,0,,seed_annual_estimate,,NCDC annual report 2015
1,2015,Enugu,0,0,0,,seed_annual_estimate,,NCDC annual report 2015
1,2015,Imo,0,0,0,,seed_annual_estimate,,NCDC annual report 2015
1,2015,Kogi,0,0,0,,seed_annual_estimate,,NCDC annual report 2015
1,2015,Nasarawa,0,0,0,,seed_annual_estimate,,NCDC annual report 2015
1,2015,Ondo,1,1,0,,seed_annual_estimate,,NCDC annual report 2015
1,2015,Plateau,0,0,0,,seed_annual_estimate,,NCDC annual report 2015
1,2015,Taraba,0,1,0,,seed_annual_estimate,,NCDC annual report 2015
2,2015,Adamawa,0,0,0,,seed_annual_estimate,,NCDC annual report 2015
2,2015,Anambra,0,0,0,,seed_annual_estimate,,NCDC annual report 2015
2,2015,Bauchi,0,1,0,,seed_annual_estimate,,NCDC annual report 2015
2,2015,Benue,0,0,0,,seed_annual_estimate,,NCDC annual report 2015
2,2015,Cross River,0,0,0,,seed_annual_estimate,,NCDC annual report 2015
2,2015,Delta,0,0,0,,seed_annual_estimate,,NCDC annual report 2015
2,2015,Ebonyi,0,1,0,,seed_annual_estimate,,NCDC annual report 2015
2,2015,Edo,1,2,0,,seed_annual_estimate,,NCDC annual report 2015
2,2015,Enugu,0,0,0,,seed_annual_estimate,,NCDC annual report 2015
2,2015,Imo,0,0,0,,seed_annual_estimate,,NCDC annual report 2015
2,2015,Kogi,0,0,0,,seed_annual_estimate,,NCDC annual report 2015
2,2015,Nasarawa,0,0,0,,seed_annual_estimate,,NCDC annual report 2015
2,2015,Ondo,1,1,0,,seed_annual_estimate,,NCDC annual report 2015
2,2015,Plateau,0,0,0,,seed_annual_estimate,,NCDC annual report 2015
2,2015,Taraba,0,1,0,,seed_annual_estimate,,NCDC annual report 2015
3,2015,Adamawa,0,0,0,,seed_annual_estimate,,NCDC annual report 2015
3,2015,Anambra,0,0,0,,seed_annual_estimate,,NCDC annual report 2015
3,2015,Bauchi,0,1,0,,seed_annual_estimate,,NCDC annual report 2015
3,2015,Benue,0,0,0,,seed_annual_estimate,,NCDC annual report 2015
3,2015,Cross River,0,0,0,,seed_annual_estimate,,NCDC annual report 2015
3,2015,Delta,0,0,0,,seed_annual_estimate,,NCDC annual report 2015
3,2015,Ebonyi,0,1,0,,seed_annual_estimate,,NCDC annual report 2015
3,2015,Edo,1,2,0,,seed_annual_estimate,,NCDC annual report 2015
3,2015,Enugu,0,0,0,,seed_annual_estimate,,NCDC annual report 2015
3,2015,Imo,0,0,0,,seed_annual_estimate,,NCDC annual report 2015
3,2015,Kogi,0,0,0,,seed_annual_estimate,,NCDC annual report 2015
3,2015,Nasarawa,0,0,0,,seed_annual_estimate,,NCDC annual report 2015
3,2015,Ondo,1,1,0,,seed_annual_estimate,,NCDC annual report 2015
3,2015,Plateau,0,0,0,,seed_annual_estimate,,NCDC annual report 2015
3,2015,Taraba,0,1,0,,seed_annual_estimate,,NCDC annual report 2015
4,2015,Adamawa,0,0,0,,seed_annual_estimate,,NCDC annual report 2015
4,2015,Anambra,0,0,0,,seed_annual_estimate,,NCDC annual report 2015
4,2015,Bauchi,0,1,0,,seed_annual_estimate,,NCDC annual report 2015
4,2015,Benue,0,0,0,,seed_annual_estimate,,NCDC annual report 2015
4,2015,Cross River,0,0,0,,seed_annual_estimate,,NCDC annual report 2015
4,2015,Delta,0,0,0,,seed_annual_estimate,,NCDC annual report 2015
4,2015,Ebonyi,0,1,0,,seed_annual_estimate,,NCDC annual report 2015
4,2015,Edo,1,2,0,,seed_annual_estimate,,NCDC annual report 2015
4,2015,Enugu,0,0,0,,seed_annual_estimate,,NCDC annual report 2015
4,2015,Imo,0,0,0,,seed_annual_estimate,,NCDC annual report 2015
4,2015,Kogi,0,0,0,,seed_annual_estimate,,NCDC annual report 2015
4,2015,Nasarawa,0,0,0,,seed_annual_estimate,,NCDC annual report 2015
4,2015,Ondo,1,1,0,,seed_annual_estimate,,NCDC annual report 2015
4,2015,Plateau,0,0,0,,seed_annual_estimate,,NCDC annual report 2015
4,2015,Taraba,0,1,0,,seed_annual_estimate,,NCDC annual report 2015
5,2015,Adamawa,0,0,0,,seed_annual_estimate,,NCDC annual report 2015
5,2015,Anambra,0,0,0,,seed_annual_estimate,,NCDC annual report 2015
5,2015,Bauchi,0,1,0,,seed_annual_estimate,,NCDC annual report 2015
5,2015,Benue,0,0,0,,seed_annual_estimate,,NCDC annual report 2015
5,2015,Cross River,0,0,0,,seed_annual_estimate,,NCDC annual report 2015
5,2015,Delta,0,0,0,,seed_annual_estimate,,NCDC annual report 2015
5,2015,Ebonyi,0,1,0,,seed_annual_estimate,,NCDC annual report 2015
5,2015,Edo,1,2,0,,seed_annual_estimate,,NCDC annual report 2015
5,2015,Enugu,0,0,0,,seed_annual_estimate,,NCDC annual report 2015
5,2015,Imo,0,0,0,,seed_annual_estimate,,NCDC annual report 2015
5,2015,Kogi,0,0,0,,seed_annual_estimate,,NCDC annual report 2015
5,2015,Nasarawa,0,0,0,,seed_annual_estimate,,NCDC annual report 2015
5,2015,Ondo,1,1,0,,seed_annual_estimate,,NCDC annual report 2015
5,2015,Plateau,0,0,0,,seed_annual_estimate,,NCDC annual report 2015
5,2015,Taraba,0,1,0,,seed_annual_estimate,,NCDC annual report 2015
6,2015,Adamawa,0,0,0,,seed_annual_estimate,,NCDC annual report 2015
6,2015,Anambra,0,0,0,,seed_annual_estimate,,NCDC annual report 2015
6,2015,Bauchi,0,1,0,,seed_annual_estimate,,NCDC annual report 2015
6,2015,Benue,0,0,0,,seed_annual_estimate,,NCDC annual report 2015
6,2015,Cross River,0,0,0,,seed_annual_estimate,,NCDC annual report 2015
6,2015,Delta,0,0,0,,seed_annual_estimate,,NCDC annual report 2015
6,2015,Ebonyi,0,1,0,,seed_annual_estimate,,NCDC annual report 2015
6,2015,Edo,1,2,0,,seed_annual_estimate,,NCDC annual report 2015
6,2015,Enugu,0,0,0,,seed_annual_estimate,,NCDC annual report 2015
6,2015,Imo,0,0,0,,seed_annual_estimate,,NCDC annual report 2015
6,2015,Kogi,0,0,0,,seed_annual_estimate,,NCDC annual report 2015
6,2015,Nasarawa,0,0,0,,seed_annual_estimate,,NCDC annual report 2015
6,2015,Ondo,1,1,0,,seed_annual_estimate,,NCDC annual report 2015
6,2015,Plateau,0,0,0,,seed_annual_estimate,,NCDC annual report 2015
6,2015,Taraba,0,1,0,,seed_annual_estimate,,NCDC annual report 2015
7,2015,Adamawa,0,0,0,,seed_annual_estimate,,NCDC annual report 2015
7,2015,Anambra,0,0,0,,seed_annual_estimate,,NCDC annual report 2015
7,2015,Bauchi,0,1,0,,seed_annual_estimate,,NCDC annual report 2015
7,2015,Benue,0,0,0,,seed_annual_estimate,,NCDC annual report 2015
7,2015,Cross River,0,0,0,,seed_annual_estimate,,NCDC annual report 2015
7,2015,Delta,0,0,0,,seed_annual_estimate,,NCDC annual report 2015
7,2015,Ebonyi,0,1,0,,seed_annual_estimate,,NCDC annual report 2015
7,2015,Edo,1,2,0,,seed_annual_estimate,,NCDC annual report 2015
7,2015,Enugu,0,0,0,,seed_annual_estimate,,NCDC annual report 2015
7,2015,Imo,0,0,0,,seed_annual_estimate,,NCDC annual report 2015
7,2015,Kogi,0,0,0,,seed_annual_estimate,,NCDC annual report 2015
7,2015,Nasarawa,0,0,0,,seed_annual_estimate,,NCDC annual report 2015
7,2015,Ondo,1,1,0,,seed_annual_estimate,,NCDC annual report 2015
7,2015,Plateau,0,0,0,,seed_annual_estimate,,NCDC annual report 2015
7,2015,Taraba,0,1,0,,seed_annual_estimate,,NCDC annual report 2015
8,2015,Adamawa,0,0,0,,seed_annual_estimate,,NCDC annual report 2015
8,2015,Anambra,0,0,0,,seed_annual_estimate,,NCDC annual report 2015
8,2015,Bauchi,0,1,0,,seed_annual_estimate,,NCDC annual report 2015
8,2015,Benue,0,0,0,,seed_annual_estimate,,NCDC annual report 2015
8,2015,Cross River,0,0,0,,seed_annual_estimate,,NCDC annual report 2015
8,2015,Delta,0,0,0,,seed_annual_estimate,,NCDC annual report 2015
8,2015,Ebonyi,0,1,0,,seed_annual_estimate,,NCDC annual report 2015
8,2015,Edo,1,2,0,,seed_annual_estimate,,NCDC annual report 2015
8,2015,Enugu,0,0,0,,seed_annual_estimate,,NCDC annual report 2015
8,2015,Imo,0,0,0,,seed_annual_estimate,,NCDC annual report 2015
8,2015,Kogi,0,0,0,,seed_annual_estimate,,NCDC annual report 2015
8,2015,Nasarawa,0,0,0,,seed_annual_estimate,,NCDC annual report 2015
8,2015,Ondo,1,1,0,,seed_annual_estimate,,NCDC annual report 2015
8,2015,Plateau,0,0,0,,seed_annual_estimate,,NCDC annual report 2015
8,2015,Taraba,0,1,0,,seed_annual_estimate,,NCDC annual report 2015
9,2015,Adamawa,0,0,0,,seed_annual_estimate,,NCDC annual report 2015
9,2015,Anambra,0,0,0,,seed_annual_estimate,,NCDC annual report 2015
9,2015,Bauchi,0,1,0,,seed_annual_estimate,,NCDC annual report 2015
9,2015,Benue,0,0,0,,seed_annual_estimate,,NCDC annual report 2015
9,2015,Cross River,0,0,0,,seed_annual_estimate,,NCDC annual report 2015
9,2015,Delta,0,0,0,,seed_annual_estimate,,NCDC annual report 2015
9,2015,Ebonyi,0,1,0,,seed_annual_estimate,,NCDC annual report 2015
9,2015,Edo,1,2,0,,seed_annual_estimate,,NCDC annual report 2015
9,2015,Enugu,0,0,0,,seed_annual_estimate,,NCDC annual report 2015
9,2015,Imo,0,0,0,,seed_annual_estimate,,NCDC annual report 2015
9,2015,Kogi,0,0,0,,seed_annual_estimate,,NCDC annual report 2015
9,2015,Nasarawa,0,0,0,,seed_annual_estimate,,NCDC annual report 2015
9,2015,Ondo,1,1,0,,seed_annual_estimate,,NCDC annual report 2015
9,2015,Plateau,0,0,0,,seed_annual_estimate,,NCDC annual report 2015
9,2015,Taraba,0,1,0,,seed_annual_estimate,,NCDC annual report 2015
10,2015,Adamawa,0,0,0,,seed_annual_estimate,,NCDC annual report 2015
10,2015,Anambra,0,0,0,,seed_annual_estimate,,NCDC annual report 2015
10,2015,Bauchi,0,1,0,,seed_annual_estimate,,NCDC annual report 2015
10,2015,Benue,0,0,0,,seed_annual_estimate,,NCDC annual report 2015
10,2015,Cross River,0,0,0,,seed_annual_estimate,,NCDC annual report 2015
10,2015,Delta,0,0,0,,seed_annual_estimate,,NCDC annual report 2015
10,2015,Ebonyi,0,1,0,,seed_annual_estimate,,NCDC annual report 2015
10,2015,Edo,1,2,0,,seed_annual_estimate,,NCDC annual report 2015
10,2015,Enugu,0,0,0,,seed_annual_estimate,,NCDC annual report 2015
10,2015,Imo,0,0,0,,seed_annual_estimate,,NCDC annual report 2015
10,2015,Kogi,0,0,0,,seed_annual_estimate,,NCDC annual report 2015
10,2015,Nasarawa,0,0,0,,seed_annual_estimate,,NCDC annual report 2015
10,2015,Ondo,1,1,0,,seed_annual_estimate,,NCDC annual report 2015
10,2015,Plateau,0,0,0,,seed_annual_estimate,,NCDC annual report 2015
10,2015,Taraba,0,1,0,,seed_annual_estimate,,NCDC annual report 2015
11,2015,Adamawa,0,0,0,,seed_annual_estimate,,NCDC annual report 2015
11,2015,Anambra,0,0,0,,seed_annual_estimate,,NCDC annual report 2015
11,2015,Bauchi,0,1,0,,seed_annual_estimate,,NCDC annual report 2015
11,2015,Benue,0,0,0,,seed_annual_estimate,,NCDC annual report 2015
11,2015,Cross River,0,0,0,,seed_annual_estimate,,NCDC annual report 2015
11,2015,Delta,0,0,0,,seed_annual_estimate,,NCDC annual report 2015
11,2015,Ebonyi,0,1,0,,seed_annual_estimate,,NCDC annual report 2015
11,2015,Edo,1,2,0,,seed_annual_estimate,,NCDC annual report 2015
11,2015,Enugu,0,0,0,,seed_annual_estimate,,NCDC annual report 2015
11,2015,Imo,0,0,0,,seed_annual_estimate,,NCDC annual report 2015
11,2015,Kogi,0,0,0,,seed_annual_estimate,,NCDC annual report 2015
11,2015,Nasarawa,0,0,0,,seed_annual_estimate,,NCDC annual report 2015
11,2015,Ondo,1,1,0,,seed_annual_estimate,,NCDC annual report 2015
11,2015,Plateau,0,0,0,,seed_annual_estimate,,NCDC annual report 2015
11,2015,Taraba,0,1,0,,seed_annual_estimate,,NCDC annual report 2015
12,2015,Adamawa,0,0,0,,seed_annual_estimate,,NCDC annual report 2015
12,2015,Anambra,0,0,0,,seed_annual_estimate,,NCDC annual report 2015
12,2015,Bauchi,0,1,0,,seed_annual_estimate,,NCDC annual report 2015
12,2015,Benue,0,0,0,,seed_annual_estimate,,NCDC annual report 2015
12,2015,Cross River,0,0,0,,seed_annual_estimate,,NCDC annual report 2015
12,2015,Delta,0,0,0,,seed_annual_estimate,,NCDC annual report 2015
12,2015,Ebonyi,0,1,0,,seed_annual_estimate,,NCDC annual report 2015
12,2015,Edo,1,2,0,,seed_annual_estimate,,NCDC annual report 2015
12,2015,Enugu,0,0,0,,seed_annual_estimate,,NCDC annual report 2015
12,2015,Imo,0,0,0,,seed_annual_estimate,,NCDC annual report 2015
12,2015,Kogi,0,0,0,,seed_annual_estimate,,NCDC annual report 2015
12,2015,Nasarawa,0,0,0,,seed_annual_estimate,,NCDC annual report 2015
12,2015,Ondo,1,1,0,,seed_annual_estimate,,NCDC annual report 2015
12,2015,Plateau,0,0,0,,seed_annual_estimate,,NCDC annual report 2015
12,2015,Taraba,0,1,0,,seed_annual_estimate,,NCDC annual report 2015
13,2015,Adamawa,0,0,0,,seed_annual_estimate,,NCDC annual report 2015
13,2015,Anambra,0,0,0,,seed_annual_estimate,,NCDC annual report 2015
13,2015,Bauchi,0,1,0,,seed_annual_estimate,,NCDC annual report 2015
13,2015,Benue,0,0,0,,seed_annual_estimate,,NCDC annual report 2015
13,2015,Cross River,0,0,0,,seed_annual_estimate,,NCDC annual report 2015
13,2015,Delta,0,0,0,,seed_annual_estimate,,NCDC annual report 2015
13,2015,Ebonyi,0,1,0,,seed_annual_estimate,,NCDC annual report 2015
13,2015,Edo,1,2,0,,seed_annual_estimate,,NCDC annual report 2015
13,2015,Enugu,0,0,0,,seed_annual_estimate,,NCDC annual report 2015
13,2015,Imo,0,0,0,,seed_annual_estimate,,NCDC annual report 2015
13,2015,Kogi,0,0,0,,seed_annual_estimate,,NCDC annual report 2015
13,2015,Nasarawa,0,0,0,,seed_annual_estimate,,NCDC annual report 2015
13,2015,Ondo,1,1,0,,seed_annual_estimate,,NCDC annual report 2015
13,2015,Plateau,0,0,0,,seed_annual_estimate,,NCDC annual report 2015
13,2015,Taraba,0,1,0,,seed_annual_estimate,,NCDC annual report 2015
14,2015,Adamawa,0,0,0,,seed_annual_estimate,,NCDC annual report 2015
14,2015,Anambra,0,0,0,,seed_annual_estimate,,NCDC annual report 2015
14,2015,Bauchi,0,1,0,,seed_annual_estimate,,NCDC annual report 2015
14,2015,Benue,0,0,0,,seed_annual_estimate,,NCDC annual report 2015
14,2015,Cross River,0,0,0,,seed_annual_estimate,,NCDC annual report 2015
14,2015,Delta,0,0,0,,seed_annual_estimate,,NCDC annual report 2015
14,2015,Ebonyi,0,1,0,,seed_annual_estimate,,NCDC annual report 2015
14,2015,Edo,1,2,0,,seed_annual_estimate,,NCDC annual report 2015
14,2015,Enugu,0,0,0,,seed_annual_estimate,,NCDC annual report 2015
14,2015,Imo,0,0,0,,seed_annual_estimate,,NCDC annual report 2015
14,2015,Kogi,0,0,0,,seed_annual_estimate,,NCDC annual report 2015
14,2015,Nasarawa,0,0,0,,seed_annual_estimate,,NCDC annual report 2015
14,2015,Ondo,1,1,0,,seed_annual_estimate,,NCDC annual report 2015
14,2015,Plateau,0,0,0,,seed_annual_estimate,,NCDC annual report 2015
14,2015,Taraba,0,1,0,,seed_annual_estimate,,NCDC annual report 2015
15,2015,Adamawa,0,0,0,,seed_annual_estimate,,NCDC annual report 2015
15,2015,Anambra,0,0,0,,seed_annual_estimate,,NCDC annual report 2015
15,2015,Bauchi,0,1,0,,seed_annual_estimate,,NCDC annual report 2015
15,2015,Benue,0,0,0,,seed_annual_estimate,,NCDC annual report 2015
15,2015,Cross River,0,0,0,,seed_annual_estimate,,NCDC annual report 2015
15,2015,Delta,0,0,0,,seed_annual_estimate,,NCDC annual report 2015
15,2015,Ebonyi,0,1,0,,seed_annual_estimate,,NCDC annual report 2015
15,2015,Edo,1,2,0,,seed_annual_estimate,,NCDC annual report 2015
15,2015,Enugu,0,0,0,,seed_annual_estimate,,NCDC annual report 2015
15,2015,Imo,0,0,0,,seed_annual_estimate,,NCDC annual report 2015
15,2015,Kogi,0,0,0,,seed_annual_estimate,,NCDC annual report 2015
15,2015,Nasarawa,0,0,0,,seed_annual_estimate,,NCDC annual report 2015
15,2015,Ondo,1,1,0,,seed_annual_estimate,,NCDC annual report 2015
15,2015,Plateau,0,0,0,,seed_annual_estimate,,NCDC annual report 2015
15,2015,Taraba,0,1,0,,seed_annual_estimate,,NCDC annual report 2015
16,2015,Adamawa,0,0,0,,seed_annual_estimate,,NCDC annual report 2015
16,2015,Anambra,0,0,0,,seed_annual_estimate,,NCDC annual report 2015
16,2015,Bauchi,0,1,0,,seed_annual_estimate,,NCDC annual report 2015
16,2015,Benue,0,0,0,,seed_annual_estimate,,NCDC annual report 2015
16,2015,Cross River,0,0,0,,seed_annual_estimate,,NCDC annual report 2015
16,2015,Delta,0,0,0,,seed_annual_estimate,,NCDC annual report 2015
16,2015,Ebonyi,0,1,0,,seed_annual_estimate,,NCDC annual report 2015
16,2015,Edo,1,2,0,,seed_annual_estimate,,NCDC annual report 2015
16,2015,Enugu,0,0,0,,seed_annual_estimate,,NCDC annual report 2015
16,2015,Imo,0,0,0,,seed_annual_estimate,,NCDC annual report 2015
16,2015,Kogi,0,0,0,,seed_annual_estimate,,NCDC annual report 2015
16,2015,Nasarawa,0,0,0,,seed_annual_estimate,,NCDC annual report 2015
16,2015,Ondo,1,1,0,,seed_annual_estimate,,NCDC annual report 2015
16,2015,Plateau,0,0,0,,seed_annual_estimate,,NCDC annual report 2015
16,2015,Taraba,0,1,0,,seed_annual_estimate,,NCDC annual report 2015
17,2015,Adamawa,0,0,0,,seed_annual_estimate,,NCDC annual report 2015
17,2015,Anambra,0,0,0,,seed_annual_estimate,,NCDC annual report 2015
17,2015,Bauchi,0,1,0,,seed_annual_estimate,,NCDC annual report 2015
17,2015,Benue,0,0,0,,seed_annual_estimate,,NCDC annual report 2015
17,2015,Cross River,0,0,0,,seed_annual_estimate,,NCDC annual report 2015
17,2015,Delta,0,0,0,,seed_annual_estimate,,NCDC annual report 2015
17,2015,Ebonyi,0,1,0,,seed_annual_estimate,,NCDC annual report 2015
17,2015,Edo,1,2,0,,seed_annual_estimate,,NCDC annual report 2015
17,2015,Enugu,0,0,0,,seed_annual_estimate,,NCDC annual report 2015
17,2015,Imo,0,0,0,,seed_annual_estimate,,NCDC annual report 2015
17,2015,Kogi,0,0,0,,seed_annual_estimate,,NCDC annual report 2015
17,2015,Nasarawa,0,0,0,,seed_annual_estimate,,NCDC annual report 2015
17,2015,Ondo,1,1,0,,seed_annual_estimate,,NCDC annual report 2015
17,2015,Plateau,0,0,0,,seed_annual_estimate,,NCDC annual report 2015
17,2015,Taraba,0,1,0,,seed_annual_estimate,,NCDC annual report 2015
18,2015,Adamawa,0,0,0,,seed_annual_estimate,,NCDC annual report 2015
18,2015,Anambra,0,1,0,,seed_annual_estimate,,NCDC annual report 2015
18,2015,Bauchi,1,2,0,,seed_annual_estimate,,NCDC annual report 2015
18,2015,Benue,0,1,0,,seed_annual_estimate,,NCDC annual report 2015
18,2015,Cross River,0,0,0,,seed_annual_estimate,,NCDC annual report 2015
18,2015,Delta,0,1,0,,seed_annual_estimate,,NCDC annual report 2015
18,2015,Ebonyi,1,1,0,,seed_annual_estimate,,NCDC annual report 2015
18,2015,Edo,2,5,0,,seed_annual_estimate,,NCDC annual report 2015
18,2015,Enugu,0,0,0,,seed_annual_estimate,,NCDC annual report 2015
18,2015,Imo,0,0,0,,seed_annual_estimate,,NCDC annual report 2015
18,2015,Kogi,0,0,0,,seed_annual_estimate,,NCDC annual report 2015
18,2015,Nasarawa,0,0,0,,seed_annual_estimate,,NCDC annual report 2015
18,2015,Ondo,1,3,0,,seed_annual_estimate,,NCDC annual report 2015
18,2015,Plateau,0,0,0,,seed_annual_estimate,,NCDC annual report 2015
18,2015,Taraba,1,2,0,,seed_annual_estimate,,NCDC annual report 2015
19,2015,Adamawa,0,0,0,,seed_annual_estimate,,NCDC annual report 2015
19,2015,Anambra,0,1,0,,seed_annual_estimate,,NCDC annual report 2015
19,2015,Bauchi,1,2,0,,seed_annual_estimate,,NCDC annual report 2015
19,2015,Benue,0,1,0,,seed_annual_estimate,,NCDC annual report 2015
19,2015,Cross River,0,0,0,,seed_annual_estimate,,NCDC annual report 2015
19,2015,Delta,0,1,0,,seed_annual_estimate,,NCDC annual report 2015
19,2015,Ebonyi,1,1,0,,seed_annual_estimate,,NCDC annual report 2015
19,2015,Edo,2,5,0,,seed_annual_estimate,,NCDC annual report 2015
19,2015,Enugu,0,0,0,,seed_annual_estimate,,NCDC annual report 2015
19,2015,Imo,0,0,0,,seed_annual_estimate,,NCDC annual report 2015
19,2015,Kogi,0,0,0,,seed_annual_estimate,,NCDC annual report 2015
19,2015,Nasarawa,0,0,0,,seed_annual_estimate,,NCDC annual report 2015
19,2015,Ondo,1,3,0,,seed_annual_estimate,,NCDC annual report 2015
19,2015,Plateau,0,0,0,,seed_annual_estimate,,NCDC annual report 2015
19,2015,Taraba,1,2,0,,seed_annual_estimate,,NCDC annual report 2015
20,2015,Adamawa,0,0,0,,seed_annual_estimate,,NCDC annual report 2015
20,2015,Anambra,0,1,0,,seed_annual_estimate,,NCDC annual report 2015
20,2015,Bauchi,1,2,0,,seed_annual_estimate,,NCDC annual report 2015
20,2015,Benue,0,1,0,,seed_annual_estimate,,NCDC annual report 2015
20,2015,Cross River,0,0,0,,seed_annual_estimate,,NCDC annual report 2015
20,2015,Delta,0,1,0,,seed_annual_estimate,,NCDC annual report 2015
20,2015,Ebonyi,1,1,0,,seed_annual_estimate,,NCDC annual report 2015
20,2015,Edo,2,5,0,,seed_annual_estimate,,NCDC annual report 2015
20,2015,Enugu,0,0,0,,seed_annual_estimate,,NCDC annual report 2015
20,2015,Imo,0,0,0,,seed_annual_estimate,,NCDC annual report 2015
20,2015,Kogi,0,0,0,,seed_annual_estimate,,NCDC annual report 2015
20,2015,Nasarawa,0,0,0,,seed_annual_estimate,,NCDC annual report 2015
20,2015,Ondo,1,3,0,,seed_annual_estimate,,NCDC annual report 2015
20,2015,Plateau,0,0,0,,seed_annual_estimate,,NCDC annual report 2015
20,2015,Taraba,1,2,0,,seed_annual_estimate,,NCDC annual report 2015
21,2015,Adamawa,0,0,0,,seed_annual_estimate,,NCDC annual report 2015
21,2015,Anambra,0,1,0,,seed_annual_estimate,,NCDC annual report 2015
21,2015,Bauchi,1,2,0,,seed_annual_estimate,,NCDC annual report 2015
21,2015,Benue,0,1,0,,seed_annual_estimate,,NCDC annual report 2015
21,2015,Cross River,0,0,0,,seed_annual_estimate,,NCDC annual report 2015
21,2015,Delta,0,1,0,,seed_annual_estimate,,NCDC annual report 2015
21,2015,Ebonyi,1,1,0,,seed_annual_estimate,,NCDC annual report 2015
21,2015,Edo,2,5,0,,seed_annual_estimate,,NCDC annual report 2015
21,2015,Enugu,0,0,0,,seed_annual_estimate,,NCDC annual report 2015
21,2015,Imo,0,0,0,,seed_annual_estimate,,NCDC annual report 2015
21,2015,Kogi,0,0,0,,seed_annual_estimate,,NCDC annual report 2015
21,2015,Nasarawa,0,0,0,,seed_annual_estimate,,NCDC annual report 2015
21,2015,Ondo,1,3,0,,seed_annual_estimate,,NCDC annual report 2015
21,2015,Plateau,0,0,0,,seed_annual_estimate,,NCDC annual report 2015
21,2015,Taraba,1,2,0,,seed_annual_estimate,,NCDC annual report 2015
22,2015,Adamawa,0,0,0,,seed_annual_estimate,,NCDC annual report 2015
22,2015,Anambra,0,1,0,,seed_annual_estimate,,NCDC annual report 2015
22,2015,Bauchi,1,2,0,,seed_annual_estimate,,NCDC annual report 2015
22,2015,Benue,0,1,0,,seed_annual_estimate,,NCDC annual report 2015
22,2015,Cross River,0,0,0,,seed_annual_estimate,,NCDC annual report 2015
22,2015,Delta,0,1,0,,seed_annual_estimate,,NCDC annual report 2015
22,2015,Ebonyi,1,1,0,,seed_annual_estimate,,NCDC annual report 2015
22,2015,Edo,2,5,0,,seed_annual_estimate,,NCDC annual report 2015
22,2015,Enugu,0,0,0,,seed_annual_estimate,,NCDC annual report 2015
22,2015,Imo,0,0,0,,seed_annual_estimate,,NCDC annual report 2015
22,2015,Kogi,0,0,0,,seed_annual_estimate,,NCDC annual report 2015
22,2015,Nasarawa,0,0,0,,seed_annual_estimate,,NCDC annual report 2015
22,2015,Ondo,1,3,0,,seed_annual_estimate,,NCDC annual report 2015
22,2015,Plateau,0,0,0,,seed_annual_estimate,,NCDC annual report 2015
22,2015,Taraba,1,2,0,,seed_annual_estimate,,NCDC annual report 2015
23,2015,Adamawa,0,0,0,,seed_annual_estimate,,NCDC annual report 2015
23,2015,Anambra,0,1,0,,seed_annual_estimate,,NCDC annual report 2015
23,2015,Bauchi,1,2,0,,seed_annual_estimate,,NCDC annual report 2015
23,2015,Benue,0,1,0,,seed_annual_estimate,,NCDC annual report 2015
23,2015,Cross River,0,0,0,,seed_annual_estimate,,NCDC annual report 2015
23,2015,Delta,0,1,0,,seed_annual_estimate,,NCDC annual report 2015
23,2015,Ebonyi,1,1,0,,seed_annual_estimate,,NCDC annual report 2015
23,2015,Edo,2,5,0,,seed_annual_estimate,,NCDC annual report 2015
23,2015,Enugu,0,0,0,,seed_annual_estimate,,NCDC annual report 2015
23,2015,Imo,0,0,0,,seed_annual_estimate,,NCDC annual report 2015
23,2015,Kogi,0,0,0,,seed_annual_estimate,,NCDC annual report 2015
23,2015,Nasarawa,0,0,0,,seed_annual_estimate,,NCDC annual report 2015
23,2015,Ondo,1,3,0,,seed_annual_estimate,,NCDC annual report 2015
23,2015,Plateau,0,0,0,,seed_annual_estimate,,NCDC annual report 2015
23,2015,Taraba,1,2,0,,seed_annual_estimate,,NCDC annual report 2015
24,2015,Adamawa,0,0,0,,seed_annual_estimate,,NCDC annual report 2015
24,2015,Anambra,0,1,0,,seed_annual_estimate,,NCDC annual report 2015
24,2015,Bauchi,1,2,0,,seed_annual_estimate,,NCDC annual report 2015
24,2015,Benue,0,1,0,,seed_annual_estimate,,NCDC annual report 2015
24,2015,Cross River,0,0,0,,seed_annual_estimate,,NCDC annual report 2015
24,2015,Delta,0,1,0,,seed_annual_estimate,,NCDC annual report 2015
24,2015,Ebonyi,1,1,0,,seed_annual_estimate,,NCDC annual report 2015
24,2015,Edo,2,5,0,,seed_annual_estimate,,NCDC annual report 2015
24,2015,Enugu,0,0,0,,seed_annual_estimate,,NCDC annual report 2015
24,2015,Imo,0,0,0,,seed_annual_estimate,,NCDC annual report 2015
24,2015,Kogi,0,0,0,,seed_annual_estimate,,NCDC annual report 2015
24,2015,Nasarawa,0,0,0,,seed_annual_estimate,,NCDC annual report 2015
24,2015,Ondo,1,3,0,,seed_annual_estimate,,NCDC annual report 2015
24,2015,Plateau,0,0,0,,seed_annual_estimate,,NCDC annual report 2015
24,2015,Taraba,1,2,0,,seed_annual_estimate,,NCDC annual report 2015
25,2015,Adamawa,0,0,0,,seed_annual_estimate,,NCDC annual report 2015
25,2015,Anambra,0,1,0,,seed_annual_estimate,,NCDC annual report 2015
25,2015,Bauchi,1,2,0,,seed_annual_estimate,,NCDC annual report 2015
25,2015,Benue,0,1,0,,seed_annual_estimate,,NCDC annual report 2015
25,2015,Cross River,0,0,0,,seed_annual_estimate,,NCDC annual report 2015
25,2015,Delta,0,1,0,,seed_annual_estimate,,NCDC annual report 2015
25,2015,Ebonyi,1,1,0,,seed_annual_estimate,,NCDC annual report 2015
25,2015,Edo,2,5,0,,seed_annual_estimate,,NCDC annual report 2015
25,2015,Enugu,0,0,0,,seed_annual_estimate,,NCDC annual report 2015
25,2015,Imo,0,0,0,,seed_annual_estimate,,NCDC annual report 2015
25,2015,Kogi,0,0,0,,seed_annual_estimate,,NCDC annual report 2015
25,2015,Nasarawa,0,0,0,,seed_annual_estimate,,NCDC annual report 2015
25,2015,Ondo,1,3,0,,seed_annual_estimate,,NCDC annual report 2015
25,2015,Plateau,0,0,0,,seed_annual_estimate,,NCDC annual report 2015
25,2015,Taraba,1,2,0,,seed_annual_estimate,,NCDC annual report 2015
26,2015,Adamawa,0,0,0,,seed_annual_estimate,,NCDC annual report 2015
26,2015,Anambra,0,1,0,,seed_annual_estimate,,NCDC annual report 2015
26,2015,Bauchi,1,2,0,,seed_annual_estimate,,NCDC annual report 2015
26,2015,Benue,0,1,0,,seed_annual_estimate,,NCDC annual report 2015
26,2015,Cross River,0,0,0,,seed_annual_estimate,,NCDC annual report 2015
26,2015,Delta,0,1,0,,seed_annual_estimate,,NCDC annual report 2015
26,2015,Ebonyi,1,1,0,,seed_annual_estimate,,NCDC annual report 2015
26,2015,Edo,2,5,0,,seed_annual_estimate,,NCDC annual report 2015
26,2015,Enugu,0,0,0,,seed_annual_estimate,,NCDC annual report 2015
26,2015,Imo,0,0,0,,seed_annual_estimate,,NCDC annual report 2015
26,2015,Kogi,0,0,0,,seed_annual_estimate,,NCDC annual report 2015
26,2015,Nasarawa,0,0,0,,seed_annual_estimate,,NCDC annual report 2015
26,2015,Ondo,1,3,0,,seed_annual_estimate,,NCDC annual report 2015
26,2015,Plateau,0,0,0,,seed_annual_estimate,,NCDC annual report 2015
26,2015,Taraba,1,2,0,,seed_annual_estimate,,NCDC annual report 2015
27,2015,Adamawa,0,0,0,,seed_annual_estimate,,NCDC annual report 2015
27,2015,Anambra,0,1,0,,seed_annual_estimate,,NCDC annual report 2015
27,2015,Bauchi,1,2,0,,seed_annual_estimate,,NCDC annual report 2015
27,2015,Benue,0,1,0,,seed_annual_estimate,,NCDC annual report 2015
27,2015,Cross River,0,0,0,,seed_annual_estimate,,NCDC annual report 2015
27,2015,Delta,0,1,0,,seed_annual_estimate,,NCDC annual report 2015
27,2015,Ebonyi,1,1,0,,seed_annual_estimate,,NCDC annual report 2015
27,2015,Edo,2,5,0,,seed_annual_estimate,,NCDC annual report 2015
27,2015,Enugu,0,0,0,,seed_annual_estimate,,NCDC annual report 2015
27,2015,Imo,0,0,0,,seed_annual_estimate,,NCDC annual report 2015
27,2015,Kogi,0,0,0,,seed_annual_estimate,,NCDC annual report 2015
27,2015,Nasarawa,0,0,0,,seed_annual_estimate,,NCDC annual report 2015
27,2015,Ondo,1,3,0,,seed_annual_estimate,,NCDC annual report 2015
27,2015,Plateau,0,0,0,,seed_annual_estimate,,NCDC annual report 2015
27,2015,Taraba,1,2,0,,seed_annual_estimate,,NCDC annual report 2015
28,2015,Adamawa,0,0,0,,seed_annual_estimate,,NCDC annual report 2015
28,2015,Anambra,0,1,0,,seed_annual_estimate,,NCDC annual report 2015
28,2015,Bauchi,1,2,0,,seed_annual_estimate,,NCDC annual report 2015
28,2015,Benue,0,1,0,,seed_annual_estimate,,NCDC annual report 2015
28,2015,Cross River,0,0,0,,seed_annual_estimate,,NCDC annual report 2015
28,2015,Delta,0,1,0,,seed_annual_estimate,,NCDC annual report 2015
28,2015,Ebonyi,1,1,0,,seed_annual_estimate,,NCDC annual report 2015
28,2015,Edo,2,5,0,,seed_annual_estimate,,NCDC annual report 2015
28,2015,Enugu,0,0,0,,seed_annual_estimate,,NCDC annual report 2015
28,2015,Imo,0,0,0,,seed_annual_estimate,,NCDC annual report 2015
28,2015,Kogi,0,0,0,,seed_annual_estimate,,NCDC annual report 2015
28,2015,Nasarawa,0,0,0,,seed_annual_estimate,,NCDC annual report 2015
28,2015,Ondo,1,3,0,,seed_annual_estimate,,NCDC annual report 2015
28,2015,Plateau,0,0,0,,seed_annual_estimate,,NCDC annual report 2015
28,2015,Taraba,1,2,0,,seed_annual_estimate,,NCDC annual report 2015
29,2015,Adamawa,0,0,0,,seed_annual_estimate,,NCDC annual report 2015
29,2015,Anambra,0,1,0,,seed_annual_estimate,,NCDC annual report 2015
29,2015,Bauchi,1,2,0,,seed_annual_estimate,,NCDC annual report 2015
29,2015,Benue,0,1,0,,seed_annual_estimate,,NCDC annual report 2015
29,2015,Cross River,0,0,0,,seed_annual_estimate,,NCDC annual report 2015
29,2015,Delta,0,1,0,,seed_annual_estimate,,NCDC annual report 2015
29,2015,Ebonyi,1,1,0,,seed_annual_estimate,,NCDC annual report 2015
29,2015,Edo,2,5,0,,seed_annual_estimate,,NCDC annual report 2015
29,2015,Enugu,0,0,0,,seed_annual_estimate,,NCDC annual report 2015
29,2015,Imo,0,0,0,,seed_annual_estimate,,NCDC annual report 2015
29,2015,Kogi,0,0,0,,seed_annual_estimate,,NCDC annual report 2015
29,2015,Nasarawa,0,0,0,,seed_annual_estimate,,NCDC annual report 2015
29,2015,Ondo,1,3,0,,seed_annual_estimate,,NCDC annual report 2015
29,2015,Plateau,0,0,0,,seed_annual_estimate,,NCDC annual report 2015
29,2015,Taraba,1,2,0,,seed_annual_estimate,,NCDC annual report 2015
30,2015,Adamawa,0,0,0,,seed_annual_estimate,,NCDC annual report 2015
30,2015,Anambra,0,1,0,,seed_annual_estimate,,NCDC annual report 2015
30,2015,Bauchi,1,2,0,,seed_annual_estimate,,NCDC annual report 2015
30,2015,Benue,0,1,0,,seed_annual_estimate,,NCDC annual report 2015
30,2015,Cross River,0,0,0,,seed_annual_estimate,,NCDC annual report 2015
30,2015,Delta,0,1,0,,seed_annual_estimate,,NCDC annual report 2015
30,2015,Ebonyi,1,1,0,,seed_annual_estimate,,NCDC annual report 2015
30,2015,Edo,2,5,0,,seed_annual_estimate,,NCDC annual report 2015
30,2015,Enugu,0,0,0,,seed_annual_estimate,,NCDC annual report 2015
30,2015,Imo,0,0,0,,seed_annual_estimate,,NCDC annual report 2015
30,2015,Kogi,0,0,0,,seed_annual_estimate,,NCDC annual report 2015
30,2015,Nasarawa,0,0,0,,seed_annual_estimate,,NCDC annual report 2015
30,2015,Ondo,1,3,0,,seed_annual_estimate,,NCDC annual report 2015
30,2015,Plateau,0,0,0,,seed_annual_estimate,,NCDC annual report 2015
30,2015,Taraba,1,2,0,,seed_annual_estimate,,NCDC annual report 2015
31,2015,Adamawa,0,0,0,,seed_annual_estimate,,NCDC annual report 2015
31,2015,Anambra,0,1,0,,seed_annual_estimate,,NCDC annual report 2015
31,2015,Bauchi,1,2,0,,seed_annual_estimate,,NCDC annual report 2015
31,2015,Benue,0,1,0,,seed_annual_estimate,,NCDC annual report 2015
31,2015,Cross River,0,0,0,,seed_annual_estimate,,NCDC annual report 2015
31,2015,Delta,0,1,0,,seed_annual_estimate,,NCDC annual report 2015
31,2015,Ebonyi,1,1,0,,seed_annual_estimate,,NCDC annual report 2015
31,2015,Edo,2,5,0,,seed_annual_estimate,,NCDC annual report 2015
31,2015,Enugu,0,0,0,,seed_annual_estimate,,NCDC annual report 2015
31,2015,Imo,0,0,0,,seed_annual_estimate,,NCDC annual report 2015
31,2015,Kogi,0,0,0,,seed_annual_estimate,,NCDC annual report 2015
31,2015,Nasarawa,0,0,0,,seed_annual_estimate,,NCDC annual report 2015
31,2015,Ondo,1,3,0,,seed_annual_estimate,,NCDC annual report 2015
31,2015,Plateau,0,0,0,,seed_annual_estimate,,NCDC annual report 2015
31,2015,Taraba,1,2,0,,seed_annual_estimate,,NCDC annual report 2015
32,2015,Adamawa,0,0,0,,seed_annual_estimate,,NCDC annual report 2015
32,2015,Anambra,0,1,0,,seed_annual_estimate,,NCDC annual report 2015
32,2015,Bauchi,1,2,0,,seed_annual_estimate,,NCDC annual report 2015
32,2015,Benue,0,1,0,,seed_annual_estimate,,NCDC annual report 2015
32,2015,Cross River,0,0,0,,seed_annual_estimate,,NCDC annual report 2015
32,2015,Delta,0,1,0,,seed_annual_estimate,,NCDC annual report 2015
32,2015,Ebonyi,1,1,0,,seed_annual_estimate,,NCDC annual report 2015
32,2015,Edo,2,5,0,,seed_annual_estimate,,NCDC annual report 2015
32,2015,Enugu,0,0,0,,seed_annual_estimate,,NCDC annual report 2015
32,2015,Imo,0,0,0,,seed_annual_estimate,,NCDC annual report 2015
32,2015,Kogi,0,0,0,,seed_annual_estimate,,NCDC annual report 2015
32,2015,Nasarawa,0,0,0,,seed_annual_estimate,,NCDC annual report 2015
32,2015,Ondo,1,3,0,,seed_annual_estimate,,NCDC annual report 2015
32,2015,Plateau,0,0,0,,seed_annual_estimate,,NCDC annual report 2015
32,2015,Taraba,1,2,0,,seed_annual_estimate,,NCDC annual report 2015
33,2015,Adamawa,0,0,0,,seed_annual_estimate,,NCDC annual report 2015
33,2015,Anambra,0,1,0,,seed_annual_estimate,,NCDC annual report 2015
33,2015,Bauchi,1,2,0,,seed_annual_estimate,,NCDC annual report 2015
33,2015,Benue,0,1,0,,seed_annual_estimate,,NCDC annual report 2015
33,2015,Cross River,0,0,0,,seed_annual_estimate,,NCDC annual report 2015
33,2015,Delta,0,1,0,,seed_annual_estimate,,NCDC annual report 2015
33,2015,Ebonyi,1,1,0,,seed_annual_estimate,,NCDC annual report 2015
33,2015,Edo,2,5,0,,seed_annual_estimate,,NCDC annual report 2015
33,2015,Enugu,0,0,0,,seed_annual_estimate,,NCDC annual report 2015
33,2015,Imo,0,0,0,,seed_annual_estimate,,NCDC annual report 2015
33,2015,Kogi,0,0,0,,seed_annual_estimate,,NCDC annual report 2015
33,2015,Nasarawa,0,0,0,,seed_annual_estimate,,NCDC annual report 2015
33,2015,Ondo,1,3,0,,seed_annual_estimate,,NCDC annual report 2015
33,2015,Plateau,0,0,0,,seed_annual_estimate,,NCDC annual report 2015
33,2015,Taraba,1,2,0,,seed_annual_estimate,,NCDC annual report 2015
34,2015,Adamawa,0,0,0,,seed_annual_estimate,,NCDC annual report 2015
34,2015,Anambra,0,1,0,,seed_annual_estimate,,NCDC annual report 2015
34,2015,Bauchi,1,2,0,,seed_annual_estimate,,NCDC annual report 2015
34,2015,Benue,0,1,0,,seed_annual_estimate,,NCDC annual report 2015
34,2015,Cross River,0,0,0,,seed_annual_estimate,,NCDC annual report 2015
34,2015,Delta,0,1,0,,seed_annual_estimate,,NCDC annual report 2015
34,2015,Ebonyi,1,1,0,,seed_annual_estimate,,NCDC annual report 2015
34,2015,Edo,2,5,0,,seed_annual_estimate,,NCDC annual report 2015
34,2015,Enugu,0,0,0,,seed_annual_estimate,,NCDC annual report 2015
34,2015,Imo,0,0,0,,seed_annual_estimate,,NCDC annual report 2015
34,2015,Kogi,0,0,0,,seed_annual_estimate,,NCDC annual report 2015
34,2015,Nasarawa,0,0,0,,seed_annual_estimate,,NCDC annual report 2015
34,2015,Ondo,1,3,0,,seed_annual_estimate,,NCDC annual report 2015
34,2015,Plateau,0,0,0,,seed_annual_estimate,,NCDC annual report 2015
34,2015,Taraba,1,2,0,,seed_annual_estimate,,NCDC annual report 2015
35,2015,Adamawa,0,0,0,,seed_annual_estimate,,NCDC annual report 2015
35,2015,Anambra,0,1,0,,seed_annual_estimate,,NCDC annual report 2015
35,2015,Bauchi,1,2,0,,seed_annual_estimate,,NCDC annual report 2015
35,2015,Benue,0,1,0,,seed_annual_estimate,,NCDC annual report 2015
35,2015,Cross River,0,0,0,,seed_annual_estimate,,NCDC annual report 2015
35,2015,Delta,0,1,0,,seed_annual_estimate,,NCDC annual report 2015
35,2015,Ebonyi,1,1,0,,seed_annual_estimate,,NCDC annual report 2015
35,2015,Edo,2,5,0,,seed_annual_estimate,,NCDC annual report 2015
35,2015,Enugu,0,0,0,,seed_annual_estimate,,NCDC annual report 2015
35,2015,Imo,0,0,0,,seed_annual_estimate,,NCDC annual report 2015
35,2015,Kogi,0,0,0,,seed_annual_estimate,,NCDC annual report 2015
35,2015,Nasarawa,0,0,0,,seed_annual_estimate,,NCDC annual report 2015
35,2015,Ondo,1,3,0,,seed_annual_estimate,,NCDC annual report 2015
35,2015,Plateau,0,0,0,,seed_annual_estimate,,NCDC annual report 2015
35,2015,Taraba,1,2,0,,seed_annual_estimate,,NCDC annual report 2015
36,2015,Adamawa,0,0,0,,seed_annual_estimate,,NCDC annual report 2015
36,2015,Anambra,0,1,0,,seed_annual_estimate,,NCDC annual report 2015
36,2015,Bauchi,1,2,0,,seed_annual_estimate,,NCDC annual report 2015
36,2015,Benue,0,1,0,,seed_annual_estimate,,NCDC annual report 2015
36,2015,Cross River,0,0,0,,seed_annual_estimate,,NCDC annual report 2015
36,2015,Delta,0,1,0,,seed_annual_estimate,,NCDC annual report 2015
36,2015,Ebonyi,1,1,0,,seed_annual_estimate,,NCDC annual report 2015
36,2015,Edo,2,5,0,,seed_annual_estimate,,NCDC annual report 2015
36,2015,Enugu,0,0,0,,seed_annual_estimate,,NCDC annual report 2015
36,2015,Imo,0,0,0,,seed_annual_estimate,,NCDC annual report 2015
36,2015,Kogi,0,0,0,,seed_annual_estimate,,NCDC annual report 2015
36,2015,Nasarawa,0,0,0,,seed_annual_estimate,,NCDC annual report 2015
36,2015,Ondo,1,3,0,,seed_annual_estimate,,NCDC annual report 2015
36,2015,Plateau,0,0,0,,seed_annual_estimate,,NCDC annual report 2015
36,2015,Taraba,1,2,0,,seed_annual_estimate,,NCDC annual report 2015
37,2015,Adamawa,0,0,0,,seed_annual_estimate,,NCDC annual report 2015
37,2015,Anambra,0,1,0,,seed_annual_estimate,,NCDC annual report 2015
37,2015,Bauchi,1,2,0,,seed_annual_estimate,,NCDC annual report 2015
37,2015,Benue,0,1,0,,seed_annual_estimate,,NCDC annual report 2015
37,2015,Cross River,0,0,0,,seed_annual_estimate,,NCDC annual report 2015
37,2015,Delta,0,1,0,,seed_annual_estimate,,NCDC annual report 2015
37,2015,Ebonyi,1,1,0,,seed_annual_estimate,,NCDC annual report 2015
37,2015,Edo,2,5,0,,seed_annual_estimate,,NCDC annual report 2015
37,2015,Enugu,0,0,0,,seed_annual_estimate,,NCDC annual report 2015
37,2015,Imo,0,0,0,,seed_annual_estimate,,NCDC annual report 2015
37,2015,Kogi,0,0,0,,seed_annual_estimate,,NCDC annual report 2015
37,2015,Nasarawa,0,0,0,,seed_annual_estimate,,NCDC annual report 2015
37,2015,Ondo,1,3,0,,seed_annual_estimate,,NCDC annual report 2015
37,2015,Plateau,0,0,0,,seed_annual_estimate,,NCDC annual report 2015
37,2015,Taraba,1,2,0,,seed_annual_estimate,,NCDC annual report 2015
38,2015,Adamawa,0,0,0,,seed_annual_estimate,,NCDC annual report 2015
38,2015,Anambra,0,1,0,,seed_annual_estimate,,NCDC annual report 2015
38,2015,Bauchi,1,2,0,,seed_annual_estimate,,NCDC annual report 2015
38,2015,Benue,0,1,0,,seed_annual_estimate,,NCDC annual report 2015
38,2015,Cross River,0,0,0,,seed_annual_estimate,,NCDC annual report 2015
38,2015,Delta,0,1,0,,seed_annual_estimate,,NCDC annual report 2015
38,2015,Ebonyi,1,1,0,,seed_annual_estimate,,NCDC annual report 2015
38,2015,Edo,2,5,0,,seed_annual_estimate,,NCDC annual report 2015
38,2015,Enugu,0,0,0,,seed_annual_estimate,,NCDC annual report 2015
38,2015,Imo,0,0,0,,seed_annual_estimate,,NCDC annual report 2015
38,2015,Kogi,0,0,0,,seed_annual_estimate,,NCDC annual report 2015
38,2015,Nasarawa,0,0,0,,seed_annual_estimate,,NCDC annual report 2015
38,2015,Ondo,1,3,0,,seed_annual_estimate,,NCDC annual report 2015
38,2015,Plateau,0,0,0,,seed_annual_estimate,,NCDC annual report 2015
38,2015,Taraba,1,2,0,,seed_annual_estimate,,NCDC annual report 2015
39,2015,Adamawa,0,0,0,,seed_annual_estimate,,NCDC annual report 2015
39,2015,Anambra,0,1,0,,seed_annual_estimate,,NCDC annual report 2015
39,2015,Bauchi,1,2,0,,seed_annual_estimate,,NCDC annual report 2015
39,2015,Benue,0,1,0,,seed_annual_estimate,,NCDC annual report 2015
39,2015,Cross River,0,0,0,,seed_annual_estimate,,NCDC annual report 2015
39,2015,Delta,0,1,0,,seed_annual_estimate,,NCDC annual report 2015
39,2015,Ebonyi,1,1,0,,seed_annual_estimate,,NCDC annual report 2015
39,2015,Edo,2,5,0,,seed_annual_estimate,,NCDC annual report 2015
39,2015,Enugu,0,0,0,,seed_annual_estimate,,NCDC annual report 2015
39,2015,Imo,0,0,0,,seed_annual_estimate,,NCDC annual report 2015
39,2015,Kogi,0,0,0,,seed_annual_estimate,,NCDC annual report 2015
39,2015,Nasarawa,0,0,0,,seed_annual_estimate,,NCDC annual report 2015
39,2015,Ondo,1,3,0,,seed_annual_estimate,,NCDC annual report 2015
39,2015,Plateau,0,0,0,,seed_annual_estimate,,NCDC annual report 2015
39,2015,Taraba,1,2,0,,seed_annual_estimate,,NCDC annual report 2015
40,2015,Adamawa,0,0,0,,seed_annual_estimate,,NCDC annual report 2015
40,2015,Anambra,0,1,0,,seed_annual_estimate,,NCDC annual report 2015
40,2015,Bauchi,1,2,0,,seed_annual_estimate,,NCDC annual report 2015
40,2015,Benue,0,1,0,,seed_annual_estimate,,NCDC annual report 2015
40,2015,Cross River,0,0,0,,seed_annual_estimate,,NCDC annual report 2015
40,2015,Delta,0,1,0,,seed_annual_estimate,,NCDC annual report 2015
40,2015,Ebonyi,1,1,0,,seed_annual_estimate,,NCDC annual report 2015
40,2015,Edo,2,5,0,,seed_annual_estimate,,NCDC annual report 2015
40,2015,Enugu,0,0,0,,seed_annual_estimate,,NCDC annual report 2015
40,2015,Imo,0,0,0,,seed_annual_estimate,,NCDC annual report 2015
40,2015,Kogi,0,0,0,,seed_annual_estimate,,NCDC annual report 2015
40,2015,Nasarawa,0,0,0,,seed_annual_estimate,,NCDC annual report 2015
40,2015,Ondo,1,3,0,,seed_annual_estimate,,NCDC annual report 2015
40,2015,Plateau,0,0,0,,seed_annual_estimate,,NCDC annual report 2015
40,2015,Taraba,1,2,0,,seed_annual_estimate,,NCDC annual report 2015
41,2015,Adamawa,0,0,0,,seed_annual_estimate,,NCDC annual report 2015
41,2015,Anambra,0,1,0,,seed_annual_estimate,,NCDC annual report 2015
41,2015,Bauchi,1,2,0,,seed_annual_estimate,,NCDC annual report 2015
41,2015,Benue,0,1,0,,seed_annual_estimate,,NCDC annual report 2015
41,2015,Cross River,0,0,0,,seed_annual_estimate,,NCDC annual report 2015
41,2015,Delta,0,1,0,,seed_annual_estimate,,NCDC annual report 2015
41,2015,Ebonyi,1,1,0,,seed_annual_estimate,,NCDC annual report 2015
41,2015,Edo,2,5,0,,seed_annual_estimate,,NCDC annual report 2015
41,2015,Enugu,0,0,0,,seed_annual_estimate,,NCDC annual report 2015
41,2015,Imo,0,0,0,,seed_annual_estimate,,NCDC annual report 2015
41,2015,Kogi,0,0,0,,seed_annual_estimate,,NCDC annual report 2015
41,2015,Nasarawa,0,0,0,,seed_annual_estimate,,NCDC annual report 2015
41,2015,Ondo,1,3,0,,seed_annual_estimate,,NCDC annual report 2015
41,2015,Plateau,0,0,0,,seed_annual_estimate,,NCDC annual report 2015
41,2015,Taraba,1,2,0,,seed_annual_estimate,,NCDC annual report 2015
42,2015,Adamawa,0,0,0,,seed_annual_estimate,,NCDC annual report 2015
42,2015,Anambra,0,1,0,,seed_annual_estimate,,NCDC annual report 2015
42,2015,Bauchi,1,2,0,,seed_annual_estimate,,NCDC annual report 2015
42,2015,Benue,0,1,0,,seed_annual_estimate,,NCDC annual report 2015
42,2015,Cross River,0,0,0,,seed_annual_estimate,,NCDC annual report 2015
42,2015,Delta,0,1,0,,seed_annual_estimate,,NCDC annual report 2015
42,2015,Ebonyi,1,1,0,,seed_annual_estimate,,NCDC annual report 2015
42,2015,Edo,2,5,0,,seed_annual_estimate,,NCDC annual report 2015
42,2015,Enugu,0,0,0,,seed_annual_estimate,,NCDC annual report 2015
42,2015,Imo,0,0,0,,seed_annual_estimate,,NCDC annual report 2015
42,2015,Kogi,0,0,0,,seed_annual_estimate,,NCDC annual report 2015
42,2015,Nasarawa,0,0,0,,seed_annual_estimate,,NCDC annual report 2015
42,2015,Ondo,1,3,0,,seed_annual_estimate,,NCDC annual report 2015
42,2015,Plateau,0,0,0,,seed_annual_estimate,,NCDC annual report 2015
42,2015,Taraba,1,2,0,,seed_annual_estimate,,NCDC annual report 2015
43,2015,Adamawa,0,0,0,,seed_annual_estimate,,NCDC annual report 2015
43,2015,Anambra,0,1,0,,seed_annual_estimate,,NCDC annual report 2015
43,2015,Bauchi,1,2,0,,seed_annual_estimate,,NCDC annual report 2015
43,2015,Benue,0,1,0,,seed_annual_estimate,,NCDC annual report 2015
43,2015,Cross River,0,0,0,,seed_annual_estimate,,NCDC annual report 2015
43,2015,Delta,0,1,0,,seed_annual_estimate,,NCDC annual report 2015
43,2015,Ebonyi,1,1,0,,seed_annual_estimate,,NCDC annual report 2015
43,2015,Edo,2,5,0,,seed_annual_estimate,,NCDC annual report 2015
43,2015,Enugu,0,0,0,,seed_annual_estimate,,NCDC annual report 2015
43,2015,Imo,0,0,0,,seed_annual_estimate,,NCDC annual report 2015
43,2015,Kogi,0,0,0,,seed_annual_estimate,,NCDC annual report 2015
43,2015,Nasarawa,0,0,0,,seed_annual_estimate,,NCDC annual report 2015
43,2015,Ondo,1,3,0,,seed_annual_estimate,,NCDC annual report 2015
43,2015,Plateau,0,0,0,,seed_annual_estimate,,NCDC annual report 2015
43,2015,Taraba,1,2,0,,seed_annual_estimate,,NCDC annual report 2015
44,2015,Adamawa,0,0,0,,seed_annual_estimate,,NCDC annual report 2015
44,2015,Anambra,0,0,0,,seed_annual_estimate,,NCDC annual report 2015
44,2015,Bauchi,0,1,0,,seed_annual_estimate,,NCDC annual report 2015
44,2015,Benue,0,0,0,,seed_annual_estimate,,NCDC annual report 2015
44,2015,Cross River,0,0,0,,seed_annual_estimate,,NCDC annual report 2015
44,2015,Delta,0,0,0,,seed_annual_estimate,,NCDC annual report 2015
44,2015,Ebonyi,0,1,0,,seed_annual_estimate,,NCDC annual report 2015
44,2015,Edo,1,2,0,,seed_annual_estimate,,NCDC annual report 2015
44,2015,Enugu,0,0,0,,seed_annual_estimate,,NCDC annual report 2015
44,2015,Imo,0,0,0,,seed_annual_estimate,,NCDC annual report 2015
44,2015,Kogi,0,0,0,,seed_annual_estimate,,NCDC annual report 2015
44,2015,Nasarawa,0,0,0,,seed_annual_estimate,,NCDC annual report 2015
44,2015,Ondo,1,1,0,,seed_annual_estimate,,NCDC annual report 2015
44,2015,Plateau,0,0,0,,seed_annual_estimate,,NCDC annual report 2015
44,2015,Taraba,0,1,0,,seed_annual_estimate,,NCDC annual report 2015
45,2015,Adamawa,0,0,0,,seed_annual_estimate,,NCDC annual report 2015
45,2015,Anambra,0,0,0,,seed_annual_estimate,,NCDC annual report 2015
45,2015,Bauchi,0,1,0,,seed_annual_estimate,,NCDC annual report 2015
45,2015,Benue,0,0,0,,seed_annual_estimate,,NCDC annual report 2015
45,2015,Cross River,0,0,0,,seed_annual_estimate,,NCDC annual report 2015
45,2015,Delta,0,0,0,,seed_annual_estimate,,NCDC annual report 2015
45,2015,Ebonyi,0,1,0,,seed_annual_estimate,,NCDC annual report 2015
45,2015,Edo,1,2,0,,seed_annual_estimate,,NCDC annual report 2015
45,2015,Enugu,0,0,0,,seed_annual_estimate,,NCDC annual report 2015
45,2015,Imo,0,0,0,,seed_annual_estimate,,NCDC annual report 2015
45,2015,Kogi,0,0,0,,seed_annual_estimate,,NCDC annual report 2015
45,2015,Nasarawa,0,0,0,,seed_annual_estimate,,NCDC annual report 2015
45,2015,Ondo,1,1,0,,seed_annual_estimate,,NCDC annual report 2015
45,2015,Plateau,0,0,0,,seed_annual_estimate,,NCDC annual report 2015
45,2015,Taraba,0,1,0,,seed_annual_estimate,,NCDC annual report 2015
46,2015,Adamawa,0,0,0,,seed_annual_estimate,,NCDC annual report 2015
46,2015,Anambra,0,0,0,,seed_annual_estimate,,NCDC annual report 2015
46,2015,Bauchi,0,1,0,,seed_annual_estimate,,NCDC annual report 2015
46,2015,Benue,0,0,0,,seed_annual_estimate,,NCDC annual report 2015
46,2015,Cross River,0,0,0,,seed_annual_estimate,,NCDC annual report 2015
46,2015,Delta,0,0,0,,seed_annual_estimate,,NCDC annual report 2015
46,2015,Ebonyi,0,1,0,,seed_annual_estimate,,NCDC annual report 2015
46,2015,Edo,1,2,0,,seed_annual_estimate,,NCDC annual report 2015
46,2015,Enugu,0,0,0,,seed_annual_estimate,,NCDC annual report 2015
46,2015,Imo,0,0,0,,seed_annual_estimate,,NCDC annual report 2015
46,2015,Kogi,0,0,0,,seed_annual_estimate,,NCDC annual report 2015
46,2015,Nasarawa,0,0,0,,seed_annual_estimate,,NCDC annual report 2015
46,2015,Ondo,1,1,0,,seed_annual_estimate,,NCDC annual report 2015
46,2015,Plateau,0,0,0,,seed_annual_estimate,,NCDC annual report 2015
46,2015,Taraba,0,1,0,,seed_annual_estimate,,NCDC annual report 2015
47,2015,Adamawa,0,0,0,,seed_annual_estimate,,NCDC annual report 2015
47,2015,Anambra,0,0,0,,seed_annual_estimate,,NCDC annual report 2015
47,2015,Bauchi,0,1,0,,seed_annual_estimate,,NCDC annual report 2015
47,2015,Benue,0,0,0,,seed_annual_estimate,,NCDC annual report 2015
47,2015,Cross River,0,0,0,,seed_annual_estimate,,NCDC annual report 2015
47,2015,Delta,0,0,0,,seed_annual_estimate,,NCDC annual report 2015
47,2015,Ebonyi,0,1,0,,seed_annual_estimate,,NCDC annual report 2015
47,2015,Edo,1,2,0,,seed_annual_estimate,,NCDC annual report 2015
47,2015,Enugu,0,0,0,,seed_annual_estimate,,NCDC annual report 2015
47,2015,Imo,0,0,0,,seed_annual_estimate,,NCDC annual report 2015
47,2015,Kogi,0,0,0,,seed_annual_estimate,,NCDC annual report 2015
47,2015,Nasarawa,0,0,0,,seed_annual_estimate,,NCDC annual report 2015
47,2015,Ondo,1,1,0,,seed_annual_estimate,,NCDC annual report 2015
47,2015,Plateau,0,0,0,,seed_annual_estimate,,NCDC annual report 2015
47,2015,Taraba,0,1,0,,seed_annual_estimate,,NCDC annual report 2015
48,2015,Adamawa,0,0,0,,seed_annual_estimate,,NCDC annual report 2015
48,2015,Anambra,0,0,0,,seed_annual_estimate,,NCDC annual report 2015
48,2015,Bauchi,0,1,0,,seed_annual_estimate,,NCDC annual report 2015
48,2015,Benue,0,0,0,,seed_annual_estimate,,NCDC annual report 2015
48,2015,Cross River,0,0,0,,seed_annual_estimate,,NCDC annual report 2015
48,2015,Delta,0,0,0,,seed_annual_estimate,,NCDC annual report 2015
48,2015,Ebonyi,0,1,0,,seed_annual_estimate,,NCDC annual report 2015
48,2015,Edo,1,2,0,,seed_annual_estimate,,NCDC annual report 2015
48,2015,Enugu,0,0,0,,seed_annual_estimate,,NCDC annual report 2015
48,2015,Imo,0,0,0,,seed_annual_estimate,,NCDC annual report 2015
48,2015,Kogi,0,0,0,,seed_annual_estimate,,NCDC annual report 2015
48,2015,Nasarawa,0,0,0,,seed_annual_estimate,,NCDC annual report 2015
48,2015,Ondo,1,1,0,,seed_annual_estimate,,NCDC annual report 2015
48,2015,Plateau,0,0,0,,seed_annual_estimate,,NCDC annual report 2015
48,2015,Taraba,0,1,0,,seed_annual_estimate,,NCDC annual report 2015
49,2015,Adamawa,0,0,0,,seed_annual_estimate,,NCDC annual report 2015
49,2015,Anambra,0,0,0,,seed_annual_estimate,,NCDC annual report 2015
49,2015,Bauchi,0,1,0,,seed_annual_estimate,,NCDC annual report 2015
49,2015,Benue,0,0,0,,seed_annual_estimate,,NCDC annual report 2015
49,2015,Cross River,0,0,0,,seed_annual_estimate,,NCDC annual report 2015
49,2015,Delta,0,0,0,,seed_annual_estimate,,NCDC annual report 2015
49,2015,Ebonyi,0,1,0,,seed_annual_estimate,,NCDC annual report 2015
49,2015,Edo,1,2,0,,seed_annual_estimate,,NCDC annual report 2015
49,2015,Enugu,0,0,0,,seed_annual_estimate,,NCDC annual report 2015
49,2015,Imo,0,0,0,,seed_annual_estimate,,NCDC annual report 2015
49,2015,Kogi,0,0,0,,seed_annual_estimate,,NCDC annual report 2015
49,2015,Nasarawa,0,0,0,,seed_annual_estimate,,NCDC annual report 2015
49,2015,Ondo,1,1,0,,seed_annual_estimate,,NCDC annual report 2015
49,2015,Plateau,0,0,0,,seed_annual_estimate,,NCDC annual report 2015
49,2015,Taraba,0,1,0,,seed_annual_estimate,,NCDC annual report 2015
50,2015,Adamawa,0,0,0,,seed_annual_estimate,,NCDC annual report 2015
50,2015,Anambra,0,0,0,,seed_annual_estimate,,NCDC annual report 2015
50,2015,Bauchi,0,1,0,,seed_annual_estimate,,NCDC annual report 2015
50,2015,Benue,0,0,0,,seed_annual_estimate,,NCDC annual report 2015
50,2015,Cross River,0,0,0,,seed_annual_estimate,,NCDC annual report 2015
50,2015,Delta,0,0,0,,seed_annual_estimate,,NCDC annual report 2015
50,2015,Ebonyi,0,1,0,,seed_annual_estimate,,NCDC annual report 2015
50,2015,Edo,1,2,0,,seed_annual_estimate,,NCDC annual report 2015
50,2015,Enugu,0,0,0,,seed_annual_estimate,,NCDC annual report 2015
50,2015,Imo,0,0,0,,seed_annual_estimate,,NCDC annual report 2015
50,2015,Kogi,0,0,0,,seed_annual_estimate,,NCDC annual report 2015
50,2015,Nasarawa,0,0,0,,seed_annual_estimate,,NCDC annual report 2015
50,2015,Ondo,1,1,0,,seed_annual_estimate,,NCDC annual report 2015
50,2015,Plateau,0,0,0,,seed_annual_estimate,,NCDC annual report 2015
50,2015,Taraba,0,1,0,,seed_annual_estimate,,NCDC annual report 2015
51,2015,Adamawa,0,0,0,,seed_annual_estimate,,NCDC annual report 2015
51,2015,Anambra,0,0,0,,seed_annual_estimate,,NCDC annual report 2015
51,2015,Bauchi,0,1,0,,seed_annual_estimate,,NCDC annual report 2015
51,2015,Benue,0,0,0,,seed_annual_estimate,,NCDC annual report 2015
51,2015,Cross River,0,0,0,,seed_annual_estimate,,NCDC annual report 2015
51,2015,Delta,0,0,0,,seed_annual_estimate,,NCDC annual report 2015
51,2015,Ebonyi,0,1,0,,seed_annual_estimate,,NCDC annual report 2015
51,2015,Edo,1,2,0,,seed_annual_estimate,,NCDC annual report 2015
51,2015,Enugu,0,0,0,,seed_annual_estimate,,NCDC annual report 2015
51,2015,Imo,0,0,0,,seed_annual_estimate,,NCDC annual report 2015
51,2015,Kogi,0,0,0,,seed_annual_estimate,,NCDC annual report 2015
51,2015,Nasarawa,0,0,0,,seed_annual_estimate,,NCDC annual report 2015
51,2015,Ondo,1,1,0,,seed_annual_estimate,,NCDC annual report 2015
51,2015,Plateau,0,0,0,,seed_annual_estimate,,NCDC annual report 2015
51,2015,Taraba,0,1,0,,seed_annual_estimate,,NCDC annual report 2015
52,2015,Adamawa,0,0,0,,seed_annual_estimate,,NCDC annual report 2015
52,2015,Anambra,0,0,0,,seed_annual_estimate,,NCDC annual report 2015
52,2015,Bauchi,0,1,0,,seed_annual_estimate,,NCDC annual report 2015
52,2015,Benue,0,0,0,,seed_annual_estimate,,NCDC annual report 2015
52,2015,Cross River,0,0,0,,seed_annual_estimate,,NCDC annual report 2015
52,2015,Delta,0,0,0,,seed_annual_estimate,,NCDC annual report 2015
52,2015,Ebonyi,0,1,0,,seed_annual_estimate,,NCDC annual report 2015
52,2015,Edo,1,2,0,,seed_annual_estimate,,NCDC annual report 2015
52,2015,Enugu,0,0,0,,seed_annual_estimate,,NCDC annual report 2015
52,2015,Imo,0,0,0,,seed_annual_estimate,,NCDC annual report 2015
52,2015,Kogi,0,0,0,,seed_annual_estimate,,NCDC annual report 2015
52,2015,Nasarawa,0,0,0,,seed_annual_estimate,,NCDC annual report 2015
52,2015,Ondo,1,1,0,,seed_annual_estimate,,NCDC annual report 2015
52,2015,Plateau,0,0,0,,seed_annual_estimate,,NCDC annual report 2015
52,2015,Taraba,0,1,0,,seed_annual_estimate,,NCDC annual report 2015
1,2016,Adamawa,0,0,0,0,seed_annual_estimate,,Ilori et al. 2019; NCDC report
1,2016,Anambra,0,1,0,0,seed_annual_estimate,,Ilori et al. 2019; NCDC report
1,2016,Bauchi,1,2,0,0,seed_annual_estimate,,Ilori et al. 2019; NCDC report
1,2016,Benue,0,0,0,0,seed_annual_estimate,,Ilori et al. 2019; NCDC report
1,2016,Cross River,0,0,0,0,seed_annual_estimate,,Ilori et al. 2019; NCDC report
1,2016,Delta,0,1,0,0,seed_annual_estimate,,Ilori et al. 2019; NCDC report
1,2016,Ebonyi,1,1,0,0,seed_annual_estimate,,Ilori et al. 2019; NCDC report
1,2016,Edo,2,5,0,0,seed_annual_estimate,,Ilori et al. 2019; NCDC report
1,2016,Enugu,0,0,0,0,seed_annual_estimate,,Ilori et al. 2019; NCDC report
1,2016,Imo,0,0,0,0,seed_annual_estimate,,Ilori et al. 2019; NCDC report
1,2016,Kogi,0,0,0,0,seed_annual_estimate,,Ilori et al. 2019; NCDC report
1,2016,Nasarawa,0,0,0,0,seed_annual_estimate,,Ilori et al. 2019; NCDC report
1,2016,Ondo,1,3,0,0,seed_annual_estimate,,Ilori et al. 2019; NCDC report
1,2016,Plateau,0,0,0,0,seed_annual_estimate,,Ilori et al. 2019; NCDC report
1,2016,Taraba,1,2,0,0,seed_annual_estimate,,Ilori et al. 2019; NCDC report
2,2016,Adamawa,0,0,0,0,seed_annual_estimate,,Ilori et al. 2019; NCDC report
2,2016,Anambra,0,1,0,0,seed_annual_estimate,,Ilori et al. 2019; NCDC report
2,2016,Bauchi,1,2,0,0,seed_annual_estimate,,Ilori et al. 2019; NCDC report
2,2016,Benue,0,0,0,0,seed_annual_estimate,,Ilori et al. 2019; NCDC report
2,2016,Cross River,0,0,0,0,seed_annual_estimate,,Ilori et al. 2019; NCDC report
2,2016,Delta,0,1,0,0,seed_annual_estimate,,Ilori et al. 2019; NCDC report
2,2016,Ebonyi,1,1,0,0,seed_annual_estimate,,Ilori et al. 2019; NCDC report
2,2016,Edo,2,5,0,0,seed_annual_estimate,,Ilori et al. 2019; NCDC report
2,2016,Enugu,0,0,0,0,seed_annual_estimate,,Ilori et al. 2019; NCDC report
2,2016,Imo,0,0,0,0,seed_annual_estimate,,Ilori et al. 2019; NCDC report
2,2016,Kogi,0,0,0,0,seed_annual_estimate,,Ilori et al. 2019; NCDC report
2,2016,Nasarawa,0,0,0,0,seed_annual_estimate,,Ilori et al. 2019; NCDC report
2,2016,Ondo,1,3,0,0,seed_annual_estimate,,Ilori et al. 2019; NCDC report
2,2016,Plateau,0,0,0,0,seed_annual_estimate,,Ilori et al. 2019; NCDC report
2,2016,Taraba,1,2,0,0,seed_annual_estimate,,Ilori et al. 2019; NCDC report
3,2016,Adamawa,0,0,0,0,seed_annual_estimate,,Ilori et al. 2019; NCDC report
3,2016,Anambra,0,1,0,0,seed_annual_estimate,,Ilori et al. 2019; NCDC report
3,2016,Bauchi,1,2,0,0,seed_annual_estimate,,Ilori et al. 2019; NCDC report
3,2016,Benue,0,0,0,0,seed_annual_estimate,,Ilori et al. 2019; NCDC report
3,2016,Cross River,0,0,0,0,seed_annual_estimate,,Ilori et al. 2019; NCDC report
3,2016,Delta,0,1,0,0,seed_annual_estimate,,Ilori et al. 2019; NCDC report
3,2016,Ebonyi,1,1,0,0,seed_annual_estimate,,Ilori et al. 2019; NCDC report
3,2016,Edo,2,5,0,0,seed_annual_estimate,,Ilori et al. 2019; NCDC report
3,2016,Enugu,0,0,0,0,seed_annual_estimate,,Ilori et al. 2019; NCDC report
3,2016,Imo,0,0,0,0,seed_annual_estimate,,Ilori et al. 2019; NCDC report
3,2016,Kogi,0,0,0,0,seed_annual_estimate,,Ilori et al. 2019; NCDC report
3,2016,Nasarawa,0,0,0,0,seed_annual_estimate,,Ilori et al. 2019; NCDC report
3,2016,Ondo,1,3,0,0,seed_annual_estimate,,Ilori et al. 2019; NCDC report
3,2016,Plateau,0,0,0,0,seed_annual_estimate,,Ilori et al. 2019; NCDC report
3,2016,Taraba,1,2,0,0,seed_annual_estimate,,Ilori et al. 2019; NCDC report
4,2016,Adamawa,0,0,0,0,seed_annual_estimate,,Ilori et al. 2019; NCDC report
4,2016,Anambra,0,1,0,0,seed_annual_estimate,,Ilori et al. 2019; NCDC report
4,2016,Bauchi,1,2,0,0,seed_annual_estimate,,Ilori et al. 2019; NCDC report
4,2016,Benue,0,0,0,0,seed_annual_estimate,,Ilori et al. 2019; NCDC report
4,2016,Cross River,0,0,0,0,seed_annual_estimate,,Ilori et al. 2019; NCDC report
4,2016,Delta,0,1,0,0,seed_annual_estimate,,Ilori et al. 2019; NCDC report
4,2016,Ebonyi,1,1,0,0,seed_annual_estimate,,Ilori et al. 2019; NCDC report
4,2016,Edo,2,5,0,0,seed_annual_estimate,,Ilori et al. 2019; NCDC report
4,2016,Enugu,0,0,0,0,seed_annual_estimate,,Ilori et al. 2019; NCDC report
4,2016,Imo,0,0,0,0,seed_annual_estimate,,Ilori et al. 2019; NCDC report
4,2016,Kogi,0,0,0,0,seed_annual_estimate,,Ilori et al. 2019; NCDC report
4,2016,Nasarawa,0,0,0,0,seed_annual_estimate,,Ilori et al. 2019; NCDC report
4,2016,Ondo,1,3,0,0,seed_annual_estimate,,Ilori et al. 2019; NCDC report
4,2016,Plateau,0,0,0,0,seed_annual_estimate,,Ilori et al. 2019; NCDC report
4,2016,Taraba,1,2,0,0,seed_annual_estimate,,Ilori et al. 2019; NCDC report
5,2016,Adamawa,0,0,0,0,seed_annual_estimate,,Ilori et al. 2019; NCDC report
5,2016,Anambra,0,1,0,0,seed_annual_estimate,,Ilori et al. 2019; NCDC report
5,2016,Bauchi,1,2,0,0,seed_annual_estimate,,Ilori et al. 2019; NCDC report
5,2016,Benue,0,0,0,0,seed_annual_estimate,,Ilori et al. 2019; NCDC report
5,2016,Cross River,0,0,0,0,seed_annual_estimate,,Ilori et al. 2019; NCDC report
5,2016,Delta,0,1,0,0,seed_annual_estimate,,Ilori et al. 2019; NCDC report
5,2016,Ebonyi,1,1,0,0,seed_annual_estimate,,Ilori et al. 2019; NCDC report
5,2016,Edo,2,5,0,0,seed_annual_estimate,,Ilori et al. 2019; NCDC report
5,2016,Enugu,0,0,0,0,seed_annual_estimate,,Ilori et al. 2019; NCDC report
5,2016,Imo,0,0,0,0,seed_annual_estimate,,Ilori et al. 2019; NCDC report
5,2016,Kogi,0,0,0,0,seed_annual_estimate,,Ilori et al. 2019; NCDC report
5,2016,Nasarawa,0,0,0,0,seed_annual_estimate,,Ilori et al. 2019; NCDC report
5,2016,Ondo,1,3,0,0,seed_annual_estimate,,Ilori et al. 2019; NCDC report
5,2016,Plateau,0,0,0,0,seed_annual_estimate,,Ilori et al. 2019; NCDC report
5,2016,Taraba,1,2,0,0,seed_annual_estimate,,Ilori et al. 2019; NCDC report
6,2016,Adamawa,0,0,0,0,seed_annual_estimate,,Ilori et al. 2019; NCDC report
6,2016,Anambra,0,1,0,0,seed_annual_estimate,,Ilori et al. 2019; NCDC report
6,2016,Bauchi,1,2,0,0,seed_annual_estimate,,Ilori et al. 2019; NCDC report
6,2016,Benue,0,0,0,0,seed_annual_estimate,,Ilori et al. 2019; NCDC report
6,2016,Cross River,0,0,0,0,seed_annual_estimate,,Ilori et al. 2019; NCDC report
6,2016,Delta,0,1,0,0,seed_annual_estimate,,Ilori et al. 2019; NCDC report
6,2016,Ebonyi,1,1,0,0,seed_annual_estimate,,Ilori et al. 2019; NCDC report
6,2016,Edo,2,5,0,0,seed_annual_estimate,,Ilori et al. 2019; NCDC report
6,2016,Enugu,0,0,0,0,seed_annual_estimate,,Ilori et al. 2019; NCDC report
6,2016,Imo,0,0,0,0,seed_annual_estimate,,Ilori et al. 2019; NCDC report
6,2016,Kogi,0,0,0,0,seed_annual_estimate,,Ilori et al. 2019; NCDC report
6,2016,Nasarawa,0,0,0,0,seed_annual_estimate,,Ilori et al. 2019; NCDC report
6,2016,Ondo,1,3,0,0,seed_annual_estimate,,Ilori et al. 2019; NCDC report
6,2016,Plateau,0,0,0,0,seed_annual_estimate,,Ilori et al. 2019; NCDC report
6,2016,Taraba,1,2,0,0,seed_annual_estimate,,Ilori et al. 2019; NCDC report
7,2016,Adamawa,0,0,0,0,seed_annual_estimate,,Ilori et al. 2019; NCDC report
7,2016,Anambra,0,1,0,0,seed_annual_estimate,,Ilori et al. 2019; NCDC report
7,2016,Bauchi,1,2,0,0,seed_annual_estimate,,Ilori et al. 2019; NCDC report
7,2016,Benue,0,0,0,0,seed_annual_estimate,,Ilori et al. 2019; NCDC report
7,2016,Cross River,0,0,0,0,seed_annual_estimate,,Ilori et al. 2019; NCDC report
7,2016,Delta,0,1,0,0,seed_annual_estimate,,Ilori et al. 2019; NCDC report
7,2016,Ebonyi,1,1,0,0,seed_annual_estimate,,Ilori et al. 2019; NCDC report
7,2016,Edo,2,5,0,0,seed_annual_estimate,,Ilori et al. 2019; NCDC report
7,2016,Enugu,0,0,0,0,seed_annual_estimate,,Ilori et al. 2019; NCDC report
7,2016,Imo,0,0,0,0,seed_annual_estimate,,Ilori et al. 2019; NCDC report
7,2016,Kogi,0,0,0,0,seed_annual_estimate,,Ilori et al. 2019; NCDC report
7,2016,Nasarawa,0,0,0,0,seed_annual_estimate,,Ilori et al. 2019; NCDC report
7,2016,Ondo,1,3,0,0,seed_annual_estimate,,Ilori et al. 2019; NCDC report
7,2016,Plateau,0,0,0,0,seed_annual_estimate,,Ilori et al. 2019; NCDC report
7,2016,Taraba,1,2,0,0,seed_annual_estimate,,Ilori et al. 2019; NCDC report
8,2016,Adamawa,0,0,0,0,seed_annual_estimate,,Ilori et al. 2019; NCDC report
8,2016,Anambra,0,1,0,0,seed_annual_estimate,,Ilori et al. 2019; NCDC report
8,2016,Bauchi,1,2,0,0,seed_annual_estimate,,Ilori et al. 2019; NCDC report
8,2016,Benue,0,0,0,0,seed_annual_estimate,,Ilori et al. 2019; NCDC report
8,2016,Cross River,0,0,0,0,seed_annual_estimate,,Ilori et al. 2019; NCDC report
8,2016,Delta,0,1,0,0,seed_annual_estimate,,Ilori et al. 2019; NCDC report
8,2016,Ebonyi,1,1,0,0,seed_annual_estimate,,Ilori et al. 2019; NCDC report
8,2016,Edo,2,5,0,0,seed_annual_estimate,,Ilori et al. 2019; NCDC report
8,2016,Enugu,0,0,0,0,seed_annual_estimate,,Ilori et al. 2019; NCDC report
8,2016,Imo,0,0,0,0,seed_annual_estimate,,Ilori et al. 2019; NCDC report
8,2016,Kogi,0,0,0,0,seed_annual_estimate,,Ilori et al. 2019; NCDC report
8,2016,Nasarawa,0,0,0,0,seed_annual_estimate,,Ilori et al. 2019; NCDC report
8,2016,Ondo,1,3,0,0,seed_annual_estimate,,Ilori et al. 2019; NCDC report
8,2016,Plateau,0,0,0,0,seed_annual_estimate,,Ilori et al. 2019; NCDC report
8,2016,Taraba,1,2,0,0,seed_annual_estimate,,Ilori et al. 2019; NCDC report
9,2016,Adamawa,0,0,0,0,seed_annual_estimate,,Ilori et al. 2019; NCDC report
9,2016,Anambra,0,1,0,0,seed_annual_estimate,,Ilori et al. 2019; NCDC report
9,2016,Bauchi,1,2,0,0,seed_annual_estimate,,Ilori et al. 2019; NCDC report
9,2016,Benue,0,0,0,0,seed_annual_estimate,,Ilori et al. 2019; NCDC report
9,2016,Cross River,0,0,0,0,seed_annual_estimate,,Ilori et al. 2019; NCDC report
9,2016,Delta,0,1,0,0,seed_annual_estimate,,Ilori et al. 2019; NCDC report
9,2016,Ebonyi,1,1,0,0,seed_annual_estimate,,Ilori et al. 2019; NCDC report
9,2016,Edo,2,5,0,0,seed_annual_estimate,,Ilori et al. 2019; NCDC report
9,2016,Enugu,0,0,0,0,seed_annual_estimate,,Ilori et al. 2019; NCDC report
9,2016,Imo,0,0,0,0,seed_annual_estimate,,Ilori et al. 2019; NCDC report
9,2016,Kogi,0,0,0,0,seed_annual_estimate,,Ilori et al. 2019; NCDC report
9,2016,Nasarawa,0,0,0,0,seed_annual_estimate,,Ilori et al. 2019; NCDC report
9,2016,Ondo,1,3,0,0,seed_annual_estimate,,Ilori et al. 2019; NCDC report
9,2016,Plateau,0,0,0,0,seed_annual_estimate,,Ilori et al. 2019; NCDC report
9,2016,Taraba,1,2,0,0,seed_annual_estimate,,Ilori et al. 2019; NCDC report
10,2016,Adamawa,0,0,0,0,seed_annual_estimate,,Ilori et al. 2019; NCDC report
10,2016,Anambra,0,1,0,0,seed_annual_estimate,,Ilori et al. 2019; NCDC report
10,2016,Bauchi,1,2,0,0,seed_annual_estimate,,Ilori et al. 2019; NCDC report
10,2016,Benue,0,0,0,0,seed_annual_estimate,,Ilori et al. 2019; NCDC report
10,2016,Cross River,0,0,0,0,seed_annual_estimate,,Ilori et al. 2019; NCDC report
10,2016,Delta,0,1,0,0,seed_annual_estimate,,Ilori et al. 2019; NCDC report
10,2016,Ebonyi,1,1,0,0,seed_annual_estimate,,Ilori et al. 2019; NCDC report
10,2016,Edo,2,5,0,0,seed_annual_estimate,,Ilori et al. 2019; NCDC report
10,2016,Enugu,0,0,0,0,seed_annual_estimate,,Ilori et al. 2019; NCDC report
10,2016,Imo,0,0,0,0,seed_annual_estimate,,Ilori et al. 2019; NCDC report
10,2016,Kogi,0,0,0,0,seed_annual_estimate,,Ilori et al. 2019; NCDC report
10,2016,Nasarawa,0,0,0,0,seed_annual_estimate,,Ilori et al. 2019; NCDC report
10,2016,Ondo,1,3,0,0,seed_annual_estimate,,Ilori et al. 2019; NCDC report
10,2016,Plateau,0,0,0,0,seed_annual_estimate,,Ilori et al. 2019; NCDC report
10,2016,Taraba,1,2,0,0,seed_annual_estimate,,Ilori et al. 2019; NCDC report
11,2016,Adamawa,0,0,0,0,seed_annual_estimate,,Ilori et al. 2019; NCDC report
11,2016,Anambra,0,1,0,0,seed_annual_estimate,,Ilori et al. 2019; NCDC report
11,2016,Bauchi,1,2,0,0,seed_annual_estimate,,Ilori et al. 2019; NCDC report
11,2016,Benue,0,0,0,0,seed_annual_estimate,,Ilori et al. 2019; NCDC report
11,2016,Cross River,0,0,0,0,seed_annual_estimate,,Ilori et al. 2019; NCDC report
11,2016,Delta,0,1,0,0,seed_annual_estimate,,Ilori et al. 2019; NCDC report
11,2016,Ebonyi,1,1,0,0,seed_annual_estimate,,Ilori et al. 2019; NCDC report
11,2016,Edo,2,5,0,0,seed_annual_estimate,,Ilori et al. 2019; NCDC report
11,2016,Enugu,0,0,0,0,seed_annual_estimate,,Ilori et al. 2019; NCDC report
11,2016,Imo,0,0,0,0,seed_annual_estimate,,Ilori et al. 2019; NCDC report
11,2016,Kogi,0,0,0,0,seed_annual_estimate,,Ilori et al. 2019; NCDC report
11,2016,Nasarawa,0,0,0,0,seed_annual_estimate,,Ilori et al. 2019; NCDC report
11,2016,Ondo,1,3,0,0,seed_annual_estimate,,Ilori et al. 2019; NCDC report
11,2016,Plateau,0,0,0,0,seed_annual_estimate,,Ilori et al. 2019; NCDC report
11,2016,Taraba,1,2,0,0,seed_annual_estimate,,Ilori et al. 2019; NCDC report
12,2016,Adamawa,0,0,0,0,seed_annual_estimate,,Ilori et al. 2019; NCDC report
12,2016,Anambra,0,1,0,0,seed_annual_estimate,,Ilori et al. 2019; NCDC report
12,2016,Bauchi,1,2,0,0,seed_annual_estimate,,Ilori et al. 2019; NCDC report
12,2016,Benue,0,0,0,0,seed_annual_estimate,,Ilori et al. 2019; NCDC report
12,2016,Cross River,0,0,0,0,seed_annual_estimate,,Ilori et al. 2019; NCDC report
12,2016,Delta,0,1,0,0,seed_annual_estimate,,Ilori et al. 2019; NCDC report
12,2016,Ebonyi,1,1,0,0,seed_annual_estimate,,Ilori et al. 2019; NCDC report
12,2016,Edo,2,5,0,0,seed_annual_estimate,,Ilori et al. 2019; NCDC report
12,2016,Enugu,0,0,0,0,seed_annual_estimate,,Ilori et al. 2019; NCDC report
12,2016,Imo,0,0,0,0,seed_annual_estimate,,Ilori et al. 2019; NCDC report
12,2016,Kogi,0,0,0,0,seed_annual_estimate,,Ilori et al. 2019; NCDC report
12,2016,Nasarawa,0,0,0,0,seed_annual_estimate,,Ilori et al. 2019; NCDC report
12,2016,Ondo,1,3,0,0,seed_annual_estimate,,Ilori et al. 2019; NCDC report
12,2016,Plateau,0,0,0,0,seed_annual_estimate,,Ilori et al. 2019; NCDC report
12,2016,Taraba,1,2,0,0,seed_annual_estimate,,Ilori et al. 2019; NCDC report
13,2016,Adamawa,0,0,0,0,seed_annual_estimate,,Ilori et al. 2019; NCDC report
13,2016,Anambra,0,1,0,0,seed_annual_estimate,,Ilori et al. 2019; NCDC report
13,2016,Bauchi,1,2,0,0,seed_annual_estimate,,Ilori et al. 2019; NCDC report
13,2016,Benue,0,0,0,0,seed_annual_estimate,,Ilori et al. 2019; NCDC report
13,2016,Cross River,0,0,0,0,seed_annual_estimate,,Ilori et al. 2019; NCDC report
13,2016,Delta,0,1,0,0,seed_annual_estimate,,Ilori et al. 2019; NCDC report
13,2016,Ebonyi,1,1,0,0,seed_annual_estimate,,Ilori et al. 2019; NCDC report
13,2016,Edo,2,5,0,0,seed_annual_estimate,,Ilori et al. 2019; NCDC report
13,2016,Enugu,0,0,0,0,seed_annual_estimate,,Ilori et al. 2019; NCDC report
13,2016,Imo,0,0,0,0,seed_annual_estimate,,Ilori et al. 2019; NCDC report
13,2016,Kogi,0,0,0,0,seed_annual_estimate,,Ilori et al. 2019; NCDC report
13,2016,Nasarawa,0,0,0,0,seed_annual_estimate,,Ilori et al. 2019; NCDC report
13,2016,Ondo,1,3,0,0,seed_annual_estimate,,Ilori et al. 2019; NCDC report
13,2016,Plateau,0,0,0,0,seed_annual_estimate,,Ilori et al. 2019; NCDC report
13,2016,Taraba,1,2,0,0,seed_annual_estimate,,Ilori et al. 2019; NCDC report
14,2016,Adamawa,0,0,0,0,seed_annual_estimate,,Ilori et al. 2019; NCDC report
14,2016,Anambra,0,1,0,0,seed_annual_estimate,,Ilori et al. 2019; NCDC report
14,2016,Bauchi,1,2,0,0,seed_annual_estimate,,Ilori et al. 2019; NCDC report
14,2016,Benue,0,0,0,0,seed_annual_estimate,,Ilori et al. 2019; NCDC report
14,2016,Cross River,0,0,0,0,seed_annual_estimate,,Ilori et al. 2019; NCDC report
14,2016,Delta,0,1,0,0,seed_annual_estimate,,Ilori et al. 2019; NCDC report
14,2016,Ebonyi,1,1,0,0,seed_annual_estimate,,Ilori et al. 2019; NCDC report
14,2016,Edo,2,5,0,0,seed_annual_estimate,,Ilori et al. 2019; NCDC report
14,2016,Enugu,0,0,0,0,seed_annual_estimate,,Ilori et al. 2019; NCDC report
14,2016,Imo,0,0,0,0,seed_annual_estimate,,Ilori et al. 2019; NCDC report
14,2016,Kogi,0,0,0,0,seed_annual_estimate,,Ilori et al. 2019; NCDC report
14,2016,Nasarawa,0,0,0,0,seed_annual_estimate,,Ilori et al. 2019; NCDC report
14,2016,Ondo,1,3,0,0,seed_annual_estimate,,Ilori et al. 2019; NCDC report
14,2016,Plateau,0,0,0,0,seed_annual_estimate,,Ilori et al. 2019; NCDC report
14,2016,Taraba,1,2,0,0,seed_annual_estimate,,Ilori et al. 2019; NCDC report
15,2016,Adamawa,0,0,0,0,seed_annual_estimate,,Ilori et al. 2019; NCDC report
15,2016,Anambra,0,1,0,0,seed_annual_estimate,,Ilori et al. 2019; NCDC report
15,2016,Bauchi,1,2,0,0,seed_annual_estimate,,Ilori et al. 2019; NCDC report
15,2016,Benue,0,0,0,0,seed_annual_estimate,,Ilori et al. 2019; NCDC report
15,2016,Cross River,0,0,0,0,seed_annual_estimate,,Ilori et al. 2019; NCDC report
15,2016,Delta,0,1,0,0,seed_annual_estimate,,Ilori et al. 2019; NCDC report
15,2016,Ebonyi,1,1,0,0,seed_annual_estimate,,Ilori et al. 2019; NCDC report
15,2016,Edo,2,5,0,0,seed_annual_estimate,,Ilori et al. 2019; NCDC report
15,2016,Enugu,0,0,0,0,seed_annual_estimate,,Ilori et al. 2019; NCDC report
15,2016,Imo,0,0,0,0,seed_annual_estimate,,Ilori et al. 2019; NCDC report
15,2016,Kogi,0,0,0,0,seed_annual_estimate,,Ilori et al. 2019; NCDC report
15,2016,Nasarawa,0,0,0,0,seed_annual_estimate,,Ilori et al. 2019; NCDC report
15,2016,Ondo,1,3,0,0,seed_annual_estimate,,Ilori et al. 2019; NCDC report
15,2016,Plateau,0,0,0,0,seed_annual_estimate,,Ilori et al. 2019; NCDC report
15,2016,Taraba,1,2,0,0,seed_annual_estimate,,Ilori et al. 2019; NCDC report
16,2016,Adamawa,0,0,0,0,seed_annual_estimate,,Ilori et al. 2019; NCDC report
16,2016,Anambra,0,1,0,0,seed_annual_estimate,,Ilori et al. 2019; NCDC report
16,2016,Bauchi,1,2,0,0,seed_annual_estimate,,Ilori et al. 2019; NCDC report
16,2016,Benue,0,0,0,0,seed_annual_estimate,,Ilori et al. 2019; NCDC report
16,2016,Cross River,0,0,0,0,seed_annual_estimate,,Ilori et al. 2019; NCDC report
16,2016,Delta,0,1,0,0,seed_annual_estimate,,Ilori et al. 2019; NCDC report
16,2016,Ebonyi,1,1,0,0,seed_annual_estimate,,Ilori et al. 2019; NCDC report
16,2016,Edo,2,5,0,0,seed_annual_estimate,,Ilori et al. 2019; NCDC report
16,2016,Enugu,0,0,0,0,seed_annual_estimate,,Ilori et al. 2019; NCDC report
16,2016,Imo,0,0,0,0,seed_annual_estimate,,Ilori et al. 2019; NCDC report
16,2016,Kogi,0,0,0,0,seed_annual_estimate,,Ilori et al. 2019; NCDC report
16,2016,Nasarawa,0,0,0,0,seed_annual_estimate,,Ilori et al. 2019; NCDC report
16,2016,Ondo,1,3,0,0,seed_annual_estimate,,Ilori et al. 2019; NCDC report
16,2016,Plateau,0,0,0,0,seed_annual_estimate,,Ilori et al. 2019; NCDC report
16,2016,Taraba,1,2,0,0,seed_annual_estimate,,Ilori et al. 2019; NCDC report
17,2016,Adamawa,0,0,0,0,seed_annual_estimate,,Ilori et al. 2019; NCDC report
17,2016,Anambra,0,1,0,0,seed_annual_estimate,,Ilori et al. 2019; NCDC report
17,2016,Bauchi,1,2,0,0,seed_annual_estimate,,Ilori et al. 2019; NCDC report
17,2016,Benue,0,0,0,0,seed_annual_estimate,,Ilori et al. 2019; NCDC report
17,2016,Cross River,0,0,0,0,seed_annual_estimate,,Ilori et al. 2019; NCDC report
17,2016,Delta,0,1,0,0,seed_annual_estimate,,Ilori et al. 2019; NCDC report
17,2016,Ebonyi,1,1,0,0,seed_annual_estimate,,Ilori et al. 2019; NCDC report
17,2016,Edo,2,5,0,0,seed_annual_estimate,,Ilori et al. 2019; NCDC report
17,2016,Enugu,0,0,0,0,seed_annual_estimate,,Ilori et al. 2019; NCDC report
17,2016,Imo,0,0,0,0,seed_annual_estimate,,Ilori et al. 2019; NCDC report
17,2016,Kogi,0,0,0,0,seed_annual_estimate,,Ilori et al. 2019; NCDC report
17,2016,Nasarawa,0,0,0,0,seed_annual_estimate,,Ilori et al. 2019; NCDC report
17,2016,Ondo,1,3,0,0,seed_annual_estimate,,Ilori et al. 2019; NCDC report
17,2016,Plateau,0,0,0,0,seed_annual_estimate,,Ilori et al. 2019; NCDC report
17,2016,Taraba,1,2,0,0,seed_annual_estimate,,Ilori et al. 2019; NCDC report
18,2016,Adamawa,0,0,0,0,seed_annual_estimate,,Ilori et al. 2019; NCDC report
18,2016,Anambra,1,1,0,0,seed_annual_estimate,,Ilori et al. 2019; NCDC report
18,2016,Bauchi,2,4,0,0,seed_annual_estimate,,Ilori et al. 2019; NCDC report
18,2016,Benue,0,1,0,0,seed_annual_estimate,,Ilori et al. 2019; NCDC report
18,2016,Cross River,0,1,0,0,seed_annual_estimate,,Ilori et al. 2019; NCDC report
18,2016,Delta,1,1,0,0,seed_annual_estimate,,Ilori et al. 2019; NCDC report
18,2016,Ebonyi,1,3,0,0,seed_annual_estimate,,Ilori et al. 2019; NCDC report
18,2016,Edo,4,10,1,0,seed_annual_estimate,,Ilori et al. 2019; NCDC report
18,2016,Enugu,0,1,0,0,seed_annual_estimate,,Ilori et al. 2019; NCDC report
18,2016,Imo,0,0,0,0,seed_annual_estimate,,Ilori et al. 2019; NCDC report
18,2016,Kogi,0,1,0,0,seed_annual_estimate,,Ilori et al. 2019; NCDC report
18,2016,Nasarawa,0,1,0,0,seed_annual_estimate,,Ilori et al. 2019; NCDC report
18,2016,Ondo,3,7,1,0,seed_annual_estimate,,Ilori et al. 2019; NCDC report
18,2016,Plateau,0,1,0,0,seed_annual_estimate,,Ilori et al. 2019; NCDC report
18,2016,Taraba,1,4,0,0,seed_annual_estimate,,Ilori et al. 2019; NCDC report
19,2016,Adamawa,0,0,0,0,seed_annual_estimate,,Ilori et al. 2019; NCDC report
19,2016,Anambra,1,1,0,0,seed_annual_estimate,,Ilori et al. 2019; NCDC report
19,2016,Bauchi,2,4,0,0,seed_annual_estimate,,Ilori et al. 2019; NCDC report
19,2016,Benue,0,1,0,0,seed_annual_estimate,,Ilori et al. 2019; NCDC report
19,2016,Cross River,0,1,0,0,seed_annual_estimate,,Ilori et al. 2019; NCDC report
19,2016,Delta,1,1,0,0,seed_annual_estimate,,Ilori et al. 2019; NCDC report
19,2016,Ebonyi,1,3,0,0,seed_annual_estimate,,Ilori et al. 2019; NCDC report
19,2016,Edo,4,10,1,0,seed_annual_estimate,,Ilori et al. 2019; NCDC report
19,2016,Enugu,0,1,0,0,seed_annual_estimate,,Ilori et al. 2019; NCDC report
19,2016,Imo,0,0,0,0,seed_annual_estimate,,Ilori et al. 2019; NCDC report
19,2016,Kogi,0,1,0,0,seed_annual_estimate,,Ilori et al. 2019; NCDC report
19,2016,Nasarawa,0,1,0,0,seed_annual_estimate,,Ilori et al. 2019; NCDC report
19,2016,Ondo,3,7,1,0,seed_annual_estimate,,Ilori et al. 2019; NCDC report
19,2016,Plateau,0,1,0,0,seed_annual_estimate,,Ilori et al. 2019; NCDC report
19,2016,Taraba,1,4,0,0,seed_annual_estimate,,Ilori et al. 2019; NCDC report
20,2016,Adamawa,0,0,0,0,seed_annual_estimate,,Ilori et al. 2019; NCDC report
20,2016,Anambra,1,1,0,0,seed_annual_estimate,,Ilori et al. 2019; NCDC report
20,2016,Bauchi,2,4,0,0,seed_annual_estimate,,Ilori et al. 2019; NCDC report
20,2016,Benue,0,1,0,0,seed_annual_estimate,,Ilori et al. 2019; NCDC report
20,2016,Cross River,0,1,0,0,seed_annual_estimate,,Ilori et al. 2019; NCDC report
20,2016,Delta,1,1,0,0,seed_annual_estimate,,Ilori et al. 2019; NCDC report
20,2016,Ebonyi,1,3,0,0,seed_annual_estimate,,Ilori et al. 2019; NCDC report
20,2016,Edo,4,10,1,0,seed_annual_estimate,,Ilori et al. 2019; NCDC report
20,2016,Enugu,0,1,0,0,seed_annual_estimate,,Ilori et al. 2019; NCDC report
20,2016,Imo,0,0,0,0,seed_annual_estimate,,Ilori et al. 2019; NCDC report
20,2016,Kogi,0,1,0,0,seed_annual_estimate,,Ilori et al. 2019; NCDC report
20,2016,Nasarawa,0,1,0,0,seed_annual_estimate,,Ilori et al. 2019; NCDC report
20,2016,Ondo,3,7,1,0,seed_annual_estimate,,Ilori et al. 2019; NCDC report
20,2016,Plateau,0,1,0,0,seed_annual_estimate,,Ilori et al. 2019; NCDC report
20,2016,Taraba,1,4,0,0,seed_annual_estimate,,Ilori et al. 2019; NCDC report
21,2016,Adamawa,0,0,0,0,seed_annual_estimate,,Ilori et al. 2019; NCDC report
21,2016,Anambra,1,1,0,0,seed_annual_estimate,,Ilori et al. 2019; NCDC report
21,2016,Bauchi,2,4,0,0,seed_annual_estimate,,Ilori et al. 2019; NCDC report
21,2016,Benue,0,1,0,0,seed_annual_estimate,,Ilori et al. 2019; NCDC report
21,2016,Cross River,0,1,0,0,seed_annual_estimate,,Ilori et al. 2019; NCDC report
21,2016,Delta,1,1,0,0,seed_annual_estimate,,Ilori et al. 2019; NCDC report
21,2016,Ebonyi,1,3,0,0,seed_annual_estimate,,Ilori et al. 2019; NCDC report
21,2016,Edo,4,10,1,0,seed_annual_estimate,,Ilori et al. 2019; NCDC report
21,2016,Enugu,0,1,0,0,seed_annual_estimate,,Ilori et al. 2019; NCDC report
21,2016,Imo,0,0,0,0,seed_annual_estimate,,Ilori et al. 2019; NCDC report
21,2016,Kogi,0,1,0,0,seed_annual_estimate,,Ilori et al. 2019; NCDC report
21,2016,Nasarawa,0,1,0,0,seed_annual_estimate,,Ilori et al. 2019; NCDC report
21,2016,Ondo,3,7,1,0,seed_annual_estimate,,Ilori et al. 2019; NCDC report
21,2016,Plateau,0,1,0,0,seed_annual_estimate,,Ilori et al. 2019; NCDC report
21,2016,Taraba,1,4,0,0,seed_annual_estimate,,Ilori et al. 2019; NCDC report
22,2016,Adamawa,0,0,0,0,seed_annual_estimate,,Ilori et al. 2019; NCDC report
22,2016,Anambra,1,1,0,0,seed_annual_estimate,,Ilori et al. 2019; NCDC report
22,2016,Bauchi,2,4,0,0,seed_annual_estimate,,Ilori et al. 2019; NCDC report
22,2016,Benue,0,1,0,0,seed_annual_estimate,,Ilori et al. 2019; NCDC report
22,2016,Cross River,0,1,0,0,seed_annual_estimate,,Ilori et al. 2019; NCDC report
22,2016,Delta,1,1,0,0,seed_annual_estimate,,Ilori et al. 2019; NCDC report
22,2016,Ebonyi,1,3,0,0,seed_annual_estimate,,Ilori et al. 2019; NCDC report
22,2016,Edo,4,10,1,0,seed_annual_estimate,,Ilori et al. 2019; NCDC report
22,2016,Enugu,0,1,0,0,seed_annual_estimate,,Ilori et al. 2019; NCDC report
22,2016,Imo,0,0,0,0,seed_annual_estimate,,Ilori et al. 2019; NCDC report
22,2016,Kogi,0,1,0,0,seed_annual_estimate,,Ilori et al. 2019; NCDC report
22,2016,Nasarawa,0,1,0,0,seed_annual_estimate,,Ilori et al. 2019; NCDC report
22,2016,Ondo,3,7,1,0,seed_annual_estimate,,Ilori et al. 2019; NCDC report
22,2016,Plateau,0,1,0,0,seed_annual_estimate,,Ilori et al. 2019; NCDC report
22,2016,Taraba,1,4,0,0,seed_annual_estimate,,Ilori et al. 2019; NCDC report
23,2016,Adamawa,0,0,0,0,seed_annual_estimate,,Ilori et al. 2019; NCDC report
23,2016,Anambra,1,1,0,0,seed_annual_estimate,,Ilori et al. 2019; NCDC report
23,2016,Bauchi,2,4,0,0,seed_annual_estimate,,Ilori et al. 2019; NCDC report
23,2016,Benue,0,1,0,0,seed_annual_estimate,,Ilori et al. 2019; NCDC report
23,2016,Cross River,0,1,0,0,seed_annual_estimate,,Ilori et al. 2019; NCDC report
23,2016,Delta,1,1,0,0,seed_annual_estimate,,Ilori et al. 2019; NCDC report
23,2016,Ebonyi,1,3,0,0,seed_annual_estimate,,Ilori et al. 2019; NCDC report
23,2016,Edo,4,10,1,0,seed_annual_estimate,,Ilori et al. 2019; NCDC report
23,2016,Enugu,0,1,0,0,seed_annual_estimate,,Ilori et al. 2019; NCDC report
23,2016,Imo,0,0,0,0,seed_annual_estimate,,Ilori et al. 2019; NCDC report
23,2016,Kogi,0,1,0,0,seed_annual_estimate,,Ilori et al. 2019; NCDC report
23,2016,Nasarawa,0,1,0,0,seed_annual_estimate,,Ilori et al. 2019; NCDC report
23,2016,Ondo,3,7,1,0,seed_annual_estimate,,Ilori et al. 2019; NCDC report
23,2016,Plateau,0,1,0,0,seed_annual_estimate,,Ilori et al. 2019; NCDC report
23,2016,Taraba,1,4,0,0,seed_annual_estimate,,Ilori et al. 2019; NCDC report
24,2016,Adamawa,0,0,0,0,seed_annual_estimate,,Ilori et al. 2019; NCDC report
24,2016,Anambra,1,1,0,0,seed_annual_estimate,,Ilori et al. 2019; NCDC report
24,2016,Bauchi,2,4,0,0,seed_annual_estimate,,Ilori et al. 2019; NCDC report
24,2016,Benue,0,1,0,0,seed_annual_estimate,,Ilori et al. 2019; NCDC report
24,2016,Cross River,0,1,0,0,seed_annual_estimate,,Ilori et al. 2019; NCDC report
24,2016,Delta,1,1,0,0,seed_annual_estimate,,Ilori et al. 2019; NCDC report
24,2016,Ebonyi,1,3,0,0,seed_annual_estimate,,Ilori et al. 2019; NCDC report
24,2016,Edo,4,10,1,0,seed_annual_estimate,,Ilori et al. 2019; NCDC report
24,2016,Enugu,0,1,0,0,seed_annual_estimate,,Ilori et al. 2019; NCDC report
24,2016,Imo,0,0,0,0,seed_annual_estimate,,Ilori et al. 2019; NCDC report
24,2016,Kogi,0,1,0,0,seed_annual_estimate,,Ilori et al. 2019; NCDC report
24,2016,Nasarawa,0,1,0,0,seed_annual_estimate,,Ilori et al. 2019; NCDC report
24,2016,Ondo,3,7,1,0,seed_annual_estimate,,Ilori et al. 2019; NCDC report
24,2016,Plateau,0,1,0,0,seed_annual_estimate,,Ilori et al. 2019; NCDC report
24,2016,Taraba,1,4,0,0,seed_annual_estimate,,Ilori et al. 2019; NCDC report
25,2016,Adamawa,0,0,0,0,seed_annual_estimate,,Ilori et al. 2019; NCDC report
25,2016,Anambra,1,1,0,0,seed_annual_estimate,,Ilori et al. 2019; NCDC report
25,2016,Bauchi,2,4,0,0,seed_annual_estimate,,Ilori et al. 2019; NCDC report
25,2016,Benue,0,1,0,0,seed_annual_estimate,,Ilori et al. 2019; NCDC report
25,2016,Cross River,0,1,0,0,seed_annual_estimate,,Ilori et al. 2019; NCDC report
25,2016,Delta,1,1,0,0,seed_annual_estimate,,Ilori et al. 2019; NCDC report
25,2016,Ebonyi,1,3,0,0,seed_annual_estimate,,Ilori et al. 2019; NCDC report
25,2016,Edo,4,10,1,0,seed_annual_estimate,,Ilori et al. 2019; NCDC report
25,2016,Enugu,0,1,0,0,seed_annual_estimate,,Ilori et al. 2019; NCDC report
25,2016,Imo,0,0,0,0,seed_annual_estimate,,Ilori et al. 2019; NCDC report
25,2016,Kogi,0,1,0,0,seed_annual_estimate,,Ilori et al. 2019; NCDC report
25,2016,Nasarawa,0,1,0,0,seed_annual_estimate,,Ilori et al. 2019; NCDC report
25,2016,Ondo,3,7,1,0,seed_annual_estimate,,Ilori et al. 2019; NCDC report
25,2016,Plateau,0,1,0,0,seed_annual_estimate,,Ilori et al. 2019; NCDC report
25,2016,Taraba,1,4,0,0,seed_annual_estimate,,Ilori et al. 2019; NCDC report
26,2016,Adamawa,0,0,0,0,seed_annual_estimate,,Ilori et al. 2019; NCDC report
26,2016,Anambra,1,1,0,0,seed_annual_estimate,,Ilori et al. 2019; NCDC report
26,2016,Bauchi,2,4,0,0,seed_annual_estimate,,Ilori et al. 2019; NCDC report
26,2016,Benue,0,1,0,0,seed_annual_estimate,,Ilori et al. 2019; NCDC report
26,2016,Cross River,0,1,0,0,seed_annual_estimate,,Ilori et al. 2019; NCDC report
26,2016,Delta,1,1,0,0,seed_annual_estimate,,Ilori et al. 2019; NCDC report
26,2016,Ebonyi,1,3,0,0,seed_annual_estimate,,Ilori et al. 2019; NCDC report
26,2016,Edo,4,10,1,0,seed_annual_estimate,,Ilori et al. 2019; NCDC report
26,2016,Enugu,0,1,0,0,seed_annual_estimate,,Ilori et al. 2019; NCDC report
26,2016,Imo,0,0,0,0,seed_annual_estimate,,Ilori et al. 2019; NCDC report
26,2016,Kogi,0,1,0,0,seed_annual_estimate,,Ilori et al. 2019; NCDC report
26,2016,Nasarawa,0,1,0,0,seed_annual_estimate,,Ilori et al. 2019; NCDC report
26,2016,Ondo,3,7,1,0,seed_annual_estimate,,Ilori et al. 2019; NCDC report
26,2016,Plateau,0,1,0,0,seed_annual_estimate,,Ilori et al. 2019; NCDC report
26,2016,Taraba,1,4,0,0,seed_annual_estimate,,Ilori et al. 2019; NCDC report
27,2016,Adamawa,0,0,0,0,seed_annual_estimate,,Ilori et al. 2019; NCDC report
27,2016,Anambra,1,1,0,0,seed_annual_estimate,,Ilori et al. 2019; NCDC report
27,2016,Bauchi,2,4,0,0,seed_annual_estimate,,Ilori et al. 2019; NCDC report
27,2016,Benue,0,1,0,0,seed_annual_estimate,,Ilori et al. 2019; NCDC report
27,2016,Cross River,0,1,0,0,seed_annual_estimate,,Ilori et al. 2019; NCDC report
27,2016,Delta,1,1,0,0,seed_annual_estimate,,Ilori et al. 2019; NCDC report
27,2016,Ebonyi,1,3,0,0,seed_annual_estimate,,Ilori et al. 2019; NCDC report
27,2016,Edo,4,10,1,0,seed_annual_estimate,,Ilori et al. 2019; NCDC report
27,2016,Enugu,0,1,0,0,seed_annual_estimate,,Ilori et al. 2019; NCDC report
27,2016,Imo,0,0,0,0,seed_annual_estimate,,Ilori et al. 2019; NCDC report
27,2016,Kogi,0,1,0,0,seed_annual_estimate,,Ilori et al. 2019; NCDC report
27,2016,Nasarawa,0,1,0,0,seed_annual_estimate,,Ilori et al. 2019; NCDC report
27,2016,Ondo,3,7,1,0,seed_annual_estimate,,Ilori et al. 2019; NCDC report
27,2016,Plateau,0,1,0,0,seed_annual_estimate,,Ilori et al. 2019; NCDC report
27,2016,Taraba,1,4,0,0,seed_annual_estimate,,Ilori et al. 2019; NCDC report
28,2016,Adamawa,0,0,0,0,seed_annual_estimate,,Ilori et al. 2019; NCDC report
28,2016,Anambra,1,1,0,0,seed_annual_estimate,,Ilori et al. 2019; NCDC report
28,2016,Bauchi,2,4,0,0,seed_annual_estimate,,Ilori et al. 2019; NCDC report
28,2016,Benue,0,1,0,0,seed_annual_estimate,,Ilori et al. 2019; NCDC report
28,2016,Cross River,0,1,0,0,seed_annual_estimate,,Ilori et al. 2019; NCDC report
28,2016,Delta,1,1,0,0,seed_annual_estimate,,Ilori et al. 2019; NCDC report
28,2016,Ebonyi,1,3,0,0,seed_annual_estimate,,Ilori et al. 2019; NCDC report
28,2016,Edo,4,10,1,0,seed_annual_estimate,,Ilori et al. 2019; NCDC report
28,2016,Enugu,0,1,0,0,seed_annual_estimate,,Ilori et al. 2019; NCDC report
28,2016,Imo,0,0,0,0,seed_annual_estimate,,Ilori et al. 2019; NCDC report
28,2016,Kogi,0,1,0,0,seed_annual_estimate,,Ilori et al. 2019; NCDC report
28,2016,Nasarawa,0,1,0,0,seed_annual_estimate,,Ilori et al. 2019; NCDC report
28,2016,Ondo,3,7,1,0,seed_annual_estimate,,Ilori et al. 2019; NCDC report
28,2016,Plateau,0,1,0,0,seed_annual_estimate,,Ilori et al. 2019; NCDC report
28,2016,Taraba,1,4,0,0,seed_annual_estimate,,Ilori et al. 2019; NCDC report
29,2016,Adamawa,0,0,0,0,seed_annual_estimate,,Ilori et al. 2019; NCDC report
29,2016,Anambra,1,1,0,0,seed_annual_estimate,,Ilori et al. 2019; NCDC report
29,2016,Bauchi,2,4,0,0,seed_annual_estimate,,Ilori et al. 2019; NCDC report
29,2016,Benue,0,1,0,0,seed_annual_estimate,,Ilori et al. 2019; NCDC report
29,2016,Cross River,0,1,0,0,seed_annual_estimate,,Ilori et al. 2019; NCDC report
29,2016,Delta,1,1,0,0,seed_annual_estimate,,Ilori et al. 2019; NCDC report
29,2016,Ebonyi,1,3,0,0,seed_annual_estimate,,Ilori et al. 2019; NCDC report
29,2016,Edo,4,10,1,0,seed_annual_estimate,,Ilori et al. 2019; NCDC report
29,2016,Enugu,0,1,0,0,seed_annual_estimate,,Ilori et al. 2019; NCDC report
29,2016,Imo,0,0,0,0,seed_annual_estimate,,Ilori et al. 2019; NCDC report
29,2016,Kogi,0,1,0,0,seed_annual_estimate,,Ilori et al. 2019; NCDC report
29,2016,Nasarawa,0,1,0,0,seed_annual_estimate,,Ilori et al. 2019; NCDC report
29,2016,Ondo,3,7,1,0,seed_annual_estimate,,Ilori et al. 2019; NCDC report
29,2016,Plateau,0,1,0,0,seed_annual_estimate,,Ilori et al. 2019; NCDC report
29,2016,Taraba,1,4,0,0,seed_annual_estimate,,Ilori et al. 2019; NCDC report
30,2016,Adamawa,0,0,0,0,seed_annual_estimate,,Ilori et al. 2019; NCDC report
30,2016,Anambra,1,1,0,0,seed_annual_estimate,,Ilori et al. 2019; NCDC report
30,2016,Bauchi,2,4,0,0,seed_annual_estimate,,Ilori et al. 2019; NCDC report
30,2016,Benue,0,1,0,0,seed_annual_estimate,,Ilori et al. 2019; NCDC report
30,2016,Cross River,0,1,0,0,seed_annual_estimate,,Ilori et al. 2019; NCDC report
30,2016,Delta,1,1,0,0,seed_annual_estimate,,Ilori et al. 2019; NCDC report
30,2016,Ebonyi,1,3,0,0,seed_annual_estimate,,Ilori et al. 2019; NCDC report
30,2016,Edo,4,10,1,0,seed_annual_estimate,,Ilori et al. 2019; NCDC report
30,2016,Enugu,0,1,0,0,seed_annual_estimate,,Ilori et al. 2019; NCDC report
30,2016,Imo,0,0,0,0,seed_annual_estimate,,Ilori et al. 2019; NCDC report
30,2016,Kogi,0,1,0,0,seed_annual_estimate,,Ilori et al. 2019; NCDC report
30,2016,Nasarawa,0,1,0,0,seed_annual_estimate,,Ilori et al. 2019; NCDC report
30,2016,Ondo,3,7,1,0,seed_annual_estimate,,Ilori et al. 2019; NCDC report
30,2016,Plateau,0,1,0,0,seed_annual_estimate,,Ilori et al. 2019; NCDC report
30,2016,Taraba,1,4,0,0,seed_annual_estimate,,Ilori et al. 2019; NCDC report
31,2016,Adamawa,0,0,0,0,seed_annual_estimate,,Ilori et al. 2019; NCDC report
31,2016,Anambra,1,1,0,0,seed_annual_estimate,,Ilori et al. 2019; NCDC report
31,2016,Bauchi,2,4,0,0,seed_annual_estimate,,Ilori et al. 2019; NCDC report
31,2016,Benue,0,1,0,0,seed_annual_estimate,,Ilori et al. 2019; NCDC report
31,2016,Cross River,0,1,0,0,seed_annual_estimate,,Ilori et al. 2019; NCDC report
31,2016,Delta,1,1,0,0,seed_annual_estimate,,Ilori et al. 2019; NCDC report
31,2016,Ebonyi,1,3,0,0,seed_annual_estimate,,Ilori et al. 2019; NCDC report
31,2016,Edo,4,10,1,0,seed_annual_estimate,,Ilori et al. 2019; NCDC report
31,2016,Enugu,0,1,0,0,seed_annual_estimate,,Ilori et al. 2019; NCDC report
31,2016,Imo,0,0,0,0,seed_annual_estimate,,Ilori et al. 2019; NCDC report
31,2016,Kogi,0,1,0,0,seed_annual_estimate,,Ilori et al. 2019; NCDC report
31,2016,Nasarawa,0,1,0,0,seed_annual_estimate,,Ilori et al. 2019; NCDC report
31,2016,Ondo,3,7,1,0,seed_annual_estimate,,Ilori et al. 2019; NCDC report
31,2016,Plateau,0,1,0,0,seed_annual_estimate,,Ilori et al. 2019; NCDC report
31,2016,Taraba,1,4,0,0,seed_annual_estimate,,Ilori et al. 2019; NCDC report
32,2016,Adamawa,0,0,0,0,seed_annual_estimate,,Ilori et al. 2019; NCDC report
32,2016,Anambra,1,1,0,0,seed_annual_estimate,,Ilori et al. 2019; NCDC report
32,2016,Bauchi,2,4,0,0,seed_annual_estimate,,Ilori et al. 2019; NCDC report
32,2016,Benue,0,1,0,0,seed_annual_estimate,,Ilori et al. 2019; NCDC report
32,2016,Cross River,0,1,0,0,seed_annual_estimate,,Ilori et al. 2019; NCDC report
32,2016,Delta,1,1,0,0,seed_annual_estimate,,Ilori et al. 2019; NCDC report
32,2016,Ebonyi,1,3,0,0,seed_annual_estimate,,Ilori et al. 2019; NCDC report
32,2016,Edo,4,10,1,0,seed_annual_estimate,,Ilori et al. 2019; NCDC report
32,2016,Enugu,0,1,0,0,seed_annual_estimate,,Ilori et al. 2019; NCDC report
32,2016,Imo,0,0,0,0,seed_annual_estimate,,Ilori et al. 2019; NCDC report
32,2016,Kogi,0,1,0,0,seed_annual_estimate,,Ilori et al. 2019; NCDC report
32,2016,Nasarawa,0,1,0,0,seed_annual_estimate,,Ilori et al. 2019; NCDC report
32,2016,Ondo,3,7,1,0,seed_annual_estimate,,Ilori et al. 2019; NCDC report
32,2016,Plateau,0,1,0,0,seed_annual_estimate,,Ilori et al. 2019; NCDC report
32,2016,Taraba,1,4,0,0,seed_annual_estimate,,Ilori et al. 2019; NCDC report
33,2016,Adamawa,0,0,0,0,seed_annual_estimate,,Ilori et al. 2019; NCDC report
33,2016,Anambra,1,1,0,0,seed_annual_estimate,,Ilori et al. 2019; NCDC report
33,2016,Bauchi,2,4,0,0,seed_annual_estimate,,Ilori et al. 2019; NCDC report
33,2016,Benue,0,1,0,0,seed_annual_estimate,,Ilori et al. 2019; NCDC report
33,2016,Cross River,0,1,0,0,seed_annual_estimate,,Ilori et al. 2019; NCDC report
33,2016,Delta,1,1,0,0,seed_annual_estimate,,Ilori et al. 2019; NCDC report
33,2016,Ebonyi,1,3,0,0,seed_annual_estimate,,Ilori et al. 2019; NCDC report
33,2016,Edo,4,10,1,0,seed_annual_estimate,,Ilori et al. 2019; NCDC report
33,2016,Enugu,0,1,0,0,seed_annual_estimate,,Ilori et al. 2019; NCDC report
33,2016,Imo,0,0,0,0,seed_annual_estimate,,Ilori et al. 2019; NCDC report
33,2016,Kogi,0,1,0,0,seed_annual_estimate,,Ilori et al. 2019; NCDC report
33,2016,Nasarawa,0,1,0,0,seed_annual_estimate,,Ilori et al. 2019; NCDC report
33,2016,Ondo,3,7,1,0,seed_annual_estimate,,Ilori et al. 2019; NCDC report
33,2016,Plateau,0,1,0,0,seed_annual_estimate,,Ilori et al. 2019; NCDC report
33,2016,Taraba,1,4,0,0,seed_annual_estimate,,Ilori et al. 2019; NCDC report
34,2016,Adamawa,0,0,0,0,seed_annual_estimate,,Ilori et al. 2019; NCDC report
34,2016,Anambra,1,1,0,0,seed_annual_estimate,,Ilori et al. 2019; NCDC report
34,2016,Bauchi,2,4,0,0,seed_annual_estimate,,Ilori et al. 2019; NCDC report
34,2016,Benue,0,1,0,0,seed_annual_estimate,,Ilori et al. 2019; NCDC report
34,2016,Cross River,0,1,0,0,seed_annual_estimate,,Ilori et al. 2019; NCDC report
34,2016,Delta,1,1,0,0,seed_annual_estimate,,Ilori et al. 2019; NCDC report
34,2016,Ebonyi,1,3,0,0,seed_annual_estimate,,Ilori et al. 2019; NCDC report
34,2016,Edo,4,10,1,0,seed_annual_estimate,,Ilori et al. 2019; NCDC report
34,2016,Enugu,0,1,0,0,seed_annual_estimate,,Ilori et al. 2019; NCDC report
34,2016,Imo,0,0,0,0,seed_annual_estimate,,Ilori et al. 2019; NCDC report
34,2016,Kogi,0,1,0,0,seed_annual_estimate,,Ilori et al. 2019; NCDC report
34,2016,Nasarawa,0,1,0,0,seed_annual_estimate,,Ilori et al. 2019; NCDC report
34,2016,Ondo,3,7,1,0,seed_annual_estimate,,Ilori et al. 2019; NCDC report
34,2016,Plateau,0,1,0,0,seed_annual_estimate,,Ilori et al. 2019; NCDC report
34,2016,Taraba,1,4,0,0,seed_annual_estimate,,Ilori et al. 2019; NCDC report
35,2016,Adamawa,0,0,0,0,seed_annual_estimate,,Ilori et al. 2019; NCDC report
35,2016,Anambra,1,1,0,0,seed_annual_estimate,,Ilori et al. 2019; NCDC report
35,2016,Bauchi,2,4,0,0,seed_annual_estimate,,Ilori et al. 2019; NCDC report
35,2016,Benue,0,1,0,0,seed_annual_estimate,,Ilori et al. 2019; NCDC report
35,2016,Cross River,0,1,0,0,seed_annual_estimate,,Ilori et al. 2019; NCDC report
35,2016,Delta,1,1,0,0,seed_annual_estimate,,Ilori et al. 2019; NCDC report
35,2016,Ebonyi,1,3,0,0,seed_annual_estimate,,Ilori et al. 2019; NCDC report
35,2016,Edo,4,10,1,0,seed_annual_estimate,,Ilori et al. 2019; NCDC report
35,2016,Enugu,0,1,0,0,seed_annual_estimate,,Ilori et al. 2019; NCDC report
35,2016,Imo,0,0,0,0,seed_annual_estimate,,Ilori et al. 2019; NCDC report
35,2016,Kogi,0,1,0,0,seed_annual_estimate,,Ilori et al. 2019; NCDC report
35,2016,Nasarawa,0,1,0,0,seed_annual_estimate,,Ilori et al. 2019; NCDC report
35,2016,Ondo,3,7,1,0,seed_annual_estimate,,Ilori et al. 2019; NCDC report
35,2016,Plateau,0,1,0,0,seed_annual_estimate,,Ilori et al. 2019; NCDC report
35,2016,Taraba,1,4,0,0,seed_annual_estimate,,Ilori et al. 2019; NCDC report
36,2016,Adamawa,0,0,0,0,seed_annual_estimate,,Ilori et al. 2019; NCDC report
36,2016,Anambra,1,1,0,0,seed_annual_estimate,,Ilori et al. 2019; NCDC report
36,2016,Bauchi,2,4,0,0,seed_annual_estimate,,Ilori et al. 2019; NCDC report
36,2016,Benue,0,1,0,0,seed_annual_estimate,,Ilori et al. 2019; NCDC report
36,2016,Cross River,0,1,0,0,seed_annual_estimate,,Ilori et al. 2019; NCDC report
36,2016,Delta,1,1,0,0,seed_annual_estimate,,Ilori et al. 2019; NCDC report
36,2016,Ebonyi,1,3,0,0,seed_annual_estimate,,Ilori et al. 2019; NCDC report
36,2016,Edo,4,10,1,0,seed_annual_estimate,,Ilori et al. 2019; NCDC report
36,2016,Enugu,0,1,0,0,seed_annual_estimate,,Ilori et al. 2019; NCDC report
36,2016,Imo,0,0,0,0,seed_annual_estimate,,Ilori et al. 2019; NCDC report
36,2016,Kogi,0,1,0,0,seed_annual_estimate,,Ilori et al. 2019; NCDC report
36,2016,Nasarawa,0,1,0,0,seed_annual_estimate,,Ilori et al. 2019; NCDC report
36,2016,Ondo,3,7,1,0,seed_annual_estimate,,Ilori et al. 2019; NCDC report
36,2016,Plateau,0,1,0,0,seed_annual_estimate,,Ilori et al. 2019; NCDC report
36,2016,Taraba,1,4,0,0,seed_annual_estimate,,Ilori et al. 2019; NCDC report
37,2016,Adamawa,0,0,0,0,seed_annual_estimate,,Ilori et al. 2019; NCDC report
37,2016,Anambra,1,1,0,0,seed_annual_estimate,,Ilori et al. 2019; NCDC report
37,2016,Bauchi,2,4,0,0,seed_annual_estimate,,Ilori et al. 2019; NCDC report
37,2016,Benue,0,1,0,0,seed_annual_estimate,,Ilori et al. 2019; NCDC report
37,2016,Cross River,0,1,0,0,seed_annual_estimate,,Ilori et al. 2019; NCDC report
37,2016,Delta,1,1,0,0,seed_annual_estimate,,Ilori et al. 2019; NCDC report
37,2016,Ebonyi,1,3,0,0,seed_annual_estimate,,Ilori et al. 2019; NCDC report
37,2016,Edo,4,10,1,0,seed_annual_estimate,,Ilori et al. 2019; NCDC report
37,2016,Enugu,0,1,0,0,seed_annual_estimate,,Ilori et al. 2019; NCDC report
37,2016,Imo,0,0,0,0,seed_annual_estimate,,Ilori et al. 2019; NCDC report
37,2016,Kogi,0,1,0,0,seed_annual_estimate,,Ilori et al. 2019; NCDC report
37,2016,Nasarawa,0,1,0,0,seed_annual_estimate,,Ilori et al. 2019; NCDC report
37,2016,Ondo,3,7,1,0,seed_annual_estimate,,Ilori et al. 2019; NCDC report
37,2016,Plateau,0,1,0,0,seed_annual_estimate,,Ilori et al. 2019; NCDC report
37,2016,Taraba,1,4,0,0,seed_annual_estimate,,Ilori et al. 2019; NCDC report
38,2016,Adamawa,0,0,0,0,seed_annual_estimate,,Ilori et al. 2019; NCDC report
38,2016,Anambra,1,1,0,0,seed_annual_estimate,,Ilori et al. 2019; NCDC report
38,2016,Bauchi,2,4,0,0,seed_annual_estimate,,Ilori et al. 2019; NCDC report
38,2016,Benue,0,1,0,0,seed_annual_estimate,,Ilori et al. 2019; NCDC report
38,2016,Cross River,0,1,0,0,seed_annual_estimate,,Ilori et al. 2019; NCDC report
38,2016,Delta,1,1,0,0,seed_annual_estimate,,Ilori et al. 2019; NCDC report
38,2016,Ebonyi,1,3,0,0,seed_annual_estimate,,Ilori et al. 2019; NCDC report
38,2016,Edo,4,10,1,0,seed_annual_estimate,,Ilori et al. 2019; NCDC report
38,2016,Enugu,0,1,0,0,seed_annual_estimate,,Ilori et al. 2019; NCDC report
38,2016,Imo,0,0,0,0,seed_annual_estimate,,Ilori et al. 2019; NCDC report
38,2016,Kogi,0,1,0,0,seed_annual_estimate,,Ilori et al. 2019; NCDC report
38,2016,Nasarawa,0,1,0,0,seed_annual_estimate,,Ilori et al. 2019; NCDC report
38,2016,Ondo,3,7,1,0,seed_annual_estimate,,Ilori et al. 2019; NCDC report
38,2016,Plateau,0,1,0,0,seed_annual_estimate,,Ilori et al. 2019; NCDC report
38,2016,Taraba,1,4,0,0,seed_annual_estimate,,Ilori et al. 2019; NCDC report
39,2016,Adamawa,0,0,0,0,seed_annual_estimate,,Ilori et al. 2019; NCDC report
39,2016,Anambra,1,1,0,0,seed_annual_estimate,,Ilori et al. 2019; NCDC report
39,2016,Bauchi,2,4,0,0,seed_annual_estimate,,Ilori et al. 2019; NCDC report
39,2016,Benue,0,1,0,0,seed_annual_estimate,,Ilori et al. 2019; NCDC report
39,2016,Cross River,0,1,0,0,seed_annual_estimate,,Ilori et al. 2019; NCDC report
39,2016,Delta,1,1,0,0,seed_annual_estimate,,Ilori et al. 2019; NCDC report
39,2016,Ebonyi,1,3,0,0,seed_annual_estimate,,Ilori et al. 2019; NCDC report
39,2016,Edo,4,10,1,0,seed_annual_estimate,,Ilori et al. 2019; NCDC report
39,2016,Enugu,0,1,0,0,seed_annual_estimate,,Ilori et al. 2019; NCDC report
39,2016,Imo,0,0,0,0,seed_annual_estimate,,Ilori et al. 2019; NCDC report
39,2016,Kogi,0,1,0,0,seed_annual_estimate,,Ilori et al. 2019; NCDC report
39,2016,Nasarawa,0,1,0,0,seed_annual_estimate,,Ilori et al. 2019; NCDC report
39,2016,Ondo,3,7,1,0,seed_annual_estimate,,Ilori et al. 2019; NCDC report
39,2016,Plateau,0,1,0,0,seed_annual_estimate,,Ilori et al. 2019; NCDC report
39,2016,Taraba,1,4,0,0,seed_annual_estimate,,Ilori et al. 2019; NCDC report
40,2016,Adamawa,0,0,0,0,seed_annual_estimate,,Ilori et al. 2019; NCDC report
40,2016,Anambra,1,1,0,0,seed_annual_estimate,,Ilori et al. 2019; NCDC report
40,2016,Bauchi,2,4,0,0,seed_annual_estimate,,Ilori et al. 2019; NCDC report
40,2016,Benue,0,1,0,0,seed_annual_estimate,,Ilori et al. 2019; NCDC report
40,2016,Cross River,0,1,0,0,seed_annual_estimate,,Ilori et al. 2019; NCDC report
40,2016,Delta,1,1,0,0,seed_annual_estimate,,Ilori et al. 2019; NCDC report
40,2016,Ebonyi,1,3,0,0,seed_annual_estimate,,Ilori et al. 2019; NCDC report
40,2016,Edo,4,10,1,0,seed_annual_estimate,,Ilori et al. 2019; NCDC report
40,2016,Enugu,0,1,0,0,seed_annual_estimate,,Ilori et al. 2019; NCDC report
40,2016,Imo,0,0,0,0,seed_annual_estimate,,Ilori et al. 2019; NCDC report
40,2016,Kogi,0,1,0,0,seed_annual_estimate,,Ilori et al. 2019; NCDC report
40,2016,Nasarawa,0,1,0,0,seed_annual_estimate,,Ilori et al. 2019; NCDC report
40,2016,Ondo,3,7,1,0,seed_annual_estimate,,Ilori et al. 2019; NCDC report
40,2016,Plateau,0,1,0,0,seed_annual_estimate,,Ilori et al. 2019; NCDC report
40,2016,Taraba,1,4,0,0,seed_annual_estimate,,Ilori et al. 2019; NCDC report
41,2016,Adamawa,0,0,0,0,seed_annual_estimate,,Ilori et al. 2019; NCDC report
41,2016,Anambra,1,1,0,0,seed_annual_estimate,,Ilori et al. 2019; NCDC report
41,2016,Bauchi,2,4,0,0,seed_annual_estimate,,Ilori et al. 2019; NCDC report
41,2016,Benue,0,1,0,0,seed_annual_estimate,,Ilori et al. 2019; NCDC report
41,2016,Cross River,0,1,0,0,seed_annual_estimate,,Ilori et al. 2019; NCDC report
41,2016,Delta,1,1,0,0,seed_annual_estimate,,Ilori et al. 2019; NCDC report
41,2016,Ebonyi,1,3,0,0,seed_annual_estimate,,Ilori et al. 2019; NCDC report
41,2016,Edo,4,10,1,0,seed_annual_estimate,,Ilori et al. 2019; NCDC report
41,2016,Enugu,0,1,0,0,seed_annual_estimate,,Ilori et al. 2019; NCDC report
41,2016,Imo,0,0,0,0,seed_annual_estimate,,Ilori et al. 2019; NCDC report
41,2016,Kogi,0,1,0,0,seed_annual_estimate,,Ilori et al. 2019; NCDC report
41,2016,Nasarawa,0,1,0,0,seed_annual_estimate,,Ilori et al. 2019; NCDC report
41,2016,Ondo,3,7,1,0,seed_annual_estimate,,Ilori et al. 2019; NCDC report
41,2016,Plateau,0,1,0,0,seed_annual_estimate,,Ilori et al. 2019; NCDC report
41,2016,Taraba,1,4,0,0,seed_annual_estimate,,Ilori et al. 2019; NCDC report
42,2016,Adamawa,0,0,0,0,seed_annual_estimate,,Ilori et al. 2019; NCDC report
42,2016,Anambra,1,1,0,0,seed_annual_estimate,,Ilori et al. 2019; NCDC report
42,2016,Bauchi,2,4,0,0,seed_annual_estimate,,Ilori et al. 2019; NCDC report
42,2016,Benue,0,1,0,0,seed_annual_estimate,,Ilori et al. 2019; NCDC report
42,2016,Cross River,0,1,0,0,seed_annual_estimate,,Ilori et al. 2019; NCDC report
42,2016,Delta,1,1,0,0,seed_annual_estimate,,Ilori et al. 2019; NCDC report
42,2016,Ebonyi,1,3,0,0,seed_annual_estimate,,Ilori et al. 2019; NCDC report
42,2016,Edo,4,10,1,0,seed_annual_estimate,,Ilori et al. 2019; NCDC report
42,2016,Enugu,0,1,0,0,seed_annual_estimate,,Ilori et al. 2019; NCDC report
42,2016,Imo,0,0,0,0,seed_annual_estimate,,Ilori et al. 2019; NCDC report
42,2016,Kogi,0,1,0,0,seed_annual_estimate,,Ilori et al. 2019; NCDC report
42,2016,Nasarawa,0,1,0,0,seed_annual_estimate,,Ilori et al. 2019; NCDC report
42,2016,Ondo,3,7,1,0,seed_annual_estimate,,Ilori et al. 2019; NCDC report
42,2016,Plateau,0,1,0,0,seed_annual_estimate,,Ilori et al. 2019; NCDC report
42,2016,Taraba,1,4,0,0,seed_annual_estimate,,Ilori et al. 2019; NCDC report
43,2016,Adamawa,0,0,0,0,seed_annual_estimate,,Ilori et al. 2019; NCDC report
43,2016,Anambra,1,1,0,0,seed_annual_estimate,,Ilori et al. 2019; NCDC report
43,2016,Bauchi,2,4,0,0,seed_annual_estimate,,Ilori et al. 2019; NCDC report
43,2016,Benue,0,1,0,0,seed_annual_estimate,,Ilori et al. 2019; NCDC report
43,2016,Cross River,0,1,0,0,seed_annual_estimate,,Ilori et al. 2019; NCDC report
43,2016,Delta,1,1,0,0,seed_annual_estimate,,Ilori et al. 2019; NCDC report
43,2016,Ebonyi,1,3,0,0,seed_annual_estimate,,Ilori et al. 2019; NCDC report
43,2016,Edo,4,10,1,0,seed_annual_estimate,,Ilori et al. 2019; NCDC report
43,2016,Enugu,0,1,0,0,seed_annual_estimate,,Ilori et al. 2019; NCDC report
43,2016,Imo,0,0,0,0,seed_annual_estimate,,Ilori et al. 2019; NCDC report
43,2016,Kogi,0,1,0,0,seed_annual_estimate,,Ilori et al. 2019; NCDC report
43,2016,Nasarawa,0,1,0,0,seed_annual_estimate,,Ilori et al. 2019; NCDC report
43,2016,Ondo,3,7,1,0,seed_annual_estimate,,Ilori et al. 2019; NCDC report
43,2016,Plateau,0,1,0,0,seed_annual_estimate,,Ilori et al. 2019; NCDC report
43,2016,Taraba,1,4,0,0,seed_annual_estimate,,Ilori et al. 2019; NCDC report
44,2016,Adamawa,0,0,0,0,seed_annual_estimate,,Ilori et al. 2019; NCDC report
44,2016,Anambra,0,1,0,0,seed_annual_estimate,,Ilori et al. 2019; NCDC report
44,2016,Bauchi,1,2,0,0,seed_annual_estimate,,Ilori et al. 2019; NCDC report
44,2016,Benue,0,0,0,0,seed_annual_estimate,,Ilori et al. 2019; NCDC report
44,2016,Cross River,0,0,0,0,seed_annual_estimate,,Ilori et al. 2019; NCDC report
44,2016,Delta,0,1,0,0,seed_annual_estimate,,Ilori et al. 2019; NCDC report
44,2016,Ebonyi,1,1,0,0,seed_annual_estimate,,Ilori et al. 2019; NCDC report
44,2016,Edo,2,5,0,0,seed_annual_estimate,,Ilori et al. 2019; NCDC report
44,2016,Enugu,0,0,0,0,seed_annual_estimate,,Ilori et al. 2019; NCDC report
44,2016,Imo,0,0,0,0,seed_annual_estimate,,Ilori et al. 2019; NCDC report
44,2016,Kogi,0,0,0,0,seed_annual_estimate,,Ilori et al. 2019; NCDC report
44,2016,Nasarawa,0,0,0,0,seed_annual_estimate,,Ilori et al. 2019; NCDC report
44,2016,Ondo,1,3,0,0,seed_annual_estimate,,Ilori et al. 2019; NCDC report
44,2016,Plateau,0,0,0,0,seed_annual_estimate,,Ilori et al. 2019; NCDC report
44,2016,Taraba,1,2,0,0,seed_annual_estimate,,Ilori et al. 2019; NCDC report
45,2016,Adamawa,0,0,0,0,seed_annual_estimate,,Ilori et al. 2019; NCDC report
45,2016,Anambra,0,1,0,0,seed_annual_estimate,,Ilori et al. 2019; NCDC report
45,2016,Bauchi,1,2,0,0,seed_annual_estimate,,Ilori et al. 2019; NCDC report
45,2016,Benue,0,0,0,0,seed_annual_estimate,,Ilori et al. 2019; NCDC report
45,2016,Cross River,0,0,0,0,seed_annual_estimate,,Ilori et al. 2019; NCDC report
45,2016,Delta,0,1,0,0,seed_annual_estimate,,Ilori et al. 2019; NCDC report
45,2016,Ebonyi,1,1,0,0,seed_annual_estimate,,Ilori et al. 2019; NCDC report
45,2016,Edo,2,5,0,0,seed_annual_estimate,,Ilori et al. 2019; NCDC report
45,2016,Enugu,0,0,0,0,seed_annual_estimate,,Ilori et al. 2019; NCDC report
45,2016,Imo,0,0,0,0,seed_annual_estimate,,Ilori et al. 2019; NCDC report
45,2016,Kogi,0,0,0,0,seed_annual_estimate,,Ilori et al. 2019; NCDC report
45,2016,Nasarawa,0,0,0,0,seed_annual_estimate,,Ilori et al. 2019; NCDC report
45,2016,Ondo,1,3,0,0,seed_annual_estimate,,Ilori et al. 2019; NCDC report
45,2016,Plateau,0,0,0,0,seed_annual_estimate,,Ilori et al. 2019; NCDC report
45,2016,Taraba,1,2,0,0,seed_annual_estimate,,Ilori et al. 2019; NCDC report
46,2016,Adamawa,0,0,0,0,seed_annual_estimate,,Ilori et al. 2019; NCDC report
46,2016,Anambra,0,1,0,0,seed_annual_estimate,,Ilori et al. 2019; NCDC report
46,2016,Bauchi,1,2,0,0,seed_annual_estimate,,Ilori et al. 2019; NCDC report
46,2016,Benue,0,0,0,0,seed_annual_estimate,,Ilori et al. 2019; NCDC report
46,2016,Cross River,0,0,0,0,seed_annual_estimate,,Ilori et al. 2019; NCDC report
46,2016,Delta,0,1,0,0,seed_annual_estimate,,Ilori et al. 2019; NCDC report
46,2016,Ebonyi,1,1,0,0,seed_annual_estimate,,Ilori et al. 2019; NCDC report
46,2016,Edo,2,5,0,0,seed_annual_estimate,,Ilori et al. 2019; NCDC report
46,2016,Enugu,0,0,0,0,seed_annual_estimate,,Ilori et al. 2019; NCDC report
46,2016,Imo,0,0,0,0,seed_annual_estimate,,Ilori et al. 2019; NCDC report
46,2016,Kogi,0,0,0,0,seed_annual_estimate,,Ilori et al. 2019; NCDC report
46,2016,Nasarawa,0,0,0,0,seed_annual_estimate,,Ilori et al. 2019; NCDC report
46,2016,Ondo,1,3,0,0,seed_annual_estimate,,Ilori et al. 2019; NCDC report
46,2016,Plateau,0,0,0,0,seed_annual_estimate,,Ilori et al. 2019; NCDC report
46,2016,Taraba,1,2,0,0,seed_annual_estimate,,Ilori et al. 2019; NCDC report
47,2016,Adamawa,0,0,0,0,seed_annual_estimate,,Ilori et al. 2019; NCDC report
47,2016,Anambra,0,1,0,0,seed_annual_estimate,,Ilori et al. 2019; NCDC report
47,2016,Bauchi,1,2,0,0,seed_annual_estimate,,Ilori et al. 2019; NCDC report
47,2016,Benue,0,0,0,0,seed_annual_estimate,,Ilori et al. 2019; NCDC report
47,2016,Cross River,0,0,0,0,seed_annual_estimate,,Ilori et al. 2019; NCDC report
47,2016,Delta,0,1,0,0,seed_annual_estimate,,Ilori et al. 2019; NCDC report
47,2016,Ebonyi,1,1,0,0,seed_annual_estimate,,Ilori et al. 2019; NCDC report
47,2016,Edo,2,5,0,0,seed_annual_estimate,,Ilori et al. 2019; NCDC report
47,2016,Enugu,0,0,0,0,seed_annual_estimate,,Ilori et al. 2019; NCDC report
47,2016,Imo,0,0,0,0,seed_annual_estimate,,Ilori et al. 2019; NCDC report
47,2016,Kogi,0,0,0,0,seed_annual_estimate,,Ilori et al. 2019; NCDC report
47,2016,Nasarawa,0,0,0,0,seed_annual_estimate,,Ilori et al. 2019; NCDC report
47,2016,Ondo,1,3,0,0,seed_annual_estimate,,Ilori et al. 2019; NCDC report
47,2016,Plateau,0,0,0,0,seed_annual_estimate,,Ilori et al. 2019; NCDC report
47,2016,Taraba,1,2,0,0,seed_annual_estimate,,Ilori et al. 2019; NCDC report
48,2016,Adamawa,0,0,0,0,seed_annual_estimate,,Ilori et al. 2019; NCDC report
48,2016,Anambra,0,1,0,0,seed_annual_estimate,,Ilori et al. 2019; NCDC report
48,2016,Bauchi,1,2,0,0,seed_annual_estimate,,Ilori et al. 2019; NCDC report
48,2016,Benue,0,0,0,0,seed_annual_estimate,,Ilori et al. 2019; NCDC report
48,2016,Cross River,0,0,0,0,seed_annual_estimate,,Ilori et al. 2019; NCDC report
48,2016,Delta,0,1,0,0,seed_annual_estimate,,Ilori et al. 2019; NCDC report
48,2016,Ebonyi,1,1,0,0,seed_annual_estimate,,Ilori et al. 2019; NCDC report
48,2016,Edo,2,5,0,0,seed_annual_estimate,,Ilori et al. 2019; NCDC report
48,2016,Enugu,0,0,0,0,seed_annual_estimate,,Ilori et al. 2019; NCDC report
48,2016,Imo,0,0,0,0,seed_annual_estimate,,Ilori et al. 2019; NCDC report
48,2016,Kogi,0,0,0,0,seed_annual_estimate,,Ilori et al. 2019; NCDC report
48,2016,Nasarawa,0,0,0,0,seed_annual_estimate,,Ilori et al. 2019; NCDC report
48,2016,Ondo,1,3,0,0,seed_annual_estimate,,Ilori et al. 2019; NCDC report
48,2016,Plateau,0,0,0,0,seed_annual_estimate,,Ilori et al. 2019; NCDC report
48,2016,Taraba,1,2,0,0,seed_annual_estimate,,Ilori et al. 2019; NCDC report
49,2016,Adamawa,0,0,0,0,seed_annual_estimate,,Ilori et al. 2019; NCDC report
49,2016,Anambra,0,1,0,0,seed_annual_estimate,,Ilori et al. 2019; NCDC report
49,2016,Bauchi,1,2,0,0,seed_annual_estimate,,Ilori et al. 2019; NCDC report
49,2016,Benue,0,0,0,0,seed_annual_estimate,,Ilori et al. 2019; NCDC report
49,2016,Cross River,0,0,0,0,seed_annual_estimate,,Ilori et al. 2019; NCDC report
49,2016,Delta,0,1,0,0,seed_annual_estimate,,Ilori et al. 2019; NCDC report
49,2016,Ebonyi,1,1,0,0,seed_annual_estimate,,Ilori et al. 2019; NCDC report
49,2016,Edo,2,5,0,0,seed_annual_estimate,,Ilori et al. 2019; NCDC report
49,2016,Enugu,0,0,0,0,seed_annual_estimate,,Ilori et al. 2019; NCDC report
49,2016,Imo,0,0,0,0,seed_annual_estimate,,Ilori et al. 2019; NCDC report
49,2016,Kogi,0,0,0,0,seed_annual_estimate,,Ilori et al. 2019; NCDC report
49,2016,Nasarawa,0,0,0,0,seed_annual_estimate,,Ilori et al. 2019; NCDC report
49,2016,Ondo,1,3,0,0,seed_annual_estimate,,Ilori et al. 2019; NCDC report
49,2016,Plateau,0,0,0,0,seed_annual_estimate,,Ilori et al. 2019; NCDC report
49,2016,Taraba,1,2,0,0,seed_annual_estimate,,Ilori et al. 2019; NCDC report
50,2016,Adamawa,0,0,0,0,seed_annual_estimate,,Ilori et al. 2019; NCDC report
50,2016,Anambra,0,1,0,0,seed_annual_estimate,,Ilori et al. 2019; NCDC report
50,2016,Bauchi,1,2,0,0,seed_annual_estimate,,Ilori et al. 2019; NCDC report
50,2016,Benue,0,0,0,0,seed_annual_estimate,,Ilori et al. 2019; NCDC report
50,2016,Cross River,0,0,0,0,seed_annual_estimate,,Ilori et al. 2019; NCDC report
50,2016,Delta,0,1,0,0,seed_annual_estimate,,Ilori et al. 2019; NCDC report
50,2016,Ebonyi,1,1,0,0,seed_annual_estimate,,Ilori et al. 2019; NCDC report
50,2016,Edo,2,5,0,0,seed_annual_estimate,,Ilori et al. 2019; NCDC report
50,2016,Enugu,0,0,0,0,seed_annual_estimate,,Ilori et al. 2019; NCDC report
50,2016,Imo,0,0,0,0,seed_annual_estimate,,Ilori et al. 2019; NCDC report
50,2016,Kogi,0,0,0,0,seed_annual_estimate,,Ilori et al. 2019; NCDC report
50,2016,Nasarawa,0,0,0,0,seed_annual_estimate,,Ilori et al. 2019; NCDC report
50,2016,Ondo,1,3,0,0,seed_annual_estimate,,Ilori et al. 2019; NCDC report
50,2016,Plateau,0,0,0,0,seed_annual_estimate,,Ilori et al. 2019; NCDC report
50,2016,Taraba,1,2,0,0,seed_annual_estimate,,Ilori et al. 2019; NCDC report
51,2016,Adamawa,0,0,0,0,seed_annual_estimate,,Ilori et al. 2019; NCDC report
51,2016,Anambra,0,1,0,0,seed_annual_estimate,,Ilori et al. 2019; NCDC report
51,2016,Bauchi,1,2,0,0,seed_annual_estimate,,Ilori et al. 2019; NCDC report
51,2016,Benue,0,0,0,0,seed_annual_estimate,,Ilori et al. 2019; NCDC report
51,2016,Cross River,0,0,0,0,seed_annual_estimate,,Ilori et al. 2019; NCDC report
51,2016,Delta,0,1,0,0,seed_annual_estimate,,Ilori et al. 2019; NCDC report
51,2016,Ebonyi,1,1,0,0,seed_annual_estimate,,Ilori et al. 2019; NCDC report
51,2016,Edo,2,5,0,0,seed_annual_estimate,,Ilori et al. 2019; NCDC report
51,2016,Enugu,0,0,0,0,seed_annual_estimate,,Ilori et al. 2019; NCDC report
51,2016,Imo,0,0,0,0,seed_annual_estimate,,Ilori et al. 2019; NCDC report
51,2016,Kogi,0,0,0,0,seed_annual_estimate,,Ilori et al. 2019; NCDC report
51,2016,Nasarawa,0,0,0,0,seed_annual_estimate,,Ilori et al. 2019; NCDC report
51,2016,Ondo,1,3,0,0,seed_annual_estimate,,Ilori et al. 2019; NCDC report
51,2016,Plateau,0,0,0,0,seed_annual_estimate,,Ilori et al. 2019; NCDC report
51,2016,Taraba,1,2,0,0,seed_annual_estimate,,Ilori et al. 2019; NCDC report
52,2016,Adamawa,0,0,0,0,seed_annual_estimate,,Ilori et al. 2019; NCDC report
52,2016,Anambra,0,1,0,0,seed_annual_estimate,,Ilori et al. 2019; NCDC report
52,2016,Bauchi,1,2,0,0,seed_annual_estimate,,Ilori et al. 2019; NCDC report
52,2016,Benue,0,0,0,0,seed_annual_estimate,,Ilori et al. 2019; NCDC report
52,2016,Cross River,0,0,0,0,seed_annual_estimate,,Ilori et al. 2019; NCDC report
52,2016,Delta,0,1,0,0,seed_annual_estimate,,Ilori et al. 2019; NCDC report
52,2016,Ebonyi,1,1,0,0,seed_annual_estimate,,Ilori et al. 2019; NCDC report
52,2016,Edo,2,5,0,0,seed_annual_estimate,,Ilori et al. 2019; NCDC report
52,2016,Enugu,0,0,0,0,seed_annual_estimate,,Ilori et al. 2019; NCDC report
52,2016,Imo,0,0,0,0,seed_annual_estimate,,Ilori et al. 2019; NCDC report
52,2016,Kogi,0,0,0,0,seed_annual_estimate,,Ilori et al. 2019; NCDC report
52,2016,Nasarawa,0,0,0,0,seed_annual_estimate,,Ilori et al. 2019; NCDC report
52,2016,Ondo,1,3,0,0,seed_annual_estimate,,Ilori et al. 2019; NCDC report
52,2016,Plateau,0,0,0,0,seed_annual_estimate,,Ilori et al. 2019; NCDC report
52,2016,Taraba,1,2,0,0,seed_annual_estimate,,Ilori et al. 2019; NCDC report
1,2017,Adamawa,0,0,0,0,seed_annual_estimate,,Ilori et al. 2019
1,2017,Anambra,0,1,0,0,seed_annual_estimate,,Ilori et al. 2019
1,2017,Bauchi,1,2,0,0,seed_annual_estimate,,Ilori et al. 2019
1,2017,Benue,0,0,0,0,seed_annual_estimate,,Ilori et al. 2019
1,2017,Cross River,0,0,0,0,seed_annual_estimate,,Ilori et al. 2019
1,2017,Delta,0,1,0,0,seed_annual_estimate,,Ilori et al. 2019
1,2017,Ebonyi,0,1,0,0,seed_annual_estimate,,Ilori et al. 2019
1,2017,Edo,2,4,0,0,seed_annual_estimate,,Ilori et al. 2019
1,2017,Enugu,0,0,0,0,seed_annual_estimate,,Ilori et al. 2019
1,2017,Imo,0,0,0,0,seed_annual_estimate,,Ilori et al. 2019
1,2017,Kogi,0,0,0,0,seed_annual_estimate,,Ilori et al. 2019
1,2017,Nasarawa,0,0,0,0,seed_annual_estimate,,Ilori et al. 2019
1,2017,Ondo,1,3,0,0,seed_annual_estimate,,Ilori et al. 2019
1,2017,Plateau,0,0,0,0,seed_annual_estimate,,Ilori et al. 2019
1,2017,Taraba,1,1,0,0,seed_annual_estimate,,Ilori et al. 2019
2,2017,Adamawa,0,0,0,0,seed_annual_estimate,,Ilori et al. 2019
2,2017,Anambra,0,1,0,0,seed_annual_estimate,,Ilori et al. 2019
2,2017,Bauchi,1,2,0,0,seed_annual_estimate,,Ilori et al. 2019
2,2017,Benue,0,0,0,0,seed_annual_estimate,,Ilori et al. 2019
2,2017,Cross River,0,0,0,0,seed_annual_estimate,,Ilori et al. 2019
2,2017,Delta,0,1,0,0,seed_annual_estimate,,Ilori et al. 2019
2,2017,Ebonyi,0,1,0,0,seed_annual_estimate,,Ilori et al. 2019
2,2017,Edo,2,4,0,0,seed_annual_estimate,,Ilori et al. 2019
2,2017,Enugu,0,0,0,0,seed_annual_estimate,,Ilori et al. 2019
2,2017,Imo,0,0,0,0,seed_annual_estimate,,Ilori et al. 2019
2,2017,Kogi,0,0,0,0,seed_annual_estimate,,Ilori et al. 2019
2,2017,Nasarawa,0,0,0,0,seed_annual_estimate,,Ilori et al. 2019
2,2017,Ondo,1,3,0,0,seed_annual_estimate,,Ilori et al. 2019
2,2017,Plateau,0,0,0,0,seed_annual_estimate,,Ilori et al. 2019
2,2017,Taraba,1,1,0,0,seed_annual_estimate,,Ilori et al. 2019
3,2017,Adamawa,0,0,0,0,seed_annual_estimate,,Ilori et al. 2019
3,2017,Anambra,0,1,0,0,seed_annual_estimate,,Ilori et al. 2019
3,2017,Bauchi,1,2,0,0,seed_annual_estimate,,Ilori et al. 2019
3,2017,Benue,0,0,0,0,seed_annual_estimate,,Ilori et al. 2019
3,2017,Cross River,0,0,0,0,seed_annual_estimate,,Ilori et al. 2019
3,2017,Delta,0,1,0,0,seed_annual_estimate,,Ilori et al. 2019
3,2017,Ebonyi,0,1,0,0,seed_annual_estimate,,Ilori et al. 2019
3,2017,Edo,2,4,0,0,seed_annual_estimate,,Ilori et al. 2019
3,2017,Enugu,0,0,0,0,seed_annual_estimate,,Ilori et al. 2019
3,2017,Imo,0,0,0,0,seed_annual_estimate,,Ilori et al. 2019
3,2017,Kogi,0,0,0,0,seed_annual_estimate,,Ilori et al. 2019
3,2017,Nasarawa,0,0,0,0,seed_annual_estimate,,Ilori et al. 2019
3,2017,Ondo,1,3,0,0,seed_annual_estimate,,Ilori et al. 2019
3,2017,Plateau,0,0,0,0,seed_annual_estimate,,Ilori et al. 2019
3,2017,Taraba,1,1,0,0,seed_annual_estimate,,Ilori et al. 2019
4,2017,Adamawa,0,0,0,0,seed_annual_estimate,,Ilori et al. 2019
4,2017,Anambra,0,1,0,0,seed_annual_estimate,,Ilori et al. 2019
4,2017,Bauchi,1,2,0,0,seed_annual_estimate,,Ilori et al. 2019
4,2017,Benue,0,0,0,0,seed_annual_estimate,,Ilori et al. 2019
4,2017,Cross River,0,0,0,0,seed_annual_estimate,,Ilori et al. 2019
4,2017,Delta,0,1,0,0,seed_annual_estimate,,Ilori et al. 2019
4,2017,Ebonyi,0,1,0,0,seed_annual_estimate,,Ilori et al. 2019
4,2017,Edo,2,4,0,0,seed_annual_estimate,,Ilori et al. 2019
4,2017,Enugu,0,0,0,0,seed_annual_estimate,,Ilori et al. 2019
4,2017,Imo,0,0,0,0,seed_annual_estimate,,Ilori et al. 2019
4,2017,Kogi,0,0,0,0,seed_annual_estimate,,Ilori et al. 2019
4,2017,Nasarawa,0,0,0,0,seed_annual_estimate,,Ilori et al. 2019
4,2017,Ondo,1,3,0,0,seed_annual_estimate,,Ilori et al. 2019
4,2017,Plateau,0,0,0,0,seed_annual_estimate,,Ilori et al. 2019
4,2017,Taraba,1,1,0,0,seed_annual_estimate,,Ilori et al. 2019
5,2017,Adamawa,0,0,0,0,seed_annual_estimate,,Ilori et al. 2019
5,2017,Anambra,0,1,0,0,seed_annual_estimate,,Ilori et al. 2019
5,2017,Bauchi,1,2,0,0,seed_annual_estimate,,Ilori et al. 2019
5,2017,Benue,0,0,0,0,seed_annual_estimate,,Ilori et al. 2019
5,2017,Cross River,0,0,0,0,seed_annual_estimate,,Ilori et al. 2019
5,2017,Delta,0,1,0,0,seed_annual_estimate,,Ilori et al. 2019
5,2017,Ebonyi,0,1,0,0,seed_annual_estimate,,Ilori et al. 2019
5,2017,Edo,2,4,0,0,seed_annual_estimate,,Ilori et al. 2019
5,2017,Enugu,0,0,0,0,seed_annual_estimate,,Ilori et al. 2019
5,2017,Imo,0,0,0,0,seed_annual_estimate,,Ilori et al. 2019
5,2017,Kogi,0,0,0,0,seed_annual_estimate,,Ilori et al. 2019
5,2017,Nasarawa,0,0,0,0,seed_annual_estimate,,Ilori et al. 2019
5,2017,Ondo,1,3,0,0,seed_annual_estimate,,Ilori et al. 2019
5,2017,Plateau,0,0,0,0,seed_annual_estimate,,Ilori et al. 2019
5,2017,Taraba,1,1,0,0,seed_annual_estimate,,Ilori et al. 2019
6,2017,Adamawa,0,0,0,0,seed_annual_estimate,,Ilori et al. 2019
6,2017,Anambra,0,1,0,0,seed_annual_estimate,,Ilori et al. 2019
6,2017,Bauchi,1,2,0,0,seed_annual_estimate,,Ilori et al. 2019
6,2017,Benue,0,0,0,0,seed_annual_estimate,,Ilori et al. 2019
6,2017,Cross River,0,0,0,0,seed_annual_estimate,,Ilori et al. 2019
6,2017,Delta,0,1,0,0,seed_annual_estimate,,Ilori et al. 2019
6,2017,Ebonyi,0,1,0,0,seed_annual_estimate,,Ilori et al. 2019
6,2017,Edo,2,4,0,0,seed_annual_estimate,,Ilori et al. 2019
6,2017,Enugu,0,0,0,0,seed_annual_estimate,,Ilori et al. 2019
6,2017,Imo,0,0,0,0,seed_annual_estimate,,Ilori et al. 2019
6,2017,Kogi,0,0,0,0,seed_annual_estimate,,Ilori et al. 2019
6,2017,Nasarawa,0,0,0,0,seed_annual_estimate,,Ilori et al. 2019
6,2017,Ondo,1,3,0,0,seed_annual_estimate,,Ilori et al. 2019
6,2017,Plateau,0,0,0,0,seed_annual_estimate,,Ilori et al. 2019
6,2017,Taraba,1,1,0,0,seed_annual_estimate,,Ilori et al. 2019
7,2017,Adamawa,0,0,0,0,seed_annual_estimate,,Ilori et al. 2019
7,2017,Anambra,0,1,0,0,seed_annual_estimate,,Ilori et al. 2019
7,2017,Bauchi,1,2,0,0,seed_annual_estimate,,Ilori et al. 2019
7,2017,Benue,0,0,0,0,seed_annual_estimate,,Ilori et al. 2019
7,2017,Cross River,0,0,0,0,seed_annual_estimate,,Ilori et al. 2019
7,2017,Delta,0,1,0,0,seed_annual_estimate,,Ilori et al. 2019
7,2017,Ebonyi,0,1,0,0,seed_annual_estimate,,Ilori et al. 2019
7,2017,Edo,2,4,0,0,seed_annual_estimate,,Ilori et al. 2019
7,2017,Enugu,0,0,0,0,seed_annual_estimate,,Ilori et al. 2019
7,2017,Imo,0,0,0,0,seed_annual_estimate,,Ilori et al. 2019
7,2017,Kogi,0,0,0,0,seed_annual_estimate,,Ilori et al. 2019
7,2017,Nasarawa,0,0,0,0,seed_annual_estimate,,Ilori et al. 2019
7,2017,Ondo,1,3,0,0,seed_annual_estimate,,Ilori et al. 2019
7,2017,Plateau,0,0,0,0,seed_annual_estimate,,Ilori et al. 2019
7,2017,Taraba,1,1,0,0,seed_annual_estimate,,Ilori et al. 2019
8,2017,Adamawa,0,0,0,0,seed_annual_estimate,,Ilori et al. 2019
8,2017,Anambra,0,1,0,0,seed_annual_estimate,,Ilori et al. 2019
8,2017,Bauchi,1,2,0,0,seed_annual_estimate,,Ilori et al. 2019
8,2017,Benue,0,0,0,0,seed_annual_estimate,,Ilori et al. 2019
8,2017,Cross River,0,0,0,0,seed_annual_estimate,,Ilori et al. 2019
8,2017,Delta,0,1,0,0,seed_annual_estimate,,Ilori et al. 2019
8,2017,Ebonyi,0,1,0,0,seed_annual_estimate,,Ilori et al. 2019
8,2017,Edo,2,4,0,0,seed_annual_estimate,,Ilori et al. 2019
8,2017,Enugu,0,0,0,0,seed_annual_estimate,,Ilori et al. 2019
8,2017,Imo,0,0,0,0,seed_annual_estimate,,Ilori et al. 2019
8,2017,Kogi,0,0,0,0,seed_annual_estimate,,Ilori et al. 2019
8,2017,Nasarawa,0,0,0,0,seed_annual_estimate,,Ilori et al. 2019
8,2017,Ondo,1,3,0,0,seed_annual_estimate,,Ilori et al. 2019
8,2017,Plateau,0,0,0,0,seed_annual_estimate,,Ilori et al. 2019
8,2017,Taraba,1,1,0,0,seed_annual_estimate,,Ilori et al. 2019
9,2017,Adamawa,0,0,0,0,seed_annual_estimate,,Ilori et al. 2019
9,2017,Anambra,0,1,0,0,seed_annual_estimate,,Ilori et al. 2019
9,2017,Bauchi,1,2,0,0,seed_annual_estimate,,Ilori et al. 2019
9,2017,Benue,0,0,0,0,seed_annual_estimate,,Ilori et al. 2019
9,2017,Cross River,0,0,0,0,seed_annual_estimate,,Ilori et al. 2019
9,2017,Delta,0,1,0,0,seed_annual_estimate,,Ilori et al. 2019
9,2017,Ebonyi,0,1,0,0,seed_annual_estimate,,Ilori et al. 2019
9,2017,Edo,2,4,0,0,seed_annual_estimate,,Ilori et al. 2019
9,2017,Enugu,0,0,0,0,seed_annual_estimate,,Ilori et al. 2019
9,2017,Imo,0,0,0,0,seed_annual_estimate,,Ilori et al. 2019
9,2017,Kogi,0,0,0,0,seed_annual_estimate,,Ilori et al. 2019
9,2017,Nasarawa,0,0,0,0,seed_annual_estimate,,Ilori et al. 2019
9,2017,Ondo,1,3,0,0,seed_annual_estimate,,Ilori et al. 2019
9,2017,Plateau,0,0,0,0,seed_annual_estimate,,Ilori et al. 2019
9,2017,Taraba,1,1,0,0,seed_annual_estimate,,Ilori et al. 2019
10,2017,Adamawa,0,0,0,0,seed_annual_estimate,,Ilori et al. 2019
10,2017,Anambra,0,1,0,0,seed_annual_estimate,,Ilori et al. 2019
10,2017,Bauchi,1,2,0,0,seed_annual_estimate,,Ilori et al. 2019
10,2017,Benue,0,0,0,0,seed_annual_estimate,,Ilori et al. 2019
10,2017,Cross River,0,0,0,0,seed_annual_estimate,,Ilori et al. 2019
10,2017,Delta,0,1,0,0,seed_annual_estimate,,Ilori et al. 2019
10,2017,Ebonyi,0,1,0,0,seed_annual_estimate,,Ilori et al. 2019
10,2017,Edo,2,4,0,0,seed_annual_estimate,,Ilori et al. 2019
10,2017,Enugu,0,0,0,0,seed_annual_estimate,,Ilori et al. 2019
10,2017,Imo,0,0,0,0,seed_annual_estimate,,Ilori et al. 2019
10,2017,Kogi,0,0,0,0,seed_annual_estimate,,Ilori et al. 2019
10,2017,Nasarawa,0,0,0,0,seed_annual_estimate,,Ilori et al. 2019
10,2017,Ondo,1,3,0,0,seed_annual_estimate,,Ilori et al. 2019
10,2017,Plateau,0,0,0,0,seed_annual_estimate,,Ilori et al. 2019
10,2017,Taraba,1,1,0,0,seed_annual_estimate,,Ilori et al. 2019
11,2017,Adamawa,0,0,0,0,seed_annual_estimate,,Ilori et al. 2019
11,2017,Anambra,0,1,0,0,seed_annual_estimate,,Ilori et al. 2019
11,2017,Bauchi,1,2,0,0,seed_annual_estimate,,Ilori et al. 2019
11,2017,Benue,0,0,0,0,seed_annual_estimate,,Ilori et al. 2019
11,2017,Cross River,0,0,0,0,seed_annual_estimate,,Ilori et al. 2019
11,2017,Delta,0,1,0,0,seed_annual_estimate,,Ilori et al. 2019
11,2017,Ebonyi,0,1,0,0,seed_annual_estimate,,Ilori et al. 2019
11,2017,Edo,2,4,0,0,seed_annual_estimate,,Ilori et al. 2019
11,2017,Enugu,0,0,0,0,seed_annual_estimate,,Ilori et al. 2019
11,2017,Imo,0,0,0,0,seed_annual_estimate,,Ilori et al. 2019
11,2017,Kogi,0,0,0,0,seed_annual_estimate,,Ilori et al. 2019
11,2017,Nasarawa,0,0,0,0,seed_annual_estimate,,Ilori et al. 2019
11,2017,Ondo,1,3,0,0,seed_annual_estimate,,Ilori et al. 2019
11,2017,Plateau,0,0,0,0,seed_annual_estimate,,Ilori et al. 2019
11,2017,Taraba,1,1,0,0,seed_annual_estimate,,Ilori et al. 2019
12,2017,Adamawa,0,0,0,0,seed_annual_estimate,,Ilori et al. 2019
12,2017,Anambra,0,1,0,0,seed_annual_estimate,,Ilori et al. 2019
12,2017,Bauchi,1,2,0,0,seed_annual_estimate,,Ilori et al. 2019
12,2017,Benue,0,0,0,0,seed_annual_estimate,,Ilori et al. 2019
12,2017,Cross River,0,0,0,0,seed_annual_estimate,,Ilori et al. 2019
12,2017,Delta,0,1,0,0,seed_annual_estimate,,Ilori et al. 2019
12,2017,Ebonyi,0,1,0,0,seed_annual_estimate,,Ilori et al. 2019
12,2017,Edo,2,4,0,0,seed_annual_estimate,,Ilori et al. 2019
12,2017,Enugu,0,0,0,0,seed_annual_estimate,,Ilori et al. 2019
12,2017,Imo,0,0,0,0,seed_annual_estimate,,Ilori et al. 2019
12,2017,Kogi,0,0,0,0,seed_annual_estimate,,Ilori et al. 2019
12,2017,Nasarawa,0,0,0,0,seed_annual_estimate,,Ilori et al. 2019
12,2017,Ondo,1,3,0,0,seed_annual_estimate,,Ilori et al. 2019
12,2017,Plateau,0,0,0,0,seed_annual_estimate,,Ilori et al. 2019
12,2017,Taraba,1,1,0,0,seed_annual_estimate,,Ilori et al. 2019
13,2017,Adamawa,0,0,0,0,seed_annual_estimate,,Ilori et al. 2019
13,2017,Anambra,0,1,0,0,seed_annual_estimate,,Ilori et al. 2019
13,2017,Bauchi,1,2,0,0,seed_annual_estimate,,Ilori et al. 2019
13,2017,Benue,0,0,0,0,seed_annual_estimate,,Ilori et al. 2019
13,2017,Cross River,0,0,0,0,seed_annual_estimate,,Ilori et al. 2019
13,2017,Delta,0,1,0,0,seed_annual_estimate,,Ilori et al. 2019
13,2017,Ebonyi,0,1,0,0,seed_annual_estimate,,Ilori et al. 2019
13,2017,Edo,2,4,0,0,seed_annual_estimate,,Ilori et al. 2019
13,2017,Enugu,0,0,0,0,seed_annual_estimate,,Ilori et al. 2019
13,2017,Imo,0,0,0,0,seed_annual_estimate,,Ilori et al. 2019
13,2017,Kogi,0,0,0,0,seed_annual_estimate,,Ilori et al. 2019
13,2017,Nasarawa,0,0,0,0,seed_annual_estimate,,Ilori et al. 2019
13,2017,Ondo,1,3,0,0,seed_annual_estimate,,Ilori et al. 2019
13,2017,Plateau,0,0,0,0,seed_annual_estimate,,Ilori et al. 2019
13,2017,Taraba,1,1,0,0,seed_annual_estimate,,Ilori et al. 2019
14,2017,Adamawa,0,0,0,0,seed_annual_estimate,,Ilori et al. 2019
14,2017,Anambra,0,1,0,0,seed_annual_estimate,,Ilori et al. 2019
14,2017,Bauchi,1,2,0,0,seed_annual_estimate,,Ilori et al. 2019
14,2017,Benue,0,0,0,0,seed_annual_estimate,,Ilori et al. 2019
14,2017,Cross River,0,0,0,0,seed_annual_estimate,,Ilori et al. 2019
14,2017,Delta,0,1,0,0,seed_annual_estimate,,Ilori et al. 2019
14,2017,Ebonyi,0,1,0,0,seed_annual_estimate,,Ilori et al. 2019
14,2017,Edo,2,4,0,0,seed_annual_estimate,,Ilori et al. 2019
14,2017,Enugu,0,0,0,0,seed_annual_estimate,,Ilori et al. 2019
14,2017,Imo,0,0,0,0,seed_annual_estimate,,Ilori et al. 2019
14,2017,Kogi,0,0,0,0,seed_annual_estimate,,Ilori et al. 2019
14,2017,Nasarawa,0,0,0,0,seed_annual_estimate,,Ilori et al. 2019
14,2017,Ondo,1,3,0,0,seed_annual_estimate,,Ilori et al. 2019
14,2017,Plateau,0,0,0,0,seed_annual_estimate,,Ilori et al. 2019
14,2017,Taraba,1,1,0,0,seed_annual_estimate,,Ilori et al. 2019
15,2017,Adamawa,0,0,0,0,seed_annual_estimate,,Ilori et al. 2019
15,2017,Anambra,0,1,0,0,seed_annual_estimate,,Ilori et al. 2019
15,2017,Bauchi,1,2,0,0,seed_annual_estimate,,Ilori et al. 2019
15,2017,Benue,0,0,0,0,seed_annual_estimate,,Ilori et al. 2019
15,2017,Cross River,0,0,0,0,seed_annual_estimate,,Ilori et al. 2019
15,2017,Delta,0,1,0,0,seed_annual_estimate,,Ilori et al. 2019
15,2017,Ebonyi,0,1,0,0,seed_annual_estimate,,Ilori et al. 2019
15,2017,Edo,2,4,0,0,seed_annual_estimate,,Ilori et al. 2019
15,2017,Enugu,0,0,0,0,seed_annual_estimate,,Ilori et al. 2019
15,2017,Imo,0,0,0,0,seed_annual_estimate,,Ilori et al. 2019
15,2017,Kogi,0,0,0,0,seed_annual_estimate,,Ilori et al. 2019
15,2017,Nasarawa,0,0,0,0,seed_annual_estimate,,Ilori et al. 2019
15,2017,Ondo,1,3,0,0,seed_annual_estimate,,Ilori et al. 2019
15,2017,Plateau,0,0,0,0,seed_annual_estimate,,Ilori et al. 2019
15,2017,Taraba,1,1,0,0,seed_annual_estimate,,Ilori et al. 2019
16,2017,Adamawa,0,0,0,0,seed_annual_estimate,,Ilori et al. 2019
16,2017,Anambra,0,1,0,0,seed_annual_estimate,,Ilori et al. 2019
16,2017,Bauchi,1,2,0,0,seed_annual_estimate,,Ilori et al. 2019
16,2017,Benue,0,0,0,0,seed_annual_estimate,,Ilori et al. 2019
16,2017,Cross River,0,0,0,0,seed_annual_estimate,,Ilori et al. 2019
16,2017,Delta,0,1,0,0,seed_annual_estimate,,Ilori et al. 2019
16,2017,Ebonyi,0,1,0,0,seed_annual_estimate,,Ilori et al. 2019
16,2017,Edo,2,4,0,0,seed_annual_estimate,,Ilori et al. 2019
16,2017,Enugu,0,0,0,0,seed_annual_estimate,,Ilori et al. 2019
16,2017,Imo,0,0,0,0,seed_annual_estimate,,Ilori et al. 2019
16,2017,Kogi,0,0,0,0,seed_annual_estimate,,Ilori et al. 2019
16,2017,Nasarawa,0,0,0,0,seed_annual_estimate,,Ilori et al. 2019
16,2017,Ondo,1,3,0,0,seed_annual_estimate,,Ilori et al. 2019
16,2017,Plateau,0,0,0,0,seed_annual_estimate,,Ilori et al. 2019
16,2017,Taraba,1,1,0,0,seed_annual_estimate,,Ilori et al. 2019
17,2017,Adamawa,0,0,0,0,seed_annual_estimate,,Ilori et al. 2019
17,2017,Anambra,0,1,0,0,seed_annual_estimate,,Ilori et al. 2019
17,2017,Bauchi,1,2,0,0,seed_annual_estimate,,Ilori et al. 2019
17,2017,Benue,0,0,0,0,seed_annual_estimate,,Ilori et al. 2019
17,2017,Cross River,0,0,0,0,seed_annual_estimate,,Ilori et al. 2019
17,2017,Delta,0,1,0,0,seed_annual_estimate,,Ilori et al. 2019
17,2017,Ebonyi,0,1,0,0,seed_annual_estimate,,Ilori et al. 2019
17,2017,Edo,2,4,0,0,seed_annual_estimate,,Ilori et al. 2019
17,2017,Enugu,0,0,0,0,seed_annual_estimate,,Ilori et al. 2019
17,2017,Imo,0,0,0,0,seed_annual_estimate,,Ilori et al. 2019
17,2017,Kogi,0,0,0,0,seed_annual_estimate,,Ilori et al. 2019
17,2017,Nasarawa,0,0,0,0,seed_annual_estimate,,Ilori et al. 2019
17,2017,Ondo,1,3,0,0,seed_annual_estimate,,Ilori et al. 2019
17,2017,Plateau,0,0,0,0,seed_annual_estimate,,Ilori et al. 2019
17,2017,Taraba,1,1,0,0,seed_annual_estimate,,Ilori et al. 2019
18,2017,Adamawa,0,0,0,0,seed_annual_estimate,,Ilori et al. 2019
18,2017,Anambra,1,1,0,0,seed_annual_estimate,,Ilori et al. 2019
18,2017,Bauchi,1,4,0,0,seed_annual_estimate,,Ilori et al. 2019
18,2017,Benue,0,1,0,0,seed_annual_estimate,,Ilori et al. 2019
18,2017,Cross River,0,0,0,0,seed_annual_estimate,,Ilori et al. 2019
18,2017,Delta,0,1,0,0,seed_annual_estimate,,Ilori et al. 2019
18,2017,Ebonyi,1,3,0,0,seed_annual_estimate,,Ilori et al. 2019
18,2017,Edo,4,9,1,0,seed_annual_estimate,,Ilori et al. 2019
18,2017,Enugu,0,1,0,0,seed_annual_estimate,,Ilori et al. 2019
18,2017,Imo,0,0,0,0,seed_annual_estimate,,Ilori et al. 2019
18,2017,Kogi,0,1,0,0,seed_annual_estimate,,Ilori et al. 2019
18,2017,Nasarawa,0,1,0,0,seed_annual_estimate,,Ilori et al. 2019
18,2017,Ondo,2,6,0,0,seed_annual_estimate,,Ilori et al. 2019
18,2017,Plateau,0,1,0,0,seed_annual_estimate,,Ilori et al. 2019
18,2017,Taraba,1,3,0,0,seed_annual_estimate,,Ilori et al. 2019
19,2017,Adamawa,0,0,0,0,seed_annual_estimate,,Ilori et al. 2019
19,2017,Anambra,1,1,0,0,seed_annual_estimate,,Ilori et al. 2019
19,2017,Bauchi,1,4,0,0,seed_annual_estimate,,Ilori et al. 2019
19,2017,Benue,0,1,0,0,seed_annual_estimate,,Ilori et al. 2019
19,2017,Cross River,0,0,0,0,seed_annual_estimate,,Ilori et al. 2019
19,2017,Delta,0,1,0,0,seed_annual_estimate,,Ilori et al. 2019
19,2017,Ebonyi,1,3,0,0,seed_annual_estimate,,Ilori et al. 2019
19,2017,Edo,4,9,1,0,seed_annual_estimate,,Ilori et al. 2019
19,2017,Enugu,0,1,0,0,seed_annual_estimate,,Ilori et al. 2019
19,2017,Imo,0,0,0,0,seed_annual_estimate,,Ilori et al. 2019
19,2017,Kogi,0,1,0,0,seed_annual_estimate,,Ilori et al. 2019
19,2017,Nasarawa,0,1,0,0,seed_annual_estimate,,Ilori et al. 2019
19,2017,Ondo,2,6,0,0,seed_annual_estimate,,Ilori et al. 2019
19,2017,Plateau,0,1,0,0,seed_annual_estimate,,Ilori et al. 2019
19,2017,Taraba,1,3,0,0,seed_annual_estimate,,Ilori et al. 2019
20,2017,Adamawa,0,0,0,0,seed_annual_estimate,,Ilori et al. 2019
20,2017,Anambra,1,1,0,0,seed_annual_estimate,,Ilori et al. 2019
20,2017,Bauchi,1,4,0,0,seed_annual_estimate,,Ilori et al. 2019
20,2017,Benue,0,1,0,0,seed_annual_estimate,,Ilori et al. 2019
20,2017,Cross River,0,0,0,0,seed_annual_estimate,,Ilori et al. 2019
20,2017,Delta,0,1,0,0,seed_annual_estimate,,Ilori et al. 2019
20,2017,Ebonyi,1,3,0,0,seed_annual_estimate,,Ilori et al. 2019
20,2017,Edo,4,9,1,0,seed_annual_estimate,,Ilori et al. 2019
20,2017,Enugu,0,1,0,0,seed_annual_estimate,,Ilori et al. 2019
20,2017,Imo,0,0,0,0,seed_annual_estimate,,Ilori et al. 2019
20,2017,Kogi,0,1,0,0,seed_annual_estimate,,Ilori et al. 2019
20,2017,Nasarawa,0,1,0,0,seed_annual_estimate,,Ilori et al. 2019
20,2017,Ondo,2,6,0,0,seed_annual_estimate,,Ilori et al. 2019
20,2017,Plateau,0,1,0,0,seed_annual_estimate,,Ilori et al. 2019
20,2017,Taraba,1,3,0,0,seed_annual_estimate,,Ilori et al. 2019
21,2017,Adamawa,0,0,0,0,seed_annual_estimate,,Ilori et al. 2019
21,2017,Anambra,1,1,0,0,seed_annual_estimate,,Ilori et al. 2019
21,2017,Bauchi,1,4,0,0,seed_annual_estimate,,Ilori et al. 2019
21,2017,Benue,0,1,0,0,seed_annual_estimate,,Ilori et al. 2019
21,2017,Cross River,0,0,0,0,seed_annual_estimate,,Ilori et al. 2019
21,2017,Delta,0,1,0,0,seed_annual_estimate,,Ilori et al. 2019
21,2017,Ebonyi,1,3,0,0,seed_annual_estimate,,Ilori et al. 2019
21,2017,Edo,4,9,1,0,seed_annual_estimate,,Ilori et al. 2019
21,2017,Enugu,0,1,0,0,seed_annual_estimate,,Ilori et al. 2019
21,2017,Imo,0,0,0,0,seed_annual_estimate,,Ilori et al. 2019
21,2017,Kogi,0,1,0,0,seed_annual_estimate,,Ilori et al. 2019
21,2017,Nasarawa,0,1,0,0,seed_annual_estimate,,Ilori et al. 2019
21,2017,Ondo,2,6,0,0,seed_annual_estimate,,Ilori et al. 2019
21,2017,Plateau,0,1,0,0,seed_annual_estimate,,Ilori et al. 2019
21,2017,Taraba,1,3,0,0,seed_annual_estimate,,Ilori et al. 2019
22,2017,Adamawa,0,0,0,0,seed_annual_estimate,,Ilori et al. 2019
22,2017,Anambra,1,1,0,0,seed_annual_estimate,,Ilori et al. 2019
22,2017,Bauchi,1,4,0,0,seed_annual_estimate,,Ilori et al. 2019
22,2017,Benue,0,1,0,0,seed_annual_estimate,,Ilori et al. 2019
22,2017,Cross River,0,0,0,0,seed_annual_estimate,,Ilori et al. 2019
22,2017,Delta,0,1,0,0,seed_annual_estimate,,Ilori et al. 2019
22,2017,Ebonyi,1,3,0,0,seed_annual_estimate,,Ilori et al. 2019
22,2017,Edo,4,9,1,0,seed_annual_estimate,,Ilori et al. 2019
22,2017,Enugu,0,1,0,0,seed_annual_estimate,,Ilori et al. 2019
22,2017,Imo,0,0,0,0,seed_annual_estimate,,Ilori et al. 2019
22,2017,Kogi,0,1,0,0,seed_annual_estimate,,Ilori et al. 2019
22,2017,Nasarawa,0,1,0,0,seed_annual_estimate,,Ilori et al. 2019
22,2017,Ondo,2,6,0,0,seed_annual_estimate,,Ilori et al. 2019
22,2017,Plateau,0,1,0,0,seed_annual_estimate,,Ilori et al. 2019
22,2017,Taraba,1,3,0,0,seed_annual_estimate,,Ilori et al. 2019
23,2017,Adamawa,0,0,0,0,seed_annual_estimate,,Ilori et al. 2019
23,2017,Anambra,1,1,0,0,seed_annual_estimate,,Ilori et al. 2019
23,2017,Bauchi,1,4,0,0,seed_annual_estimate,,Ilori et al. 2019
23,2017,Benue,0,1,0,0,seed_annual_estimate,,Ilori et al. 2019
23,2017,Cross River,0,0,0,0,seed_annual_estimate,,Ilori et al. 2019
23,2017,Delta,0,1,0,0,seed_annual_estimate,,Ilori et al. 2019
23,2017,Ebonyi,1,3,0,0,seed_annual_estimate,,Ilori et al. 2019
23,2017,Edo,4,9,1,0,seed_annual_estimate,,Ilori et al. 2019
23,2017,Enugu,0,1,0,0,seed_annual_estimate,,Ilori et al. 2019
23,2017,Imo,0,0,0,0,seed_annual_estimate,,Ilori et al. 2019
23,2017,Kogi,0,1,0,0,seed_annual_estimate,,Ilori et al. 2019
23,2017,Nasarawa,0,1,0,0,seed_annual_estimate,,Ilori et al. 2019
23,2017,Ondo,2,6,0,0,seed_annual_estimate,,Ilori et al. 2019
23,2017,Plateau,0,1,0,0,seed_annual_estimate,,Ilori et al. 2019
23,2017,Taraba,1,3,0,0,seed_annual_estimate,,Ilori et al. 2019
24,2017,Adamawa,0,0,0,0,seed_annual_estimate,,Ilori et al. 2019
24,2017,Anambra,1,1,0,0,seed_annual_estimate,,Ilori et al. 2019
24,2017,Bauchi,1,4,0,0,seed_annual_estimate,,Ilori et al. 2019
24,2017,Benue,0,1,0,0,seed_annual_estimate,,Ilori et al. 2019
24,2017,Cross River,0,0,0,0,seed_annual_estimate,,Ilori et al. 2019
24,2017,Delta,0,1,0,0,seed_annual_estimate,,Ilori et al. 2019
24,2017,Ebonyi,1,3,0,0,seed_annual_estimate,,Ilori et al. 2019
24,2017,Edo,4,9,1,0,seed_annual_estimate,,Ilori et al. 2019
24,2017,Enugu,0,1,0,0,seed_annual_estimate,,Ilori et al. 2019
24,2017,Imo,0,0,0,0,seed_annual_estimate,,Ilori et al. 2019
24,2017,Kogi,0,1,0,0,seed_annual_estimate,,Ilori et al. 2019
24,2017,Nasarawa,0,1,0,0,seed_annual_estimate,,Ilori et al. 2019
24,2017,Ondo,2,6,0,0,seed_annual_estimate,,Ilori et al. 2019
24,2017,Plateau,0,1,0,0,seed_annual_estimate,,Ilori et al. 2019
24,2017,Taraba,1,3,0,0,seed_annual_estimate,,Ilori et al. 2019
25,2017,Adamawa,0,0,0,0,seed_annual_estimate,,Ilori et al. 2019
25,2017,Anambra,1,1,0,0,seed_annual_estimate,,Ilori et al. 2019
25,2017,Bauchi,1,4,0,0,seed_annual_estimate,,Ilori et al. 2019
25,2017,Benue,0,1,0,0,seed_annual_estimate,,Ilori et al. 2019
25,2017,Cross River,0,0,0,0,seed_annual_estimate,,Ilori et al. 2019
25,2017,Delta,0,1,0,0,seed_annual_estimate,,Ilori et al. 2019
25,2017,Ebonyi,1,3,0,0,seed_annual_estimate,,Ilori et al. 2019
25,2017,Edo,4,9,1,0,seed_annual_estimate,,Ilori et al. 2019
25,2017,Enugu,0,1,0,0,seed_annual_estimate,,Ilori et al. 2019
25,2017,Imo,0,0,0,0,seed_annual_estimate,,Ilori et al. 2019
25,2017,Kogi,0,1,0,0,seed_annual_estimate,,Ilori et al. 2019
25,2017,Nasarawa,0,1,0,0,seed_annual_estimate,,Ilori et al. 2019
25,2017,Ondo,2,6,0,0,seed_annual_estimate,,Ilori et al. 2019
25,2017,Plateau,0,1,0,0,seed_annual_estimate,,Ilori et al. 2019
25,2017,Taraba,1,3,0,0,seed_annual_estimate,,Ilori et al. 2019
26,2017,Adamawa,0,0,0,0,seed_annual_estimate,,Ilori et al. 2019
26,2017,Anambra,1,1,0,0,seed_annual_estimate,,Ilori et al. 2019
26,2017,Bauchi,1,4,0,0,seed_annual_estimate,,Ilori et al. 2019
26,2017,Benue,0,1,0,0,seed_annual_estimate,,Ilori et al. 2019
26,2017,Cross River,0,0,0,0,seed_annual_estimate,,Ilori et al. 2019
26,2017,Delta,0,1,0,0,seed_annual_estimate,,Ilori et al. 2019
26,2017,Ebonyi,1,3,0,0,seed_annual_estimate,,Ilori et al. 2019
26,2017,Edo,4,9,1,0,seed_annual_estimate,,Ilori et al. 2019
26,2017,Enugu,0,1,0,0,seed_annual_estimate,,Ilori et al. 2019
26,2017,Imo,0,0,0,0,seed_annual_estimate,,Ilori et al. 2019
26,2017,Kogi,0,1,0,0,seed_annual_estimate,,Ilori et al. 2019
26,2017,Nasarawa,0,1,0,0,seed_annual_estimate,,Ilori et al. 2019
26,2017,Ondo,2,6,0,0,seed_annual_estimate,,Ilori et al. 2019
26,2017,Plateau,0,1,0,0,seed_annual_estimate,,Ilori et al. 2019
26,2017,Taraba,1,3,0,0,seed_annual_estimate,,Ilori et al. 2019
27,2017,Adamawa,0,0,0,0,seed_annual_estimate,,Ilori et al. 2019
27,2017,Anambra,1,1,0,0,seed_annual_estimate,,Ilori et al. 2019
27,2017,Bauchi,1,4,0,0,seed_annual_estimate,,Ilori et al. 2019
27,2017,Benue,0,1,0,0,seed_annual_estimate,,Ilori et al. 2019
27,2017,Cross River,0,0,0,0,seed_annual_estimate,,Ilori et al. 2019
27,2017,Delta,0,1,0,0,seed_annual_estimate,,Ilori et al. 2019
27,2017,Ebonyi,1,3,0,0,seed_annual_estimate,,Ilori et al. 2019
27,2017,Edo,4,9,1,0,seed_annual_estimate,,Ilori et al. 2019
27,2017,Enugu,0,1,0,0,seed_annual_estimate,,Ilori et al. 2019
27,2017,Imo,0,0,0,0,seed_annual_estimate,,Ilori et al. 2019
27,2017,Kogi,0,1,0,0,seed_annual_estimate,,Ilori et al. 2019
27,2017,Nasarawa,0,1,0,0,seed_annual_estimate,,Ilori et al. 2019
27,2017,Ondo,2,6,0,0,seed_annual_estimate,,Ilori et al. 2019
27,2017,Plateau,0,1,0,0,seed_annual_estimate,,Ilori et al. 2019
27,2017,Taraba,1,3,0,0,seed_annual_estimate,,Ilori et al. 2019
28,2017,Adamawa,0,0,0,0,seed_annual_estimate,,Ilori et al. 2019
28,2017,Anambra,1,1,0,0,seed_annual_estimate,,Ilori et al. 2019
28,2017,Bauchi,1,4,0,0,seed_annual_estimate,,Ilori et al. 2019
28,2017,Benue,0,1,0,0,seed_annual_estimate,,Ilori et al. 2019
28,2017,Cross River,0,0,0,0,seed_annual_estimate,,Ilori et al. 2019
28,2017,Delta,0,1,0,0,seed_annual_estimate,,Ilori et al. 2019
28,2017,Ebonyi,1,3,0,0,seed_annual_estimate,,Ilori et al. 2019
28,2017,Edo,4,9,1,0,seed_annual_estimate,,Ilori et al. 2019
28,2017,Enugu,0,1,0,0,seed_annual_estimate,,Ilori et al. 2019
28,2017,Imo,0,0,0,0,seed_annual_estimate,,Ilori et al. 2019
28,2017,Kogi,0,1,0,0,seed_annual_estimate,,Ilori et al. 2019
28,2017,Nasarawa,0,1,0,0,seed_annual_estimate,,Ilori et al. 2019
28,2017,Ondo,2,6,0,0,seed_annual_estimate,,Ilori et al. 2019
28,2017,Plateau,0,1,0,0,seed_annual_estimate,,Ilori et al. 2019
28,2017,Taraba,1,3,0,0,seed_annual_estimate,,Ilori et al. 2019
29,2017,Adamawa,0,0,0,0,seed_annual_estimate,,Ilori et al. 2019
29,2017,Anambra,1,1,0,0,seed_annual_estimate,,Ilori et al. 2019
29,2017,Bauchi,1,4,0,0,seed_annual_estimate,,Ilori et al. 2019
29,2017,Benue,0,1,0,0,seed_annual_estimate,,Ilori et al. 2019
29,2017,Cross River,0,0,0,0,seed_annual_estimate,,Ilori et al. 2019
29,2017,Delta,0,1,0,0,seed_annual_estimate,,Ilori et al. 2019
29,2017,Ebonyi,1,3,0,0,seed_annual_estimate,,Ilori et al. 2019
29,2017,Edo,4,9,1,0,seed_annual_estimate,,Ilori et al. 2019
29,2017,Enugu,0,1,0,0,seed_annual_estimate,,Ilori et al. 2019
29,2017,Imo,0,0,0,0,seed_annual_estimate,,Ilori et al. 2019
29,2017,Kogi,0,1,0,0,seed_annual_estimate,,Ilori et al. 2019
29,2017,Nasarawa,0,1,0,0,seed_annual_estimate,,Ilori et al. 2019
29,2017,Ondo,2,6,0,0,seed_annual_estimate,,Ilori et al. 2019
29,2017,Plateau,0,1,0,0,seed_annual_estimate,,Ilori et al. 2019
29,2017,Taraba,1,3,0,0,seed_annual_estimate,,Ilori et al. 2019
30,2017,Adamawa,0,0,0,0,seed_annual_estimate,,Ilori et al. 2019
30,2017,Anambra,1,1,0,0,seed_annual_estimate,,Ilori et al. 2019
30,2017,Bauchi,1,4,0,0,seed_annual_estimate,,Ilori et al. 2019
30,2017,Benue,0,1,0,0,seed_annual_estimate,,Ilori et al. 2019
30,2017,Cross River,0,0,0,0,seed_annual_estimate,,Ilori et al. 2019
30,2017,Delta,0,1,0,0,seed_annual_estimate,,Ilori et al. 2019
30,2017,Ebonyi,1,3,0,0,seed_annual_estimate,,Ilori et al. 2019
30,2017,Edo,4,9,1,0,seed_annual_estimate,,Ilori et al. 2019
30,2017,Enugu,0,1,0,0,seed_annual_estimate,,Ilori et al. 2019
30,2017,Imo,0,0,0,0,seed_annual_estimate,,Ilori et al. 2019
30,2017,Kogi,0,1,0,0,seed_annual_estimate,,Ilori et al. 2019
30,2017,Nasarawa,0,1,0,0,seed_annual_estimate,,Ilori et al. 2019
30,2017,Ondo,2,6,0,0,seed_annual_estimate,,Ilori et al. 2019
30,2017,Plateau,0,1,0,0,seed_annual_estimate,,Ilori et al. 2019
30,2017,Taraba,1,3,0,0,seed_annual_estimate,,Ilori et al. 2019
31,2017,Adamawa,0,0,0,0,seed_annual_estimate,,Ilori et al. 2019
31,2017,Anambra,1,1,0,0,seed_annual_estimate,,Ilori et al. 2019
31,2017,Bauchi,1,4,0,0,seed_annual_estimate,,Ilori et al. 2019
31,2017,Benue,0,1,0,0,seed_annual_estimate,,Ilori et al. 2019
31,2017,Cross River,0,0,0,0,seed_annual_estimate,,Ilori et al. 2019
31,2017,Delta,0,1,0,0,seed_annual_estimate,,Ilori et al. 2019
31,2017,Ebonyi,1,3,0,0,seed_annual_estimate,,Ilori et al. 2019
31,2017,Edo,4,9,1,0,seed_annual_estimate,,Ilori et al. 2019
31,2017,Enugu,0,1,0,0,seed_annual_estimate,,Ilori et al. 2019
31,2017,Imo,0,0,0,0,seed_annual_estimate,,Ilori et al. 2019
31,2017,Kogi,0,1,0,0,seed_annual_estimate,,Ilori et al. 2019
31,2017,Nasarawa,0,1,0,0,seed_annual_estimate,,Ilori et al. 2019
31,2017,Ondo,2,6,0,0,seed_annual_estimate,,Ilori et al. 2019
31,2017,Plateau,0,1,0,0,seed_annual_estimate,,Ilori et al. 2019
31,2017,Taraba,1,3,0,0,seed_annual_estimate,,Ilori et al. 2019
32,2017,Adamawa,0,0,0,0,seed_annual_estimate,,Ilori et al. 2019
32,2017,Anambra,1,1,0,0,seed_annual_estimate,,Ilori et al. 2019
32,2017,Bauchi,1,4,0,0,seed_annual_estimate,,Ilori et al. 2019
32,2017,Benue,0,1,0,0,seed_annual_estimate,,Ilori et al. 2019
32,2017,Cross River,0,0,0,0,seed_annual_estimate,,Ilori et al. 2019
32,2017,Delta,0,1,0,0,seed_annual_estimate,,Ilori et al. 2019
32,2017,Ebonyi,1,3,0,0,seed_annual_estimate,,Ilori et al. 2019
32,2017,Edo,4,9,1,0,seed_annual_estimate,,Ilori et al. 2019
32,2017,Enugu,0,1,0,0,seed_annual_estimate,,Ilori et al. 2019
32,2017,Imo,0,0,0,0,seed_annual_estimate,,Ilori et al. 2019
32,2017,Kogi,0,1,0,0,seed_annual_estimate,,Ilori et al. 2019
32,2017,Nasarawa,0,1,0,0,seed_annual_estimate,,Ilori et al. 2019
32,2017,Ondo,2,6,0,0,seed_annual_estimate,,Ilori et al. 2019
32,2017,Plateau,0,1,0,0,seed_annual_estimate,,Ilori et al. 2019
32,2017,Taraba,1,3,0,0,seed_annual_estimate,,Ilori et al. 2019
33,2017,Adamawa,0,0,0,0,seed_annual_estimate,,Ilori et al. 2019
33,2017,Anambra,1,1,0,0,seed_annual_estimate,,Ilori et al. 2019
33,2017,Bauchi,1,4,0,0,seed_annual_estimate,,Ilori et al. 2019
33,2017,Benue,0,1,0,0,seed_annual_estimate,,Ilori et al. 2019
33,2017,Cross River,0,0,0,0,seed_annual_estimate,,Ilori et al. 2019
33,2017,Delta,0,1,0,0,seed_annual_estimate,,Ilori et al. 2019
33,2017,Ebonyi,1,3,0,0,seed_annual_estimate,,Ilori et al. 2019
33,2017,Edo,4,9,1,0,seed_annual_estimate,,Ilori et al. 2019
33,2017,Enugu,0,1,0,0,seed_annual_estimate,,Ilori et al. 2019
33,2017,Imo,0,0,0,0,seed_annual_estimate,,Ilori et al. 2019
33,2017,Kogi,0,1,0,0,seed_annual_estimate,,Ilori et al. 2019
33,2017,Nasarawa,0,1,0,0,seed_annual_estimate,,Ilori et al. 2019
33,2017,Ondo,2,6,0,0,seed_annual_estimate,,Ilori et al. 2019
33,2017,Plateau,0,1,0,0,seed_annual_estimate,,Ilori et al. 2019
33,2017,Taraba,1,3,0,0,seed_annual_estimate,,Ilori et al. 2019
34,2017,Adamawa,0,0,0,0,seed_annual_estimate,,Ilori et al. 2019
34,2017,Anambra,1,1,0,0,seed_annual_estimate,,Ilori et al. 2019
34,2017,Bauchi,1,4,0,0,seed_annual_estimate,,Ilori et al. 2019
34,2017,Benue,0,1,0,0,seed_annual_estimate,,Ilori et al. 2019
34,2017,Cross River,0,0,0,0,seed_annual_estimate,,Ilori et al. 2019
34,2017,Delta,0,1,0,0,seed_annual_estimate,,Ilori et al. 2019
34,2017,Ebonyi,1,3,0,0,seed_annual_estimate,,Ilori et al. 2019
34,2017,Edo,4,9,1,0,seed_annual_estimate,,Ilori et al. 2019
34,2017,Enugu,0,1,0,0,seed_annual_estimate,,Ilori et al. 2019
34,2017,Imo,0,0,0,0,seed_annual_estimate,,Ilori et al. 2019
34,2017,Kogi,0,1,0,0,seed_annual_estimate,,Ilori et al. 2019
34,2017,Nasarawa,0,1,0,0,seed_annual_estimate,,Ilori et al. 2019
34,2017,Ondo,2,6,0,0,seed_annual_estimate,,Ilori et al. 2019
34,2017,Plateau,0,1,0,0,seed_annual_estimate,,Ilori et al. 2019
34,2017,Taraba,1,3,0,0,seed_annual_estimate,,Ilori et al. 2019
35,2017,Adamawa,0,0,0,0,seed_annual_estimate,,Ilori et al. 2019
35,2017,Anambra,1,1,0,0,seed_annual_estimate,,Ilori et al. 2019
35,2017,Bauchi,1,4,0,0,seed_annual_estimate,,Ilori et al. 2019
35,2017,Benue,0,1,0,0,seed_annual_estimate,,Ilori et al. 2019
35,2017,Cross River,0,0,0,0,seed_annual_estimate,,Ilori et al. 2019
35,2017,Delta,0,1,0,0,seed_annual_estimate,,Ilori et al. 2019
35,2017,Ebonyi,1,3,0,0,seed_annual_estimate,,Ilori et al. 2019
35,2017,Edo,4,9,1,0,seed_annual_estimate,,Ilori et al. 2019
35,2017,Enugu,0,1,0,0,seed_annual_estimate,,Ilori et al. 2019
35,2017,Imo,0,0,0,0,seed_annual_estimate,,Ilori et al. 2019
35,2017,Kogi,0,1,0,0,seed_annual_estimate,,Ilori et al. 2019
35,2017,Nasarawa,0,1,0,0,seed_annual_estimate,,Ilori et al. 2019
35,2017,Ondo,2,6,0,0,seed_annual_estimate,,Ilori et al. 2019
35,2017,Plateau,0,1,0,0,seed_annual_estimate,,Ilori et al. 2019
35,2017,Taraba,1,3,0,0,seed_annual_estimate,,Ilori et al. 2019
36,2017,Adamawa,0,0,0,0,seed_annual_estimate,,Ilori et al. 2019
36,2017,Anambra,1,1,0,0,seed_annual_estimate,,Ilori et al. 2019
36,2017,Bauchi,1,4,0,0,seed_annual_estimate,,Ilori et al. 2019
36,2017,Benue,0,1,0,0,seed_annual_estimate,,Ilori et al. 2019
36,2017,Cross River,0,0,0,0,seed_annual_estimate,,Ilori et al. 2019
36,2017,Delta,0,1,0,0,seed_annual_estimate,,Ilori et al. 2019
36,2017,Ebonyi,1,3,0,0,seed_annual_estimate,,Ilori et al. 2019
36,2017,Edo,4,9,1,0,seed_annual_estimate,,Ilori et al. 2019
36,2017,Enugu,0,1,0,0,seed_annual_estimate,,Ilori et al. 2019
36,2017,Imo,0,0,0,0,seed_annual_estimate,,Ilori et al. 2019
36,2017,Kogi,0,1,0,0,seed_annual_estimate,,Ilori et al. 2019
36,2017,Nasarawa,0,1,0,0,seed_annual_estimate,,Ilori et al. 2019
36,2017,Ondo,2,6,0,0,seed_annual_estimate,,Ilori et al. 2019
36,2017,Plateau,0,1,0,0,seed_annual_estimate,,Ilori et al. 2019
36,2017,Taraba,1,3,0,0,seed_annual_estimate,,Ilori et al. 2019
37,2017,Adamawa,0,0,0,0,seed_annual_estimate,,Ilori et al. 2019
37,2017,Anambra,1,1,0,0,seed_annual_estimate,,Ilori et al. 2019
37,2017,Bauchi,1,4,0,0,seed_annual_estimate,,Ilori et al. 2019
37,2017,Benue,0,1,0,0,seed_annual_estimate,,Ilori et al. 2019
37,2017,Cross River,0,0,0,0,seed_annual_estimate,,Ilori et al. 2019
37,2017,Delta,0,1,0,0,seed_annual_estimate,,Ilori et al. 2019
37,2017,Ebonyi,1,3,0,0,seed_annual_estimate,,Ilori et al. 2019
37,2017,Edo,4,9,1,0,seed_annual_estimate,,Ilori et al. 2019
37,2017,Enugu,0,1,0,0,seed_annual_estimate,,Ilori et al. 2019
37,2017,Imo,0,0,0,0,seed_annual_estimate,,Ilori et al. 2019
37,2017,Kogi,0,1,0,0,seed_annual_estimate,,Ilori et al. 2019
37,2017,Nasarawa,0,1,0,0,seed_annual_estimate,,Ilori et al. 2019
37,2017,Ondo,2,6,0,0,seed_annual_estimate,,Ilori et al. 2019
37,2017,Plateau,0,1,0,0,seed_annual_estimate,,Ilori et al. 2019
37,2017,Taraba,1,3,0,0,seed_annual_estimate,,Ilori et al. 2019
38,2017,Adamawa,0,0,0,0,seed_annual_estimate,,Ilori et al. 2019
38,2017,Anambra,1,1,0,0,seed_annual_estimate,,Ilori et al. 2019
38,2017,Bauchi,1,4,0,0,seed_annual_estimate,,Ilori et al. 2019
38,2017,Benue,0,1,0,0,seed_annual_estimate,,Ilori et al. 2019
38,2017,Cross River,0,0,0,0,seed_annual_estimate,,Ilori et al. 2019
38,2017,Delta,0,1,0,0,seed_annual_estimate,,Ilori et al. 2019
38,2017,Ebonyi,1,3,0,0,seed_annual_estimate,,Ilori et al. 2019
38,2017,Edo,4,9,1,0,seed_annual_estimate,,Ilori et al. 2019
38,2017,Enugu,0,1,0,0,seed_annual_estimate,,Ilori et al. 2019
38,2017,Imo,0,0,0,0,seed_annual_estimate,,Ilori et al. 2019
38,2017,Kogi,0,1,0,0,seed_annual_estimate,,Ilori et al. 2019
38,2017,Nasarawa,0,1,0,0,seed_annual_estimate,,Ilori et al. 2019
38,2017,Ondo,2,6,0,0,seed_annual_estimate,,Ilori et al. 2019
38,2017,Plateau,0,1,0,0,seed_annual_estimate,,Ilori et al. 2019
38,2017,Taraba,1,3,0,0,seed_annual_estimate,,Ilori et al. 2019
39,2017,Adamawa,0,0,0,0,seed_annual_estimate,,Ilori et al. 2019
39,2017,Anambra,1,1,0,0,seed_annual_estimate,,Ilori et al. 2019
39,2017,Bauchi,1,4,0,0,seed_annual_estimate,,Ilori et al. 2019
39,2017,Benue,0,1,0,0,seed_annual_estimate,,Ilori et al. 2019
39,2017,Cross River,0,0,0,0,seed_annual_estimate,,Ilori et al. 2019
39,2017,Delta,0,1,0,0,seed_annual_estimate,,Ilori et al. 2019
39,2017,Ebonyi,1,3,0,0,seed_annual_estimate,,Ilori et al. 2019
39,2017,Edo,4,9,1,0,seed_annual_estimate,,Ilori et al. 2019
39,2017,Enugu,0,1,0,0,seed_annual_estimate,,Ilori et al. 2019
39,2017,Imo,0,0,0,0,seed_annual_estimate,,Ilori et al. 2019
39,2017,Kogi,0,1,0,0,seed_annual_estimate,,Ilori et al. 2019
39,2017,Nasarawa,0,1,0,0,seed_annual_estimate,,Ilori et al. 2019
39,2017,Ondo,2,6,0,0,seed_annual_estimate,,Ilori et al. 2019
39,2017,Plateau,0,1,0,0,seed_annual_estimate,,Ilori et al. 2019
39,2017,Taraba,1,3,0,0,seed_annual_estimate,,Ilori et al. 2019
40,2017,Adamawa,0,0,0,0,seed_annual_estimate,,Ilori et al. 2019
40,2017,Anambra,1,1,0,0,seed_annual_estimate,,Ilori et al. 2019
40,2017,Bauchi,1,4,0,0,seed_annual_estimate,,Ilori et al. 2019
40,2017,Benue,0,1,0,0,seed_annual_estimate,,Ilori et al. 2019
40,2017,Cross River,0,0,0,0,seed_annual_estimate,,Ilori et al. 2019
40,2017,Delta,0,1,0,0,seed_annual_estimate,,Ilori et al. 2019
40,2017,Ebonyi,1,3,0,0,seed_annual_estimate,,Ilori et al. 2019
40,2017,Edo,4,9,1,0,seed_annual_estimate,,Ilori et al. 2019
40,2017,Enugu,0,1,0,0,seed_annual_estimate,,Ilori et al. 2019
40,2017,Imo,0,0,0,0,seed_annual_estimate,,Ilori et al. 2019
40,2017,Kogi,0,1,0,0,seed_annual_estimate,,Ilori et al. 2019
40,2017,Nasarawa,0,1,0,0,seed_annual_estimate,,Ilori et al. 2019
40,2017,Ondo,2,6,0,0,seed_annual_estimate,,Ilori et al. 2019
40,2017,Plateau,0,1,0,0,seed_annual_estimate,,Ilori et al. 2019
40,2017,Taraba,1,3,0,0,seed_annual_estimate,,Ilori et al. 2019
41,2017,Adamawa,0,0,0,0,seed_annual_estimate,,Ilori et al. 2019
41,2017,Anambra,1,1,0,0,seed_annual_estimate,,Ilori et al. 2019
41,2017,Bauchi,1,4,0,0,seed_annual_estimate,,Ilori et al. 2019
41,2017,Benue,0,1,0,0,seed_annual_estimate,,Ilori et al. 2019
41,2017,Cross River,0,0,0,0,seed_annual_estimate,,Ilori et al. 2019
41,2017,Delta,0,1,0,0,seed_annual_estimate,,Ilori et al. 2019
41,2017,Ebonyi,1,3,0,0,seed_annual_estimate,,Ilori et al. 2019
41,2017,Edo,4,9,1,0,seed_annual_estimate,,Ilori et al. 2019
41,2017,Enugu,0,1,0,0,seed_annual_estimate,,Ilori et al. 2019
41,2017,Imo,0,0,0,0,seed_annual_estimate,,Ilori et al. 2019
41,2017,Kogi,0,1,0,0,seed_annual_estimate,,Ilori et al. 2019
41,2017,Nasarawa,0,1,0,0,seed_annual_estimate,,Ilori et al. 2019
41,2017,Ondo,2,6,0,0,seed_annual_estimate,,Ilori et al. 2019
41,2017,Plateau,0,1,0,0,seed_annual_estimate,,Ilori et al. 2019
41,2017,Taraba,1,3,0,0,seed_annual_estimate,,Ilori et al. 2019
42,2017,Adamawa,0,0,0,0,seed_annual_estimate,,Ilori et al. 2019
42,2017,Anambra,1,1,0,0,seed_annual_estimate,,Ilori et al. 2019
42,2017,Bauchi,1,4,0,0,seed_annual_estimate,,Ilori et al. 2019
42,2017,Benue,0,1,0,0,seed_annual_estimate,,Ilori et al. 2019
42,2017,Cross River,0,0,0,0,seed_annual_estimate,,Ilori et al. 2019
42,2017,Delta,0,1,0,0,seed_annual_estimate,,Ilori et al. 2019
42,2017,Ebonyi,1,3,0,0,seed_annual_estimate,,Ilori et al. 2019
42,2017,Edo,4,9,1,0,seed_annual_estimate,,Ilori et al. 2019
42,2017,Enugu,0,1,0,0,seed_annual_estimate,,Ilori et al. 2019
42,2017,Imo,0,0,0,0,seed_annual_estimate,,Ilori et al. 2019
42,2017,Kogi,0,1,0,0,seed_annual_estimate,,Ilori et al. 2019
42,2017,Nasarawa,0,1,0,0,seed_annual_estimate,,Ilori et al. 2019
42,2017,Ondo,2,6,0,0,seed_annual_estimate,,Ilori et al. 2019
42,2017,Plateau,0,1,0,0,seed_annual_estimate,,Ilori et al. 2019
42,2017,Taraba,1,3,0,0,seed_annual_estimate,,Ilori et al. 2019
43,2017,Adamawa,0,0,0,0,seed_annual_estimate,,Ilori et al. 2019
43,2017,Anambra,1,1,0,0,seed_annual_estimate,,Ilori et al. 2019
43,2017,Bauchi,1,4,0,0,seed_annual_estimate,,Ilori et al. 2019
43,2017,Benue,0,1,0,0,seed_annual_estimate,,Ilori et al. 2019
43,2017,Cross River,0,0,0,0,seed_annual_estimate,,Ilori et al. 2019
43,2017,Delta,0,1,0,0,seed_annual_estimate,,Ilori et al. 2019
43,2017,Ebonyi,1,3,0,0,seed_annual_estimate,,Ilori et al. 2019
43,2017,Edo,4,9,1,0,seed_annual_estimate,,Ilori et al. 2019
43,2017,Enugu,0,1,0,0,seed_annual_estimate,,Ilori et al. 2019
43,2017,Imo,0,0,0,0,seed_annual_estimate,,Ilori et al. 2019
43,2017,Kogi,0,1,0,0,seed_annual_estimate,,Ilori et al. 2019
43,2017,Nasarawa,0,1,0,0,seed_annual_estimate,,Ilori et al. 2019
43,2017,Ondo,2,6,0,0,seed_annual_estimate,,Ilori et al. 2019
43,2017,Plateau,0,1,0,0,seed_annual_estimate,,Ilori et al. 2019
43,2017,Taraba,1,3,0,0,seed_annual_estimate,,Ilori et al. 2019
44,2017,Adamawa,0,0,0,0,seed_annual_estimate,,Ilori et al. 2019
44,2017,Anambra,0,1,0,0,seed_annual_estimate,,Ilori et al. 2019
44,2017,Bauchi,1,2,0,0,seed_annual_estimate,,Ilori et al. 2019
44,2017,Benue,0,0,0,0,seed_annual_estimate,,Ilori et al. 2019
44,2017,Cross River,0,0,0,0,seed_annual_estimate,,Ilori et al. 2019
44,2017,Delta,0,1,0,0,seed_annual_estimate,,Ilori et al. 2019
44,2017,Ebonyi,0,1,0,0,seed_annual_estimate,,Ilori et al. 2019
44,2017,Edo,2,4,0,0,seed_annual_estimate,,Ilori et al. 2019
44,2017,Enugu,0,0,0,0,seed_annual_estimate,,Ilori et al. 2019
44,2017,Imo,0,0,0,0,seed_annual_estimate,,Ilori et al. 2019
44,2017,Kogi,0,0,0,0,seed_annual_estimate,,Ilori et al. 2019
44,2017,Nasarawa,0,0,0,0,seed_annual_estimate,,Ilori et al. 2019
44,2017,Ondo,1,3,0,0,seed_annual_estimate,,Ilori et al. 2019
44,2017,Plateau,0,0,0,0,seed_annual_estimate,,Ilori et al. 2019
44,2017,Taraba,1,1,0,0,seed_annual_estimate,,Ilori et al. 2019
45,2017,Adamawa,0,0,0,0,seed_annual_estimate,,Ilori et al. 2019
45,2017,Anambra,0,1,0,0,seed_annual_estimate,,Ilori et al. 2019
45,2017,Bauchi,1,2,0,0,seed_annual_estimate,,Ilori et al. 2019
45,2017,Benue,0,0,0,0,seed_annual_estimate,,Ilori et al. 2019
45,2017,Cross River,0,0,0,0,seed_annual_estimate,,Ilori et al. 2019
45,2017,Delta,0,1,0,0,seed_annual_estimate,,Ilori et al. 2019
45,2017,Ebonyi,0,1,0,0,seed_annual_estimate,,Ilori et al. 2019
45,2017,Edo,2,4,0,0,seed_annual_estimate,,Ilori et al. 2019
45,2017,Enugu,0,0,0,0,seed_annual_estimate,,Ilori et al. 2019
45,2017,Imo,0,0,0,0,seed_annual_estimate,,Ilori et al. 2019
45,2017,Kogi,0,0,0,0,seed_annual_estimate,,Ilori et al. 2019
45,2017,Nasarawa,0,0,0,0,seed_annual_estimate,,Ilori et al. 2019
45,2017,Ondo,1,3,0,0,seed_annual_estimate,,Ilori et al. 2019
45,2017,Plateau,0,0,0,0,seed_annual_estimate,,Ilori et al. 2019
45,2017,Taraba,1,1,0,0,seed_annual_estimate,,Ilori et al. 2019
46,2017,Adamawa,0,0,0,0,seed_annual_estimate,,Ilori et al. 2019
46,2017,Anambra,0,1,0,0,seed_annual_estimate,,Ilori et al. 2019
46,2017,Bauchi,1,2,0,0,seed_annual_estimate,,Ilori et al. 2019
46,2017,Benue,0,0,0,0,seed_annual_estimate,,Ilori et al. 2019
46,2017,Cross River,0,0,0,0,seed_annual_estimate,,Ilori et al. 2019
46,2017,Delta,0,1,0,0,seed_annual_estimate,,Ilori et al. 2019
46,2017,Ebonyi,0,1,0,0,seed_annual_estimate,,Ilori et al. 2019
46,2017,Edo,2,4,0,0,seed_annual_estimate,,Ilori et al. 2019
46,2017,Enugu,0,0,0,0,seed_annual_estimate,,Ilori et al. 2019
46,2017,Imo,0,0,0,0,seed_annual_estimate,,Ilori et al. 2019
46,2017,Kogi,0,0,0,0,seed_annual_estimate,,Ilori et al. 2019
46,2017,Nasarawa,0,0,0,0,seed_annual_estimate,,Ilori et al. 2019
46,2017,Ondo,1,3,0,0,seed_annual_estimate,,Ilori et al. 2019
46,2017,Plateau,0,0,0,0,seed_annual_estimate,,Ilori et al. 2019
46,2017,Taraba,1,1,0,0,seed_annual_estimate,,Ilori et al. 2019
47,2017,Adamawa,0,0,0,0,seed_annual_estimate,,Ilori et al. 2019
47,2017,Anambra,0,1,0,0,seed_annual_estimate,,Ilori et al. 2019
47,2017,Bauchi,1,2,0,0,seed_annual_estimate,,Ilori et al. 2019
47,2017,Benue,0,0,0,0,seed_annual_estimate,,Ilori et al. 2019
47,2017,Cross River,0,0,0,0,seed_annual_estimate,,Ilori et al. 2019
47,2017,Delta,0,1,0,0,seed_annual_estimate,,Ilori et al. 2019
47,2017,Ebonyi,0,1,0,0,seed_annual_estimate,,Ilori et al. 2019
47,2017,Edo,2,4,0,0,seed_annual_estimate,,Ilori et al. 2019
47,2017,Enugu,0,0,0,0,seed_annual_estimate,,Ilori et al. 2019
47,2017,Imo,0,0,0,0,seed_annual_estimate,,Ilori et al. 2019
47,2017,Kogi,0,0,0,0,seed_annual_estimate,,Ilori et al. 2019
47,2017,Nasarawa,0,0,0,0,seed_annual_estimate,,Ilori et al. 2019
47,2017,Ondo,1,3,0,0,seed_annual_estimate,,Ilori et al. 2019
47,2017,Plateau,0,0,0,0,seed_annual_estimate,,Ilori et al. 2019
47,2017,Taraba,1,1,0,0,seed_annual_estimate,,Ilori et al. 2019
48,2017,Adamawa,0,0,0,0,seed_annual_estimate,,Ilori et al. 2019
48,2017,Anambra,0,1,0,0,seed_annual_estimate,,Ilori et al. 2019
48,2017,Bauchi,1,2,0,0,seed_annual_estimate,,Ilori et al. 2019
48,2017,Benue,0,0,0,0,seed_annual_estimate,,Ilori et al. 2019
48,2017,Cross River,0,0,0,0,seed_annual_estimate,,Ilori et al. 2019
48,2017,Delta,0,1,0,0,seed_annual_estimate,,Ilori et al. 2019
48,2017,Ebonyi,0,1,0,0,seed_annual_estimate,,Ilori et al. 2019
48,2017,Edo,2,4,0,0,seed_annual_estimate,,Ilori et al. 2019
48,2017,Enugu,0,0,0,0,seed_annual_estimate,,Ilori et al. 2019
48,2017,Imo,0,0,0,0,seed_annual_estimate,,Ilori et al. 2019
48,2017,Kogi,0,0,0,0,seed_annual_estimate,,Ilori et al. 2019
48,2017,Nasarawa,0,0,0,0,seed_annual_estimate,,Ilori et al. 2019
48,2017,Ondo,1,3,0,0,seed_annual_estimate,,Ilori et al. 2019
48,2017,Plateau,0,0,0,0,seed_annual_estimate,,Ilori et al. 2019
48,2017,Taraba,1,1,0,0,seed_annual_estimate,,Ilori et al. 2019
49,2017,Adamawa,0,0,0,0,seed_annual_estimate,,Ilori et al. 2019
49,2017,Anambra,0,1,0,0,seed_annual_estimate,,Ilori et al. 2019
49,2017,Bauchi,1,2,0,0,seed_annual_estimate,,Ilori et al. 2019
49,2017,Benue,0,0,0,0,seed_annual_estimate,,Ilori et al. 2019
49,2017,Cross River,0,0,0,0,seed_annual_estimate,,Ilori et al. 2019
49,2017,Delta,0,1,0,0,seed_annual_estimate,,Ilori et al. 2019
49,2017,Ebonyi,0,1,0,0,seed_annual_estimate,,Ilori et al. 2019
49,2017,Edo,2,4,0,0,seed_annual_estimate,,Ilori et al. 2019
49,2017,Enugu,0,0,0,0,seed_annual_estimate,,Ilori et al. 2019
49,2017,Imo,0,0,0,0,seed_annual_estimate,,Ilori et al. 2019
49,2017,Kogi,0,0,0,0,seed_annual_estimate,,Ilori et al. 2019
49,2017,Nasarawa,0,0,0,0,seed_annual_estimate,,Ilori et al. 2019
49,2017,Ondo,1,3,0,0,seed_annual_estimate,,Ilori et al. 2019
49,2017,Plateau,0,0,0,0,seed_annual_estimate,,Ilori et al. 2019
49,2017,Taraba,1,1,0,0,seed_annual_estimate,,Ilori et al. 2019
50,2017,Adamawa,0,0,0,0,seed_annual_estimate,,Ilori et al. 2019
50,2017,Anambra,0,1,0,0,seed_annual_estimate,,Ilori et al. 2019
50,2017,Bauchi,1,2,0,0,seed_annual_estimate,,Ilori et al. 2019
50,2017,Benue,0,0,0,0,seed_annual_estimate,,Ilori et al. 2019
50,2017,Cross River,0,0,0,0,seed_annual_estimate,,Ilori et al. 2019
50,2017,Delta,0,1,0,0,seed_annual_estimate,,Ilori et al. 2019
50,2017,Ebonyi,0,1,0,0,seed_annual_estimate,,Ilori et al. 2019
50,2017,Edo,2,4,0,0,seed_annual_estimate,,Ilori et al. 2019
50,2017,Enugu,0,0,0,0,seed_annual_estimate,,Ilori et al. 2019
50,2017,Imo,0,0,0,0,seed_annual_estimate,,Ilori et al. 2019
50,2017,Kogi,0,0,0,0,seed_annual_estimate,,Ilori et al. 2019
50,2017,Nasarawa,0,0,0,0,seed_annual_estimate,,Ilori et al. 2019
50,2017,Ondo,1,3,0,0,seed_annual_estimate,,Ilori et al. 2019
50,2017,Plateau,0,0,0,0,seed_annual_estimate,,Ilori et al. 2019
50,2017,Taraba,1,1,0,0,seed_annual_estimate,,Ilori et al. 2019
51,2017,Adamawa,0,0,0,0,seed_annual_estimate,,Ilori et al. 2019
51,2017,Anambra,0,1,0,0,seed_annual_estimate,,Ilori et al. 2019
51,2017,Bauchi,1,2,0,0,seed_annual_estimate,,Ilori et al. 2019
51,2017,Benue,0,0,0,0,seed_annual_estimate,,Ilori et al. 2019
51,2017,Cross River,0,0,0,0,seed_annual_estimate,,Ilori et al. 2019
51,2017,Delta,0,1,0,0,seed_annual_estimate,,Ilori et al. 2019
51,2017,Ebonyi,0,1,0,0,seed_annual_estimate,,Ilori et al. 2019
51,2017,Edo,2,4,0,0,seed_annual_estimate,,Ilori et al. 2019
51,2017,Enugu,0,0,0,0,seed_annual_estimate,,Ilori et al. 2019
51,2017,Imo,0,0,0,0,seed_annual_estimate,,Ilori et al. 2019
51,2017,Kogi,0,0,0,0,seed_annual_estimate,,Ilori et al. 2019
51,2017,Nasarawa,0,0,0,0,seed_annual_estimate,,Ilori et al. 2019
51,2017,Ondo,1,3,0,0,seed_annual_estimate,,Ilori et al. 2019
51,2017,Plateau,0,0,0,0,seed_annual_estimate,,Ilori et al. 2019
51,2017,Taraba,1,1,0,0,seed_annual_estimate,,Ilori et al. 2019
52,2017,Adamawa,0,0,0,0,seed_annual_estimate,,Ilori et al. 2019
52,2017,Anambra,0,1,0,0,seed_annual_estimate,,Ilori et al. 2019
52,2017,Bauchi,1,2,0,0,seed_annual_estimate,,Ilori et al. 2019
52,2017,Benue,0,0,0,0,seed_annual_estimate,,Ilori et al. 2019
52,2017,Cross River,0,0,0,0,seed_annual_estimate,,Ilori et al. 2019
52,2017,Delta,0,1,0,0,seed_annual_estimate,,Ilori et al. 2019
52,2017,Ebonyi,0,1,0,0,seed_annual_estimate,,Ilori et al. 2019
52,2017,Edo,2,4,0,0,seed_annual_estimate,,Ilori et al. 2019
52,2017,Enugu,0,0,0,0,seed_annual_estimate,,Ilori et al. 2019
52,2017,Imo,0,0,0,0,seed_annual_estimate,,Ilori et al. 2019
52,2017,Kogi,0,0,0,0,seed_annual_estimate,,Ilori et al. 2019
52,2017,Nasarawa,0,0,0,0,seed_annual_estimate,,Ilori et al. 2019
52,2017,Ondo,1,3,0,0,seed_annual_estimate,,Ilori et al. 2019
52,2017,Plateau,0,0,0,0,seed_annual_estimate,,Ilori et al. 2019
52,2017,Taraba,1,1,0,0,seed_annual_estimate,,Ilori et al. 2019
1,2018,Adamawa,0,0,0,0,seed_annual_estimate,,Ilori et al. 2019 — largest outbreak on record at time
1,2018,Anambra,0,2,0,0,seed_annual_estimate,,Ilori et al. 2019 — largest outbreak on record at time
1,2018,Bauchi,1,5,0,0,seed_annual_estimate,,Ilori et al. 2019 — largest outbreak on record at time
1,2018,Benue,0,1,0,0,seed_annual_estimate,,Ilori et al. 2019 — largest outbreak on record at time
1,2018,Cross River,0,1,0,0,seed_annual_estimate,,Ilori et al. 2019 — largest outbreak on record at time
1,2018,Delta,0,2,0,0,seed_annual_estimate,,Ilori et al. 2019 — largest outbreak on record at time
1,2018,Ebonyi,1,3,0,0,seed_annual_estimate,,Ilori et al. 2019 — largest outbreak on record at time
1,2018,Edo,2,12,1,0,seed_annual_estimate,,Ilori et al. 2019 — largest outbreak on record at time
1,2018,Enugu,0,1,0,0,seed_annual_estimate,,Ilori et al. 2019 — largest outbreak on record at time
1,2018,Imo,0,0,0,0,seed_annual_estimate,,Ilori et al. 2019 — largest outbreak on record at time
1,2018,Kogi,0,1,0,0,seed_annual_estimate,,Ilori et al. 2019 — largest outbreak on record at time
1,2018,Nasarawa,0,1,0,0,seed_annual_estimate,,Ilori et al. 2019 — largest outbreak on record at time
1,2018,Ondo,1,8,0,0,seed_annual_estimate,,Ilori et al. 2019 — largest outbreak on record at time
1,2018,Plateau,0,1,0,0,seed_annual_estimate,,Ilori et al. 2019 — largest outbreak on record at time
1,2018,Taraba,1,4,0,0,seed_annual_estimate,,Ilori et al. 2019 — largest outbreak on record at time
2,2018,Adamawa,0,0,0,0,seed_annual_estimate,,Ilori et al. 2019 — largest outbreak on record at time
2,2018,Anambra,0,2,0,0,seed_annual_estimate,,Ilori et al. 2019 — largest outbreak on record at time
2,2018,Bauchi,1,5,0,0,seed_annual_estimate,,Ilori et al. 2019 — largest outbreak on record at time
2,2018,Benue,0,1,0,0,seed_annual_estimate,,Ilori et al. 2019 — largest outbreak on record at time
2,2018,Cross River,0,1,0,0,seed_annual_estimate,,Ilori et al. 2019 — largest outbreak on record at time
2,2018,Delta,0,2,0,0,seed_annual_estimate,,Ilori et al. 2019 — largest outbreak on record at time
2,2018,Ebonyi,1,3,0,0,seed_annual_estimate,,Ilori et al. 2019 — largest outbreak on record at time
2,2018,Edo,2,12,1,0,seed_annual_estimate,,Ilori et al. 2019 — largest outbreak on record at time
2,2018,Enugu,0,1,0,0,seed_annual_estimate,,Ilori et al. 2019 — largest outbreak on record at time
2,2018,Imo,0,0,0,0,seed_annual_estimate,,Ilori et al. 2019 — largest outbreak on record at time
2,2018,Kogi,0,1,0,0,seed_annual_estimate,,Ilori et al. 2019 — largest outbreak on record at time
2,2018,Nasarawa,0,1,0,0,seed_annual_estimate,,Ilori et al. 2019 — largest outbreak on record at time
2,2018,Ondo,1,8,0,0,seed_annual_estimate,,Ilori et al. 2019 — largest outbreak on record at time
2,2018,Plateau,0,1,0,0,seed_annual_estimate,,Ilori et al. 2019 — largest outbreak on record at time
2,2018,Taraba,1,4,0,0,seed_annual_estimate,,Ilori et al. 2019 — largest outbreak on record at time
3,2018,Adamawa,0,0,0,0,seed_annual_estimate,,Ilori et al. 2019 — largest outbreak on record at time
3,2018,Anambra,0,2,0,0,seed_annual_estimate,,Ilori et al. 2019 — largest outbreak on record at time
3,2018,Bauchi,1,5,0,0,seed_annual_estimate,,Ilori et al. 2019 — largest outbreak on record at time
3,2018,Benue,0,1,0,0,seed_annual_estimate,,Ilori et al. 2019 — largest outbreak on record at time
3,2018,Cross River,0,1,0,0,seed_annual_estimate,,Ilori et al. 2019 — largest outbreak on record at time
3,2018,Delta,0,2,0,0,seed_annual_estimate,,Ilori et al. 2019 — largest outbreak on record at time
3,2018,Ebonyi,1,3,0,0,seed_annual_estimate,,Ilori et al. 2019 — largest outbreak on record at time
3,2018,Edo,2,12,1,0,seed_annual_estimate,,Ilori et al. 2019 — largest outbreak on record at time
3,2018,Enugu,0,1,0,0,seed_annual_estimate,,Ilori et al. 2019 — largest outbreak on record at time
3,2018,Imo,0,0,0,0,seed_annual_estimate,,Ilori et al. 2019 — largest outbreak on record at time
3,2018,Kogi,0,1,0,0,seed_annual_estimate,,Ilori et al. 2019 — largest outbreak on record at time
3,2018,Nasarawa,0,1,0,0,seed_annual_estimate,,Ilori et al. 2019 — largest outbreak on record at time
3,2018,Ondo,1,8,0,0,seed_annual_estimate,,Ilori et al. 2019 — largest outbreak on record at time
3,2018,Plateau,0,1,0,0,seed_annual_estimate,,Ilori et al. 2019 — largest outbreak on record at time
3,2018,Taraba,1,4,0,0,seed_annual_estimate,,Ilori et al. 2019 — largest outbreak on record at time
4,2018,Adamawa,0,0,0,0,seed_annual_estimate,,Ilori et al. 2019 — largest outbreak on record at time
4,2018,Anambra,0,2,0,0,seed_annual_estimate,,Ilori et al. 2019 — largest outbreak on record at time
4,2018,Bauchi,1,5,0,0,seed_annual_estimate,,Ilori et al. 2019 — largest outbreak on record at time
4,2018,Benue,0,1,0,0,seed_annual_estimate,,Ilori et al. 2019 — largest outbreak on record at time
4,2018,Cross River,0,1,0,0,seed_annual_estimate,,Ilori et al. 2019 — largest outbreak on record at time
4,2018,Delta,0,2,0,0,seed_annual_estimate,,Ilori et al. 2019 — largest outbreak on record at time
4,2018,Ebonyi,1,3,0,0,seed_annual_estimate,,Ilori et al. 2019 — largest outbreak on record at time
4,2018,Edo,2,12,1,0,seed_annual_estimate,,Ilori et al. 2019 — largest outbreak on record at time
4,2018,Enugu,0,1,0,0,seed_annual_estimate,,Ilori et al. 2019 — largest outbreak on record at time
4,2018,Imo,0,0,0,0,seed_annual_estimate,,Ilori et al. 2019 — largest outbreak on record at time
4,2018,Kogi,0,1,0,0,seed_annual_estimate,,Ilori et al. 2019 — largest outbreak on record at time
4,2018,Nasarawa,0,1,0,0,seed_annual_estimate,,Ilori et al. 2019 — largest outbreak on record at time
4,2018,Ondo,1,8,0,0,seed_annual_estimate,,Ilori et al. 2019 — largest outbreak on record at time
4,2018,Plateau,0,1,0,0,seed_annual_estimate,,Ilori et al. 2019 — largest outbreak on record at time
4,2018,Taraba,1,4,0,0,seed_annual_estimate,,Ilori et al. 2019 — largest outbreak on record at time
5,2018,Adamawa,0,0,0,0,seed_annual_estimate,,Ilori et al. 2019 — largest outbreak on record at time
5,2018,Anambra,0,2,0,0,seed_annual_estimate,,Ilori et al. 2019 — largest outbreak on record at time
5,2018,Bauchi,1,5,0,0,seed_annual_estimate,,Ilori et al. 2019 — largest outbreak on record at time
5,2018,Benue,0,1,0,0,seed_annual_estimate,,Ilori et al. 2019 — largest outbreak on record at time
5,2018,Cross River,0,1,0,0,seed_annual_estimate,,Ilori et al. 2019 — largest outbreak on record at time
5,2018,Delta,0,2,0,0,seed_annual_estimate,,Ilori et al. 2019 — largest outbreak on record at time
5,2018,Ebonyi,1,3,0,0,seed_annual_estimate,,Ilori et al. 2019 — largest outbreak on record at time
5,2018,Edo,2,12,1,0,seed_annual_estimate,,Ilori et al. 2019 — largest outbreak on record at time
5,2018,Enugu,0,1,0,0,seed_annual_estimate,,Ilori et al. 2019 — largest outbreak on record at time
5,2018,Imo,0,0,0,0,seed_annual_estimate,,Ilori et al. 2019 — largest outbreak on record at time
5,2018,Kogi,0,1,0,0,seed_annual_estimate,,Ilori et al. 2019 — largest outbreak on record at time
5,2018,Nasarawa,0,1,0,0,seed_annual_estimate,,Ilori et al. 2019 — largest outbreak on record at time
5,2018,Ondo,1,8,0,0,seed_annual_estimate,,Ilori et al. 2019 — largest outbreak on record at time
5,2018,Plateau,0,1,0,0,seed_annual_estimate,,Ilori et al. 2019 — largest outbreak on record at time
5,2018,Taraba,1,4,0,0,seed_annual_estimate,,Ilori et al. 2019 — largest outbreak on record at time
6,2018,Adamawa,0,0,0,0,seed_annual_estimate,,Ilori et al. 2019 — largest outbreak on record at time
6,2018,Anambra,0,2,0,0,seed_annual_estimate,,Ilori et al. 2019 — largest outbreak on record at time
6,2018,Bauchi,1,5,0,0,seed_annual_estimate,,Ilori et al. 2019 — largest outbreak on record at time
6,2018,Benue,0,1,0,0,seed_annual_estimate,,Ilori et al. 2019 — largest outbreak on record at time
6,2018,Cross River,0,1,0,0,seed_annual_estimate,,Ilori et al. 2019 — largest outbreak on record at time
6,2018,Delta,0,2,0,0,seed_annual_estimate,,Ilori et al. 2019 — largest outbreak on record at time
6,2018,Ebonyi,1,3,0,0,seed_annual_estimate,,Ilori et al. 2019 — largest outbreak on record at time
6,2018,Edo,2,12,1,0,seed_annual_estimate,,Ilori et al. 2019 — largest outbreak on record at time
6,2018,Enugu,0,1,0,0,seed_annual_estimate,,Ilori et al. 2019 — largest outbreak on record at time
6,2018,Imo,0,0,0,0,seed_annual_estimate,,Ilori et al. 2019 — largest outbreak on record at time
6,2018,Kogi,0,1,0,0,seed_annual_estimate,,Ilori et al. 2019 — largest outbreak on record at time
6,2018,Nasarawa,0,1,0,0,seed_annual_estimate,,Ilori et al. 2019 — largest outbreak on record at time
6,2018,Ondo,1,8,0,0,seed_annual_estimate,,Ilori et al. 2019 — largest outbreak on record at time
6,2018,Plateau,0,1,0,0,seed_annual_estimate,,Ilori et al. 2019 — largest outbreak on record at time
6,2018,Taraba,1,4,0,0,seed_annual_estimate,,Ilori et al. 2019 — largest outbreak on record at time
7,2018,Adamawa,0,0,0,0,seed_annual_estimate,,Ilori et al. 2019 — largest outbreak on record at time
7,2018,Anambra,0,2,0,0,seed_annual_estimate,,Ilori et al. 2019 — largest outbreak on record at time
7,2018,Bauchi,1,5,0,0,seed_annual_estimate,,Ilori et al. 2019 — largest outbreak on record at time
7,2018,Benue,0,1,0,0,seed_annual_estimate,,Ilori et al. 2019 — largest outbreak on record at time
7,2018,Cross River,0,1,0,0,seed_annual_estimate,,Ilori et al. 2019 — largest outbreak on record at time
7,2018,Delta,0,2,0,0,seed_annual_estimate,,Ilori et al. 2019 — largest outbreak on record at time
7,2018,Ebonyi,1,3,0,0,seed_annual_estimate,,Ilori et al. 2019 — largest outbreak on record at time
7,2018,Edo,2,12,1,0,seed_annual_estimate,,Ilori et al. 2019 — largest outbreak on record at time
7,2018,Enugu,0,1,0,0,seed_annual_estimate,,Ilori et al. 2019 — largest outbreak on record at time
7,2018,Imo,0,0,0,0,seed_annual_estimate,,Ilori et al. 2019 — largest outbreak on record at time
7,2018,Kogi,0,1,0,0,seed_annual_estimate,,Ilori et al. 2019 — largest outbreak on record at time
7,2018,Nasarawa,0,1,0,0,seed_annual_estimate,,Ilori et al. 2019 — largest outbreak on record at time
7,2018,Ondo,1,8,0,0,seed_annual_estimate,,Ilori et al. 2019 — largest outbreak on record at time
7,2018,Plateau,0,1,0,0,seed_annual_estimate,,Ilori et al. 2019 — largest outbreak on record at time
7,2018,Taraba,1,4,0,0,seed_annual_estimate,,Ilori et al. 2019 — largest outbreak on record at time
8,2018,Adamawa,0,0,0,0,seed_annual_estimate,,Ilori et al. 2019 — largest outbreak on record at time
8,2018,Anambra,0,2,0,0,seed_annual_estimate,,Ilori et al. 2019 — largest outbreak on record at time
8,2018,Bauchi,1,5,0,0,seed_annual_estimate,,Ilori et al. 2019 — largest outbreak on record at time
8,2018,Benue,0,1,0,0,seed_annual_estimate,,Ilori et al. 2019 — largest outbreak on record at time
8,2018,Cross River,0,1,0,0,seed_annual_estimate,,Ilori et al. 2019 — largest outbreak on record at time
8,2018,Delta,0,2,0,0,seed_annual_estimate,,Ilori et al. 2019 — largest outbreak on record at time
8,2018,Ebonyi,1,3,0,0,seed_annual_estimate,,Ilori et al. 2019 — largest outbreak on record at time
8,2018,Edo,2,12,1,0,seed_annual_estimate,,Ilori et al. 2019 — largest outbreak on record at time
8,2018,Enugu,0,1,0,0,seed_annual_estimate,,Ilori et al. 2019 — largest outbreak on record at time
8,2018,Imo,0,0,0,0,seed_annual_estimate,,Ilori et al. 2019 — largest outbreak on record at time
8,2018,Kogi,0,1,0,0,seed_annual_estimate,,Ilori et al. 2019 — largest outbreak on record at time
8,2018,Nasarawa,0,1,0,0,seed_annual_estimate,,Ilori et al. 2019 — largest outbreak on record at time
8,2018,Ondo,1,8,0,0,seed_annual_estimate,,Ilori et al. 2019 — largest outbreak on record at time
8,2018,Plateau,0,1,0,0,seed_annual_estimate,,Ilori et al. 2019 — largest outbreak on record at time
8,2018,Taraba,1,4,0,0,seed_annual_estimate,,Ilori et al. 2019 — largest outbreak on record at time
9,2018,Adamawa,0,0,0,0,seed_annual_estimate,,Ilori et al. 2019 — largest outbreak on record at time
9,2018,Anambra,0,2,0,0,seed_annual_estimate,,Ilori et al. 2019 — largest outbreak on record at time
9,2018,Bauchi,1,5,0,0,seed_annual_estimate,,Ilori et al. 2019 — largest outbreak on record at time
9,2018,Benue,0,1,0,0,seed_annual_estimate,,Ilori et al. 2019 — largest outbreak on record at time
9,2018,Cross River,0,1,0,0,seed_annual_estimate,,Ilori et al. 2019 — largest outbreak on record at time
9,2018,Delta,0,2,0,0,seed_annual_estimate,,Ilori et al. 2019 — largest outbreak on record at time
9,2018,Ebonyi,1,3,0,0,seed_annual_estimate,,Ilori et al. 2019 — largest outbreak on record at time
9,2018,Edo,2,12,1,0,seed_annual_estimate,,Ilori et al. 2019 — largest outbreak on record at time
9,2018,Enugu,0,1,0,0,seed_annual_estimate,,Ilori et al. 2019 — largest outbreak on record at time
9,2018,Imo,0,0,0,0,seed_annual_estimate,,Ilori et al. 2019 — largest outbreak on record at time
9,2018,Kogi,0,1,0,0,seed_annual_estimate,,Ilori et al. 2019 — largest outbreak on record at time
9,2018,Nasarawa,0,1,0,0,seed_annual_estimate,,Ilori et al. 2019 — largest outbreak on record at time
9,2018,Ondo,1,8,0,0,seed_annual_estimate,,Ilori et al. 2019 — largest outbreak on record at time
9,2018,Plateau,0,1,0,0,seed_annual_estimate,,Ilori et al. 2019 — largest outbreak on record at time
9,2018,Taraba,1,4,0,0,seed_annual_estimate,,Ilori et al. 2019 — largest outbreak on record at time
10,2018,Adamawa,0,0,0,0,seed_annual_estimate,,Ilori et al. 2019 — largest outbreak on record at time
10,2018,Anambra,0,2,0,0,seed_annual_estimate,,Ilori et al. 2019 — largest outbreak on record at time
10,2018,Bauchi,1,5,0,0,seed_annual_estimate,,Ilori et al. 2019 — largest outbreak on record at time
10,2018,Benue,0,1,0,0,seed_annual_estimate,,Ilori et al. 2019 — largest outbreak on record at time
10,2018,Cross River,0,1,0,0,seed_annual_estimate,,Ilori et al. 2019 — largest outbreak on record at time
10,2018,Delta,0,2,0,0,seed_annual_estimate,,Ilori et al. 2019 — largest outbreak on record at time
10,2018,Ebonyi,1,3,0,0,seed_annual_estimate,,Ilori et al. 2019 — largest outbreak on record at time
10,2018,Edo,2,12,1,0,seed_annual_estimate,,Ilori et al. 2019 — largest outbreak on record at time
10,2018,Enugu,0,1,0,0,seed_annual_estimate,,Ilori et al. 2019 — largest outbreak on record at time
10,2018,Imo,0,0,0,0,seed_annual_estimate,,Ilori et al. 2019 — largest outbreak on record at time
10,2018,Kogi,0,1,0,0,seed_annual_estimate,,Ilori et al. 2019 — largest outbreak on record at time
10,2018,Nasarawa,0,1,0,0,seed_annual_estimate,,Ilori et al. 2019 — largest outbreak on record at time
10,2018,Ondo,1,8,0,0,seed_annual_estimate,,Ilori et al. 2019 — largest outbreak on record at time
10,2018,Plateau,0,1,0,0,seed_annual_estimate,,Ilori et al. 2019 — largest outbreak on record at time
10,2018,Taraba,1,4,0,0,seed_annual_estimate,,Ilori et al. 2019 — largest outbreak on record at time
11,2018,Adamawa,0,0,0,0,seed_annual_estimate,,Ilori et al. 2019 — largest outbreak on record at time
11,2018,Anambra,0,2,0,0,seed_annual_estimate,,Ilori et al. 2019 — largest outbreak on record at time
11,2018,Bauchi,1,5,0,0,seed_annual_estimate,,Ilori et al. 2019 — largest outbreak on record at time
11,2018,Benue,0,1,0,0,seed_annual_estimate,,Ilori et al. 2019 — largest outbreak on record at time
11,2018,Cross River,0,1,0,0,seed_annual_estimate,,Ilori et al. 2019 — largest outbreak on record at time
11,2018,Delta,0,2,0,0,seed_annual_estimate,,Ilori et al. 2019 — largest outbreak on record at time
11,2018,Ebonyi,1,3,0,0,seed_annual_estimate,,Ilori et al. 2019 — largest outbreak on record at time
11,2018,Edo,2,12,1,0,seed_annual_estimate,,Ilori et al. 2019 — largest outbreak on record at time
11,2018,Enugu,0,1,0,0,seed_annual_estimate,,Ilori et al. 2019 — largest outbreak on record at time
11,2018,Imo,0,0,0,0,seed_annual_estimate,,Ilori et al. 2019 — largest outbreak on record at time
11,2018,Kogi,0,1,0,0,seed_annual_estimate,,Ilori et al. 2019 — largest outbreak on record at time
11,2018,Nasarawa,0,1,0,0,seed_annual_estimate,,Ilori et al. 2019 — largest outbreak on record at time
11,2018,Ondo,1,8,0,0,seed_annual_estimate,,Ilori et al. 2019 — largest outbreak on record at time
11,2018,Plateau,0,1,0,0,seed_annual_estimate,,Ilori et al. 2019 — largest outbreak on record at time
11,2018,Taraba,1,4,0,0,seed_annual_estimate,,Ilori et al. 2019 — largest outbreak on record at time
12,2018,Adamawa,0,0,0,0,seed_annual_estimate,,Ilori et al. 2019 — largest outbreak on record at time
12,2018,Anambra,0,2,0,0,seed_annual_estimate,,Ilori et al. 2019 — largest outbreak on record at time
12,2018,Bauchi,1,5,0,0,seed_annual_estimate,,Ilori et al. 2019 — largest outbreak on record at time
12,2018,Benue,0,1,0,0,seed_annual_estimate,,Ilori et al. 2019 — largest outbreak on record at time
12,2018,Cross River,0,1,0,0,seed_annual_estimate,,Ilori et al. 2019 — largest outbreak on record at time
12,2018,Delta,0,2,0,0,seed_annual_estimate,,Ilori et al. 2019 — largest outbreak on record at time
12,2018,Ebonyi,1,3,0,0,seed_annual_estimate,,Ilori et al. 2019 — largest outbreak on record at time
12,2018,Edo,2,12,1,0,seed_annual_estimate,,Ilori et al. 2019 — largest outbreak on record at time
12,2018,Enugu,0,1,0,0,seed_annual_estimate,,Ilori et al. 2019 — largest outbreak on record at time
12,2018,Imo,0,0,0,0,seed_annual_estimate,,Ilori et al. 2019 — largest outbreak on record at time
12,2018,Kogi,0,1,0,0,seed_annual_estimate,,Ilori et al. 2019 — largest outbreak on record at time
12,2018,Nasarawa,0,1,0,0,seed_annual_estimate,,Ilori et al. 2019 — largest outbreak on record at time
12,2018,Ondo,1,8,0,0,seed_annual_estimate,,Ilori et al. 2019 — largest outbreak on record at time
12,2018,Plateau,0,1,0,0,seed_annual_estimate,,Ilori et al. 2019 — largest outbreak on record at time
12,2018,Taraba,1,4,0,0,seed_annual_estimate,,Ilori et al. 2019 — largest outbreak on record at time
13,2018,Adamawa,0,0,0,0,seed_annual_estimate,,Ilori et al. 2019 — largest outbreak on record at time
13,2018,Anambra,0,2,0,0,seed_annual_estimate,,Ilori et al. 2019 — largest outbreak on record at time
13,2018,Bauchi,1,5,0,0,seed_annual_estimate,,Ilori et al. 2019 — largest outbreak on record at time
13,2018,Benue,0,1,0,0,seed_annual_estimate,,Ilori et al. 2019 — largest outbreak on record at time
13,2018,Cross River,0,1,0,0,seed_annual_estimate,,Ilori et al. 2019 — largest outbreak on record at time
13,2018,Delta,0,2,0,0,seed_annual_estimate,,Ilori et al. 2019 — largest outbreak on record at time
13,2018,Ebonyi,1,3,0,0,seed_annual_estimate,,Ilori et al. 2019 — largest outbreak on record at time
13,2018,Edo,2,12,1,0,seed_annual_estimate,,Ilori et al. 2019 — largest outbreak on record at time
13,2018,Enugu,0,1,0,0,seed_annual_estimate,,Ilori et al. 2019 — largest outbreak on record at time
13,2018,Imo,0,0,0,0,seed_annual_estimate,,Ilori et al. 2019 — largest outbreak on record at time
13,2018,Kogi,0,1,0,0,seed_annual_estimate,,Ilori et al. 2019 — largest outbreak on record at time
13,2018,Nasarawa,0,1,0,0,seed_annual_estimate,,Ilori et al. 2019 — largest outbreak on record at time
13,2018,Ondo,1,8,0,0,seed_annual_estimate,,Ilori et al. 2019 — largest outbreak on record at time
13,2018,Plateau,0,1,0,0,seed_annual_estimate,,Ilori et al. 2019 — largest outbreak on record at time
13,2018,Taraba,1,4,0,0,seed_annual_estimate,,Ilori et al. 2019 — largest outbreak on record at time
14,2018,Adamawa,0,0,0,0,seed_annual_estimate,,Ilori et al. 2019 — largest outbreak on record at time
14,2018,Anambra,0,2,0,0,seed_annual_estimate,,Ilori et al. 2019 — largest outbreak on record at time
14,2018,Bauchi,1,5,0,0,seed_annual_estimate,,Ilori et al. 2019 — largest outbreak on record at time
14,2018,Benue,0,1,0,0,seed_annual_estimate,,Ilori et al. 2019 — largest outbreak on record at time
14,2018,Cross River,0,1,0,0,seed_annual_estimate,,Ilori et al. 2019 — largest outbreak on record at time
14,2018,Delta,0,2,0,0,seed_annual_estimate,,Ilori et al. 2019 — largest outbreak on record at time
14,2018,Ebonyi,1,3,0,0,seed_annual_estimate,,Ilori et al. 2019 — largest outbreak on record at time
14,2018,Edo,2,12,1,0,seed_annual_estimate,,Ilori et al. 2019 — largest outbreak on record at time
14,2018,Enugu,0,1,0,0,seed_annual_estimate,,Ilori et al. 2019 — largest outbreak on record at time
14,2018,Imo,0,0,0,0,seed_annual_estimate,,Ilori et al. 2019 — largest outbreak on record at time
14,2018,Kogi,0,1,0,0,seed_annual_estimate,,Ilori et al. 2019 — largest outbreak on record at time
14,2018,Nasarawa,0,1,0,0,seed_annual_estimate,,Ilori et al. 2019 — largest outbreak on record at time
14,2018,Ondo,1,8,0,0,seed_annual_estimate,,Ilori et al. 2019 — largest outbreak on record at time
14,2018,Plateau,0,1,0,0,seed_annual_estimate,,Ilori et al. 2019 — largest outbreak on record at time
14,2018,Taraba,1,4,0,0,seed_annual_estimate,,Ilori et al. 2019 — largest outbreak on record at time
15,2018,Adamawa,0,0,0,0,seed_annual_estimate,,Ilori et al. 2019 — largest outbreak on record at time
15,2018,Anambra,0,2,0,0,seed_annual_estimate,,Ilori et al. 2019 — largest outbreak on record at time
15,2018,Bauchi,1,5,0,0,seed_annual_estimate,,Ilori et al. 2019 — largest outbreak on record at time
15,2018,Benue,0,1,0,0,seed_annual_estimate,,Ilori et al. 2019 — largest outbreak on record at time
15,2018,Cross River,0,1,0,0,seed_annual_estimate,,Ilori et al. 2019 — largest outbreak on record at time
15,2018,Delta,0,2,0,0,seed_annual_estimate,,Ilori et al. 2019 — largest outbreak on record at time
15,2018,Ebonyi,1,3,0,0,seed_annual_estimate,,Ilori et al. 2019 — largest outbreak on record at time
15,2018,Edo,2,12,1,0,seed_annual_estimate,,Ilori et al. 2019 — largest outbreak on record at time
15,2018,Enugu,0,1,0,0,seed_annual_estimate,,Ilori et al. 2019 — largest outbreak on record at time
15,2018,Imo,0,0,0,0,seed_annual_estimate,,Ilori et al. 2019 — largest outbreak on record at time
15,2018,Kogi,0,1,0,0,seed_annual_estimate,,Ilori et al. 2019 — largest outbreak on record at time
15,2018,Nasarawa,0,1,0,0,seed_annual_estimate,,Ilori et al. 2019 — largest outbreak on record at time
15,2018,Ondo,1,8,0,0,seed_annual_estimate,,Ilori et al. 2019 — largest outbreak on record at time
15,2018,Plateau,0,1,0,0,seed_annual_estimate,,Ilori et al. 2019 — largest outbreak on record at time
15,2018,Taraba,1,4,0,0,seed_annual_estimate,,Ilori et al. 2019 — largest outbreak on record at time
16,2018,Adamawa,0,0,0,0,seed_annual_estimate,,Ilori et al. 2019 — largest outbreak on record at time
16,2018,Anambra,0,2,0,0,seed_annual_estimate,,Ilori et al. 2019 — largest outbreak on record at time
16,2018,Bauchi,1,5,0,0,seed_annual_estimate,,Ilori et al. 2019 — largest outbreak on record at time
16,2018,Benue,0,1,0,0,seed_annual_estimate,,Ilori et al. 2019 — largest outbreak on record at time
16,2018,Cross River,0,1,0,0,seed_annual_estimate,,Ilori et al. 2019 — largest outbreak on record at time
16,2018,Delta,0,2,0,0,seed_annual_estimate,,Ilori et al. 2019 — largest outbreak on record at time
16,2018,Ebonyi,1,3,0,0,seed_annual_estimate,,Ilori et al. 2019 — largest outbreak on record at time
16,2018,Edo,2,12,1,0,seed_annual_estimate,,Ilori et al. 2019 — largest outbreak on record at time
16,2018,Enugu,0,1,0,0,seed_annual_estimate,,Ilori et al. 2019 — largest outbreak on record at time
16,2018,Imo,0,0,0,0,seed_annual_estimate,,Ilori et al. 2019 — largest outbreak on record at time
16,2018,Kogi,0,1,0,0,seed_annual_estimate,,Ilori et al. 2019 — largest outbreak on record at time
16,2018,Nasarawa,0,1,0,0,seed_annual_estimate,,Ilori et al. 2019 — largest outbreak on record at time
16,2018,Ondo,1,8,0,0,seed_annual_estimate,,Ilori et al. 2019 — largest outbreak on record at time
16,2018,Plateau,0,1,0,0,seed_annual_estimate,,Ilori et al. 2019 — largest outbreak on record at time
16,2018,Taraba,1,4,0,0,seed_annual_estimate,,Ilori et al. 2019 — largest outbreak on record at time
17,2018,Adamawa,0,0,0,0,seed_annual_estimate,,Ilori et al. 2019 — largest outbreak on record at time
17,2018,Anambra,0,2,0,0,seed_annual_estimate,,Ilori et al. 2019 — largest outbreak on record at time
17,2018,Bauchi,1,5,0,0,seed_annual_estimate,,Ilori et al. 2019 — largest outbreak on record at time
17,2018,Benue,0,1,0,0,seed_annual_estimate,,Ilori et al. 2019 — largest outbreak on record at time
17,2018,Cross River,0,1,0,0,seed_annual_estimate,,Ilori et al. 2019 — largest outbreak on record at time
17,2018,Delta,0,2,0,0,seed_annual_estimate,,Ilori et al. 2019 — largest outbreak on record at time
17,2018,Ebonyi,1,3,0,0,seed_annual_estimate,,Ilori et al. 2019 — largest outbreak on record at time
17,2018,Edo,2,12,1,0,seed_annual_estimate,,Ilori et al. 2019 — largest outbreak on record at time
17,2018,Enugu,0,1,0,0,seed_annual_estimate,,Ilori et al. 2019 — largest outbreak on record at time
17,2018,Imo,0,0,0,0,seed_annual_estimate,,Ilori et al. 2019 — largest outbreak on record at time
17,2018,Kogi,0,1,0,0,seed_annual_estimate,,Ilori et al. 2019 — largest outbreak on record at time
17,2018,Nasarawa,0,1,0,0,seed_annual_estimate,,Ilori et al. 2019 — largest outbreak on record at time
17,2018,Ondo,1,8,0,0,seed_annual_estimate,,Ilori et al. 2019 — largest outbreak on record at time
17,2018,Plateau,0,1,0,0,seed_annual_estimate,,Ilori et al. 2019 — largest outbreak on record at time
17,2018,Taraba,1,4,0,0,seed_annual_estimate,,Ilori et al. 2019 — largest outbreak on record at time
18,2018,Adamawa,0,1,0,0,seed_annual_estimate,,Ilori et al. 2019 — largest outbreak on record at time
18,2018,Anambra,1,4,0,0,seed_annual_estimate,,Ilori et al. 2019 — largest outbreak on record at time
18,2018,Bauchi,2,10,1,0,seed_annual_estimate,,Ilori et al. 2019 — largest outbreak on record at time
18,2018,Benue,1,3,0,0,seed_annual_estimate,,Ilori et al. 2019 — largest outbreak on record at time
18,2018,Cross River,0,1,0,0,seed_annual_estimate,,Ilori et al. 2019 — largest outbreak on record at time
18,2018,Delta,1,4,0,0,seed_annual_estimate,,Ilori et al. 2019 — largest outbreak on record at time
18,2018,Ebonyi,1,8,0,0,seed_annual_estimate,,Ilori et al. 2019 — largest outbreak on record at time
18,2018,Edo,5,27,1,0,seed_annual_estimate,,Ilori et al. 2019 — largest outbreak on record at time
18,2018,Enugu,0,2,0,0,seed_annual_estimate,,Ilori et al. 2019 — largest outbreak on record at time
18,2018,Imo,0,1,0,0,seed_annual_estimate,,Ilori et al. 2019 — largest outbreak on record at time
18,2018,Kogi,0,3,0,0,seed_annual_estimate,,Ilori et al. 2019 — largest outbreak on record at time
18,2018,Nasarawa,0,2,0,0,seed_annual_estimate,,Ilori et al. 2019 — largest outbreak on record at time
18,2018,Ondo,3,17,1,0,seed_annual_estimate,,Ilori et al. 2019 — largest outbreak on record at time
18,2018,Plateau,0,2,0,0,seed_annual_estimate,,Ilori et al. 2019 — largest outbreak on record at time
18,2018,Taraba,2,9,0,0,seed_annual_estimate,,Ilori et al. 2019 — largest outbreak on record at time
19,2018,Adamawa,0,1,0,0,seed_annual_estimate,,Ilori et al. 2019 — largest outbreak on record at time
19,2018,Anambra,1,4,0,0,seed_annual_estimate,,Ilori et al. 2019 — largest outbreak on record at time
19,2018,Bauchi,2,10,1,0,seed_annual_estimate,,Ilori et al. 2019 — largest outbreak on record at time
19,2018,Benue,1,3,0,0,seed_annual_estimate,,Ilori et al. 2019 — largest outbreak on record at time
19,2018,Cross River,0,1,0,0,seed_annual_estimate,,Ilori et al. 2019 — largest outbreak on record at time
19,2018,Delta,1,4,0,0,seed_annual_estimate,,Ilori et al. 2019 — largest outbreak on record at time
19,2018,Ebonyi,1,8,0,0,seed_annual_estimate,,Ilori et al. 2019 — largest outbreak on record at time
19,2018,Edo,5,27,1,0,seed_annual_estimate,,Ilori et al. 2019 — largest outbreak on record at time
19,2018,Enugu,0,2,0,0,seed_annual_estimate,,Ilori et al. 2019 — largest outbreak on record at time
19,2018,Imo,0,1,0,0,seed_annual_estimate,,Ilori et al. 2019 — largest outbreak on record at time
19,2018,Kogi,0,3,0,0,seed_annual_estimate,,Ilori et al. 2019 — largest outbreak on record at time
19,2018,Nasarawa,0,2,0,0,seed_annual_estimate,,Ilori et al. 2019 — largest outbreak on record at time
19,2018,Ondo,3,17,1,0,seed_annual_estimate,,Ilori et al. 2019 — largest outbreak on record at time
19,2018,Plateau,0,2,0,0,seed_annual_estimate,,Ilori et al. 2019 — largest outbreak on record at time
19,2018,Taraba,2,9,0,0,seed_annual_estimate,,Ilori et al. 2019 — largest outbreak on record at time
20,2018,Adamawa,0,1,0,0,seed_annual_estimate,,Ilori et al. 2019 — largest outbreak on record at time
20,2018,Anambra,1,4,0,0,seed_annual_estimate,,Ilori et al. 2019 — largest outbreak on record at time
20,2018,Bauchi,2,10,1,0,seed_annual_estimate,,Ilori et al. 2019 — largest outbreak on record at time
20,2018,Benue,1,3,0,0,seed_annual_estimate,,Ilori et al. 2019 — largest outbreak on record at time
20,2018,Cross River,0,1,0,0,seed_annual_estimate,,Ilori et al. 2019 — largest outbreak on record at time
20,2018,Delta,1,4,0,0,seed_annual_estimate,,Ilori et al. 2019 — largest outbreak on record at time
20,2018,Ebonyi,1,8,0,0,seed_annual_estimate,,Ilori et al. 2019 — largest outbreak on record at time
20,2018,Edo,5,27,1,0,seed_annual_estimate,,Ilori et al. 2019 — largest outbreak on record at time
20,2018,Enugu,0,2,0,0,seed_annual_estimate,,Ilori et al. 2019 — largest outbreak on record at time
20,2018,Imo,0,1,0,0,seed_annual_estimate,,Ilori et al. 2019 — largest outbreak on record at time
20,2018,Kogi,0,3,0,0,seed_annual_estimate,,Ilori et al. 2019 — largest outbreak on record at time
20,2018,Nasarawa,0,2,0,0,seed_annual_estimate,,Ilori et al. 2019 — largest outbreak on record at time
20,2018,Ondo,3,17,1,0,seed_annual_estimate,,Ilori et al. 2019 — largest outbreak on record at time
20,2018,Plateau,0,2,0,0,seed_annual_estimate,,Ilori et al. 2019 — largest outbreak on record at time
20,2018,Taraba,2,9,0,0,seed_annual_estimate,,Ilori et al. 2019 — largest outbreak on record at time
21,2018,Adamawa,0,1,0,0,seed_annual_estimate,,Ilori et al. 2019 — largest outbreak on record at time
21,2018,Anambra,1,4,0,0,seed_annual_estimate,,Ilori et al. 2019 — largest outbreak on record at time
21,2018,Bauchi,2,10,1,0,seed_annual_estimate,,Ilori et al. 2019 — largest outbreak on record at time
21,2018,Benue,1,3,0,0,seed_annual_estimate,,Ilori et al. 2019 — largest outbreak on record at time
21,2018,Cross River,0,1,0,0,seed_annual_estimate,,Ilori et al. 2019 — largest outbreak on record at time
21,2018,Delta,1,4,0,0,seed_annual_estimate,,Ilori et al. 2019 — largest outbreak on record at time
21,2018,Ebonyi,1,8,0,0,seed_annual_estimate,,Ilori et al. 2019 — largest outbreak on record at time
21,2018,Edo,5,27,1,0,seed_annual_estimate,,Ilori et al. 2019 — largest outbreak on record at time
21,2018,Enugu,0,2,0,0,seed_annual_estimate,,Ilori et al. 2019 — largest outbreak on record at time
21,2018,Imo,0,1,0,0,seed_annual_estimate,,Ilori et al. 2019 — largest outbreak on record at time
21,2018,Kogi,0,3,0,0,seed_annual_estimate,,Ilori et al. 2019 — largest outbreak on record at time
21,2018,Nasarawa,0,2,0,0,seed_annual_estimate,,Ilori et al. 2019 — largest outbreak on record at time
21,2018,Ondo,3,17,1,0,seed_annual_estimate,,Ilori et al. 2019 — largest outbreak on record at time
21,2018,Plateau,0,2,0,0,seed_annual_estimate,,Ilori et al. 2019 — largest outbreak on record at time
21,2018,Taraba,2,9,0,0,seed_annual_estimate,,Ilori et al. 2019 — largest outbreak on record at time
22,2018,Adamawa,0,1,0,0,seed_annual_estimate,,Ilori et al. 2019 — largest outbreak on record at time
22,2018,Anambra,1,4,0,0,seed_annual_estimate,,Ilori et al. 2019 — largest outbreak on record at time
22,2018,Bauchi,2,10,1,0,seed_annual_estimate,,Ilori et al. 2019 — largest outbreak on record at time
22,2018,Benue,1,3,0,0,seed_annual_estimate,,Ilori et al. 2019 — largest outbreak on record at time
22,2018,Cross River,0,1,0,0,seed_annual_estimate,,Ilori et al. 2019 — largest outbreak on record at time
22,2018,Delta,1,4,0,0,seed_annual_estimate,,Ilori et al. 2019 — largest outbreak on record at time
22,2018,Ebonyi,1,8,0,0,seed_annual_estimate,,Ilori et al. 2019 — largest outbreak on record at time
22,2018,Edo,5,27,1,0,seed_annual_estimate,,Ilori et al. 2019 — largest outbreak on record at time
22,2018,Enugu,0,2,0,0,seed_annual_estimate,,Ilori et al. 2019 — largest outbreak on record at time
22,2018,Imo,0,1,0,0,seed_annual_estimate,,Ilori et al. 2019 — largest outbreak on record at time
22,2018,Kogi,0,3,0,0,seed_annual_estimate,,Ilori et al. 2019 — largest outbreak on record at time
22,2018,Nasarawa,0,2,0,0,seed_annual_estimate,,Ilori et al. 2019 — largest outbreak on record at time
22,2018,Ondo,3,17,1,0,seed_annual_estimate,,Ilori et al. 2019 — largest outbreak on record at time
22,2018,Plateau,0,2,0,0,seed_annual_estimate,,Ilori et al. 2019 — largest outbreak on record at time
22,2018,Taraba,2,9,0,0,seed_annual_estimate,,Ilori et al. 2019 — largest outbreak on record at time
23,2018,Adamawa,0,1,0,0,seed_annual_estimate,,Ilori et al. 2019 — largest outbreak on record at time
23,2018,Anambra,1,4,0,0,seed_annual_estimate,,Ilori et al. 2019 — largest outbreak on record at time
23,2018,Bauchi,2,10,1,0,seed_annual_estimate,,Ilori et al. 2019 — largest outbreak on record at time
23,2018,Benue,1,3,0,0,seed_annual_estimate,,Ilori et al. 2019 — largest outbreak on record at time
23,2018,Cross River,0,1,0,0,seed_annual_estimate,,Ilori et al. 2019 — largest outbreak on record at time
23,2018,Delta,1,4,0,0,seed_annual_estimate,,Ilori et al. 2019 — largest outbreak on record at time
23,2018,Ebonyi,1,8,0,0,seed_annual_estimate,,Ilori et al. 2019 — largest outbreak on record at time
23,2018,Edo,5,27,1,0,seed_annual_estimate,,Ilori et al. 2019 — largest outbreak on record at time
23,2018,Enugu,0,2,0,0,seed_annual_estimate,,Ilori et al. 2019 — largest outbreak on record at time
23,2018,Imo,0,1,0,0,seed_annual_estimate,,Ilori et al. 2019 — largest outbreak on record at time
23,2018,Kogi,0,3,0,0,seed_annual_estimate,,Ilori et al. 2019 — largest outbreak on record at time
23,2018,Nasarawa,0,2,0,0,seed_annual_estimate,,Ilori et al. 2019 — largest outbreak on record at time
23,2018,Ondo,3,17,1,0,seed_annual_estimate,,Ilori et al. 2019 — largest outbreak on record at time
23,2018,Plateau,0,2,0,0,seed_annual_estimate,,Ilori et al. 2019 — largest outbreak on record at time
23,2018,Taraba,2,9,0,0,seed_annual_estimate,,Ilori et al. 2019 — largest outbreak on record at time
24,2018,Adamawa,0,1,0,0,seed_annual_estimate,,Ilori et al. 2019 — largest outbreak on record at time
24,2018,Anambra,1,4,0,0,seed_annual_estimate,,Ilori et al. 2019 — largest outbreak on record at time
24,2018,Bauchi,2,10,1,0,seed_annual_estimate,,Ilori et al. 2019 — largest outbreak on record at time
24,2018,Benue,1,3,0,0,seed_annual_estimate,,Ilori et al. 2019 — largest outbreak on record at time
24,2018,Cross River,0,1,0,0,seed_annual_estimate,,Ilori et al. 2019 — largest outbreak on record at time
24,2018,Delta,1,4,0,0,seed_annual_estimate,,Ilori et al. 2019 — largest outbreak on record at time
24,2018,Ebonyi,1,8,0,0,seed_annual_estimate,,Ilori et al. 2019 — largest outbreak on record at time
24,2018,Edo,5,27,1,0,seed_annual_estimate,,Ilori et al. 2019 — largest outbreak on record at time
24,2018,Enugu,0,2,0,0,seed_annual_estimate,,Ilori et al. 2019 — largest outbreak on record at time
24,2018,Imo,0,1,0,0,seed_annual_estimate,,Ilori et al. 2019 — largest outbreak on record at time
24,2018,Kogi,0,3,0,0,seed_annual_estimate,,Ilori et al. 2019 — largest outbreak on record at time
24,2018,Nasarawa,0,2,0,0,seed_annual_estimate,,Ilori et al. 2019 — largest outbreak on record at time
24,2018,Ondo,3,17,1,0,seed_annual_estimate,,Ilori et al. 2019 — largest outbreak on record at time
24,2018,Plateau,0,2,0,0,seed_annual_estimate,,Ilori et al. 2019 — largest outbreak on record at time
24,2018,Taraba,2,9,0,0,seed_annual_estimate,,Ilori et al. 2019 — largest outbreak on record at time
25,2018,Adamawa,0,1,0,0,seed_annual_estimate,,Ilori et al. 2019 — largest outbreak on record at time
25,2018,Anambra,1,4,0,0,seed_annual_estimate,,Ilori et al. 2019 — largest outbreak on record at time
25,2018,Bauchi,2,10,1,0,seed_annual_estimate,,Ilori et al. 2019 — largest outbreak on record at time
25,2018,Benue,1,3,0,0,seed_annual_estimate,,Ilori et al. 2019 — largest outbreak on record at time
25,2018,Cross River,0,1,0,0,seed_annual_estimate,,Ilori et al. 2019 — largest outbreak on record at time
25,2018,Delta,1,4,0,0,seed_annual_estimate,,Ilori et al. 2019 — largest outbreak on record at time
25,2018,Ebonyi,1,8,0,0,seed_annual_estimate,,Ilori et al. 2019 — largest outbreak on record at time
25,2018,Edo,5,27,1,0,seed_annual_estimate,,Ilori et al. 2019 — largest outbreak on record at time
25,2018,Enugu,0,2,0,0,seed_annual_estimate,,Ilori et al. 2019 — largest outbreak on record at time
25,2018,Imo,0,1,0,0,seed_annual_estimate,,Ilori et al. 2019 — largest outbreak on record at time
25,2018,Kogi,0,3,0,0,seed_annual_estimate,,Ilori et al. 2019 — largest outbreak on record at time
25,2018,Nasarawa,0,2,0,0,seed_annual_estimate,,Ilori et al. 2019 — largest outbreak on record at time
25,2018,Ondo,3,17,1,0,seed_annual_estimate,,Ilori et al. 2019 — largest outbreak on record at time
25,2018,Plateau,0,2,0,0,seed_annual_estimate,,Ilori et al. 2019 — largest outbreak on record at time
25,2018,Taraba,2,9,0,0,seed_annual_estimate,,Ilori et al. 2019 — largest outbreak on record at time
26,2018,Adamawa,0,1,0,0,seed_annual_estimate,,Ilori et al. 2019 — largest outbreak on record at time
26,2018,Anambra,1,4,0,0,seed_annual_estimate,,Ilori et al. 2019 — largest outbreak on record at time
26,2018,Bauchi,2,10,1,0,seed_annual_estimate,,Ilori et al. 2019 — largest outbreak on record at time
26,2018,Benue,1,3,0,0,seed_annual_estimate,,Ilori et al. 2019 — largest outbreak on record at time
26,2018,Cross River,0,1,0,0,seed_annual_estimate,,Ilori et al. 2019 — largest outbreak on record at time
26,2018,Delta,1,4,0,0,seed_annual_estimate,,Ilori et al. 2019 — largest outbreak on record at time
26,2018,Ebonyi,1,8,0,0,seed_annual_estimate,,Ilori et al. 2019 — largest outbreak on record at time
26,2018,Edo,5,27,1,0,seed_annual_estimate,,Ilori et al. 2019 — largest outbreak on record at time
26,2018,Enugu,0,2,0,0,seed_annual_estimate,,Ilori et al. 2019 — largest outbreak on record at time
26,2018,Imo,0,1,0,0,seed_annual_estimate,,Ilori et al. 2019 — largest outbreak on record at time
26,2018,Kogi,0,3,0,0,seed_annual_estimate,,Ilori et al. 2019 — largest outbreak on record at time
26,2018,Nasarawa,0,2,0,0,seed_annual_estimate,,Ilori et al. 2019 — largest outbreak on record at time
26,2018,Ondo,3,17,1,0,seed_annual_estimate,,Ilori et al. 2019 — largest outbreak on record at time
26,2018,Plateau,0,2,0,0,seed_annual_estimate,,Ilori et al. 2019 — largest outbreak on record at time
26,2018,Taraba,2,9,0,0,seed_annual_estimate,,Ilori et al. 2019 — largest outbreak on record at time
27,2018,Adamawa,0,1,0,0,seed_annual_estimate,,Ilori et al. 2019 — largest outbreak on record at time
27,2018,Anambra,1,4,0,0,seed_annual_estimate,,Ilori et al. 2019 — largest outbreak on record at time
27,2018,Bauchi,2,10,1,0,seed_annual_estimate,,Ilori et al. 2019 — largest outbreak on record at time
27,2018,Benue,1,3,0,0,seed_annual_estimate,,Ilori et al. 2019 — largest outbreak on record at time
27,2018,Cross River,0,1,0,0,seed_annual_estimate,,Ilori et al. 2019 — largest outbreak on record at time
27,2018,Delta,1,4,0,0,seed_annual_estimate,,Ilori et al. 2019 — largest outbreak on record at time
27,2018,Ebonyi,1,8,0,0,seed_annual_estimate,,Ilori et al. 2019 — largest outbreak on record at time
27,2018,Edo,5,27,1,0,seed_annual_estimate,,Ilori et al. 2019 — largest outbreak on record at time
27,2018,Enugu,0,2,0,0,seed_annual_estimate,,Ilori et al. 2019 — largest outbreak on record at time
27,2018,Imo,0,1,0,0,seed_annual_estimate,,Ilori et al. 2019 — largest outbreak on record at time
27,2018,Kogi,0,3,0,0,seed_annual_estimate,,Ilori et al. 2019 — largest outbreak on record at time
27,2018,Nasarawa,0,2,0,0,seed_annual_estimate,,Ilori et al. 2019 — largest outbreak on record at time
27,2018,Ondo,3,17,1,0,seed_annual_estimate,,Ilori et al. 2019 — largest outbreak on record at time
27,2018,Plateau,0,2,0,0,seed_annual_estimate,,Ilori et al. 2019 — largest outbreak on record at time
27,2018,Taraba,2,9,0,0,seed_annual_estimate,,Ilori et al. 2019 — largest outbreak on record at time
28,2018,Adamawa,0,1,0,0,seed_annual_estimate,,Ilori et al. 2019 — largest outbreak on record at time
28,2018,Anambra,1,4,0,0,seed_annual_estimate,,Ilori et al. 2019 — largest outbreak on record at time
28,2018,Bauchi,2,10,1,0,seed_annual_estimate,,Ilori et al. 2019 — largest outbreak on record at time
28,2018,Benue,1,3,0,0,seed_annual_estimate,,Ilori et al. 2019 — largest outbreak on record at time
28,2018,Cross River,0,1,0,0,seed_annual_estimate,,Ilori et al. 2019 — largest outbreak on record at time
28,2018,Delta,1,4,0,0,seed_annual_estimate,,Ilori et al. 2019 — largest outbreak on record at time
28,2018,Ebonyi,1,8,0,0,seed_annual_estimate,,Ilori et al. 2019 — largest outbreak on record at time
28,2018,Edo,5,27,1,0,seed_annual_estimate,,Ilori et al. 2019 — largest outbreak on record at time
28,2018,Enugu,0,2,0,0,seed_annual_estimate,,Ilori et al. 2019 — largest outbreak on record at time
28,2018,Imo,0,1,0,0,seed_annual_estimate,,Ilori et al. 2019 — largest outbreak on record at time
28,2018,Kogi,0,3,0,0,seed_annual_estimate,,Ilori et al. 2019 — largest outbreak on record at time
28,2018,Nasarawa,0,2,0,0,seed_annual_estimate,,Ilori et al. 2019 — largest outbreak on record at time
28,2018,Ondo,3,17,1,0,seed_annual_estimate,,Ilori et al. 2019 — largest outbreak on record at time
28,2018,Plateau,0,2,0,0,seed_annual_estimate,,Ilori et al. 2019 — largest outbreak on record at time
28,2018,Taraba,2,9,0,0,seed_annual_estimate,,Ilori et al. 2019 — largest outbreak on record at time
29,2018,Adamawa,0,1,0,0,seed_annual_estimate,,Ilori et al. 2019 — largest outbreak on record at time
29,2018,Anambra,1,4,0,0,seed_annual_estimate,,Ilori et al. 2019 — largest outbreak on record at time
29,2018,Bauchi,2,10,1,0,seed_annual_estimate,,Ilori et al. 2019 — largest outbreak on record at time
29,2018,Benue,1,3,0,0,seed_annual_estimate,,Ilori et al. 2019 — largest outbreak on record at time
29,2018,Cross River,0,1,0,0,seed_annual_estimate,,Ilori et al. 2019 — largest outbreak on record at time
29,2018,Delta,1,4,0,0,seed_annual_estimate,,Ilori et al. 2019 — largest outbreak on record at time
29,2018,Ebonyi,1,8,0,0,seed_annual_estimate,,Ilori et al. 2019 — largest outbreak on record at time
29,2018,Edo,5,27,1,0,seed_annual_estimate,,Ilori et al. 2019 — largest outbreak on record at time
29,2018,Enugu,0,2,0,0,seed_annual_estimate,,Ilori et al. 2019 — largest outbreak on record at time
29,2018,Imo,0,1,0,0,seed_annual_estimate,,Ilori et al. 2019 — largest outbreak on record at time
29,2018,Kogi,0,3,0,0,seed_annual_estimate,,Ilori et al. 2019 — largest outbreak on record at time
29,2018,Nasarawa,0,2,0,0,seed_annual_estimate,,Ilori et al. 2019 — largest outbreak on record at time
29,2018,Ondo,3,17,1,0,seed_annual_estimate,,Ilori et al. 2019 — largest outbreak on record at time
29,2018,Plateau,0,2,0,0,seed_annual_estimate,,Ilori et al. 2019 — largest outbreak on record at time
29,2018,Taraba,2,9,0,0,seed_annual_estimate,,Ilori et al. 2019 — largest outbreak on record at time
30,2018,Adamawa,0,1,0,0,seed_annual_estimate,,Ilori et al. 2019 — largest outbreak on record at time
30,2018,Anambra,1,4,0,0,seed_annual_estimate,,Ilori et al. 2019 — largest outbreak on record at time
30,2018,Bauchi,2,10,1,0,seed_annual_estimate,,Ilori et al. 2019 — largest outbreak on record at time
30,2018,Benue,1,3,0,0,seed_annual_estimate,,Ilori et al. 2019 — largest outbreak on record at time
30,2018,Cross River,0,1,0,0,seed_annual_estimate,,Ilori et al. 2019 — largest outbreak on record at time
30,2018,Delta,1,4,0,0,seed_annual_estimate,,Ilori et al. 2019 — largest outbreak on record at time
30,2018,Ebonyi,1,8,0,0,seed_annual_estimate,,Ilori et al. 2019 — largest outbreak on record at time
30,2018,Edo,5,27,1,0,seed_annual_estimate,,Ilori et al. 2019 — largest outbreak on record at time
30,2018,Enugu,0,2,0,0,seed_annual_estimate,,Ilori et al. 2019 — largest outbreak on record at time
30,2018,Imo,0,1,0,0,seed_annual_estimate,,Ilori et al. 2019 — largest outbreak on record at time
30,2018,Kogi,0,3,0,0,seed_annual_estimate,,Ilori et al. 2019 — largest outbreak on record at time
30,2018,Nasarawa,0,2,0,0,seed_annual_estimate,,Ilori et al. 2019 — largest outbreak on record at time
30,2018,Ondo,3,17,1,0,seed_annual_estimate,,Ilori et al. 2019 — largest outbreak on record at time
30,2018,Plateau,0,2,0,0,seed_annual_estimate,,Ilori et al. 2019 — largest outbreak on record at time
30,2018,Taraba,2,9,0,0,seed_annual_estimate,,Ilori et al. 2019 — largest outbreak on record at time
31,2018,Adamawa,0,1,0,0,seed_annual_estimate,,Ilori et al. 2019 — largest outbreak on record at time
31,2018,Anambra,1,4,0,0,seed_annual_estimate,,Ilori et al. 2019 — largest outbreak on record at time
31,2018,Bauchi,2,10,1,0,seed_annual_estimate,,Ilori et al. 2019 — largest outbreak on record at time
31,2018,Benue,1,3,0,0,seed_annual_estimate,,Ilori et al. 2019 — largest outbreak on record at time
31,2018,Cross River,0,1,0,0,seed_annual_estimate,,Ilori et al. 2019 — largest outbreak on record at time
31,2018,Delta,1,4,0,0,seed_annual_estimate,,Ilori et al. 2019 — largest outbreak on record at time
31,2018,Ebonyi,1,8,0,0,seed_annual_estimate,,Ilori et al. 2019 — largest outbreak on record at time
31,2018,Edo,5,27,1,0,seed_annual_estimate,,Ilori et al. 2019 — largest outbreak on record at time
31,2018,Enugu,0,2,0,0,seed_annual_estimate,,Ilori et al. 2019 — largest outbreak on record at time
31,2018,Imo,0,1,0,0,seed_annual_estimate,,Ilori et al. 2019 — largest outbreak on record at time
31,2018,Kogi,0,3,0,0,seed_annual_estimate,,Ilori et al. 2019 — largest outbreak on record at time
31,2018,Nasarawa,0,2,0,0,seed_annual_estimate,,Ilori et al. 2019 — largest outbreak on record at time
31,2018,Ondo,3,17,1,0,seed_annual_estimate,,Ilori et al. 2019 — largest outbreak on record at time
31,2018,Plateau,0,2,0,0,seed_annual_estimate,,Ilori et al. 2019 — largest outbreak on record at time
31,2018,Taraba,2,9,0,0,seed_annual_estimate,,Ilori et al. 2019 — largest outbreak on record at time
32,2018,Adamawa,0,1,0,0,seed_annual_estimate,,Ilori et al. 2019 — largest outbreak on record at time
32,2018,Anambra,1,4,0,0,seed_annual_estimate,,Ilori et al. 2019 — largest outbreak on record at time
32,2018,Bauchi,2,10,1,0,seed_annual_estimate,,Ilori et al. 2019 — largest outbreak on record at time
32,2018,Benue,1,3,0,0,seed_annual_estimate,,Ilori et al. 2019 — largest outbreak on record at time
32,2018,Cross River,0,1,0,0,seed_annual_estimate,,Ilori et al. 2019 — largest outbreak on record at time
32,2018,Delta,1,4,0,0,seed_annual_estimate,,Ilori et al. 2019 — largest outbreak on record at time
32,2018,Ebonyi,1,8,0,0,seed_annual_estimate,,Ilori et al. 2019 — largest outbreak on record at time
32,2018,Edo,5,27,1,0,seed_annual_estimate,,Ilori et al. 2019 — largest outbreak on record at time
32,2018,Enugu,0,2,0,0,seed_annual_estimate,,Ilori et al. 2019 — largest outbreak on record at time
32,2018,Imo,0,1,0,0,seed_annual_estimate,,Ilori et al. 2019 — largest outbreak on record at time
32,2018,Kogi,0,3,0,0,seed_annual_estimate,,Ilori et al. 2019 — largest outbreak on record at time
32,2018,Nasarawa,0,2,0,0,seed_annual_estimate,,Ilori et al. 2019 — largest outbreak on record at time
32,2018,Ondo,3,17,1,0,seed_annual_estimate,,Ilori et al. 2019 — largest outbreak on record at time
32,2018,Plateau,0,2,0,0,seed_annual_estimate,,Ilori et al. 2019 — largest outbreak on record at time
32,2018,Taraba,2,9,0,0,seed_annual_estimate,,Ilori et al. 2019 — largest outbreak on record at time
33,2018,Adamawa,0,1,0,0,seed_annual_estimate,,Ilori et al. 2019 — largest outbreak on record at time
33,2018,Anambra,1,4,0,0,seed_annual_estimate,,Ilori et al. 2019 — largest outbreak on record at time
33,2018,Bauchi,2,10,1,0,seed_annual_estimate,,Ilori et al. 2019 — largest outbreak on record at time
33,2018,Benue,1,3,0,0,seed_annual_estimate,,Ilori et al. 2019 — largest outbreak on record at time
33,2018,Cross River,0,1,0,0,seed_annual_estimate,,Ilori et al. 2019 — largest outbreak on record at time
33,2018,Delta,1,4,0,0,seed_annual_estimate,,Ilori et al. 2019 — largest outbreak on record at time
33,2018,Ebonyi,1,8,0,0,seed_annual_estimate,,Ilori et al. 2019 — largest outbreak on record at time
33,2018,Edo,5,27,1,0,seed_annual_estimate,,Ilori et al. 2019 — largest outbreak on record at time
33,2018,Enugu,0,2,0,0,seed_annual_estimate,,Ilori et al. 2019 — largest outbreak on record at time
33,2018,Imo,0,1,0,0,seed_annual_estimate,,Ilori et al. 2019 — largest outbreak on record at time
33,2018,Kogi,0,3,0,0,seed_annual_estimate,,Ilori et al. 2019 — largest outbreak on record at time
33,2018,Nasarawa,0,2,0,0,seed_annual_estimate,,Ilori et al. 2019 — largest outbreak on record at time
33,2018,Ondo,3,17,1,0,seed_annual_estimate,,Ilori et al. 2019 — largest outbreak on record at time
33,2018,Plateau,0,2,0,0,seed_annual_estimate,,Ilori et al. 2019 — largest outbreak on record at time
33,2018,Taraba,2,9,0,0,seed_annual_estimate,,Ilori et al. 2019 — largest outbreak on record at time
34,2018,Adamawa,0,1,0,0,seed_annual_estimate,,Ilori et al. 2019 — largest outbreak on record at time
34,2018,Anambra,1,4,0,0,seed_annual_estimate,,Ilori et al. 2019 — largest outbreak on record at time
34,2018,Bauchi,2,10,1,0,seed_annual_estimate,,Ilori et al. 2019 — largest outbreak on record at time
34,2018,Benue,1,3,0,0,seed_annual_estimate,,Ilori et al. 2019 — largest outbreak on record at time
34,2018,Cross River,0,1,0,0,seed_annual_estimate,,Ilori et al. 2019 — largest outbreak on record at time
34,2018,Delta,1,4,0,0,seed_annual_estimate,,Ilori et al. 2019 — largest outbreak on record at time
34,2018,Ebonyi,1,8,0,0,seed_annual_estimate,,Ilori et al. 2019 — largest outbreak on record at time
34,2018,Edo,5,27,1,0,seed_annual_estimate,,Ilori et al. 2019 — largest outbreak on record at time
34,2018,Enugu,0,2,0,0,seed_annual_estimate,,Ilori et al. 2019 — largest outbreak on record at time
34,2018,Imo,0,1,0,0,seed_annual_estimate,,Ilori et al. 2019 — largest outbreak on record at time
34,2018,Kogi,0,3,0,0,seed_annual_estimate,,Ilori et al. 2019 — largest outbreak on record at time
34,2018,Nasarawa,0,2,0,0,seed_annual_estimate,,Ilori et al. 2019 — largest outbreak on record at time
34,2018,Ondo,3,17,1,0,seed_annual_estimate,,Ilori et al. 2019 — largest outbreak on record at time
34,2018,Plateau,0,2,0,0,seed_annual_estimate,,Ilori et al. 2019 — largest outbreak on record at time
34,2018,Taraba,2,9,0,0,seed_annual_estimate,,Ilori et al. 2019 — largest outbreak on record at time
35,2018,Adamawa,0,1,0,0,seed_annual_estimate,,Ilori et al. 2019 — largest outbreak on record at time
35,2018,Anambra,1,4,0,0,seed_annual_estimate,,Ilori et al. 2019 — largest outbreak on record at time
35,2018,Bauchi,2,10,1,0,seed_annual_estimate,,Ilori et al. 2019 — largest outbreak on record at time
35,2018,Benue,1,3,0,0,seed_annual_estimate,,Ilori et al. 2019 — largest outbreak on record at time
35,2018,Cross River,0,1,0,0,seed_annual_estimate,,Ilori et al. 2019 — largest outbreak on record at time
35,2018,Delta,1,4,0,0,seed_annual_estimate,,Ilori et al. 2019 — largest outbreak on record at time
35,2018,Ebonyi,1,8,0,0,seed_annual_estimate,,Ilori et al. 2019 — largest outbreak on record at time
35,2018,Edo,5,27,1,0,seed_annual_estimate,,Ilori et al. 2019 — largest outbreak on record at time
35,2018,Enugu,0,2,0,0,seed_annual_estimate,,Ilori et al. 2019 — largest outbreak on record at time
35,2018,Imo,0,1,0,0,seed_annual_estimate,,Ilori et al. 2019 — largest outbreak on record at time
35,2018,Kogi,0,3,0,0,seed_annual_estimate,,Ilori et al. 2019 — largest outbreak on record at time
35,2018,Nasarawa,0,2,0,0,seed_annual_estimate,,Ilori et al. 2019 — largest outbreak on record at time
35,2018,Ondo,3,17,1,0,seed_annual_estimate,,Ilori et al. 2019 — largest outbreak on record at time
35,2018,Plateau,0,2,0,0,seed_annual_estimate,,Ilori et al. 2019 — largest outbreak on record at time
35,2018,Taraba,2,9,0,0,seed_annual_estimate,,Ilori et al. 2019 — largest outbreak on record at time
36,2018,Adamawa,0,1,0,0,seed_annual_estimate,,Ilori et al. 2019 — largest outbreak on record at time
36,2018,Anambra,1,4,0,0,seed_annual_estimate,,Ilori et al. 2019 — largest outbreak on record at time
36,2018,Bauchi,2,10,1,0,seed_annual_estimate,,Ilori et al. 2019 — largest outbreak on record at time
36,2018,Benue,1,3,0,0,seed_annual_estimate,,Ilori et al. 2019 — largest outbreak on record at time
36,2018,Cross River,0,1,0,0,seed_annual_estimate,,Ilori et al. 2019 — largest outbreak on record at time
36,2018,Delta,1,4,0,0,seed_annual_estimate,,Ilori et al. 2019 — largest outbreak on record at time
36,2018,Ebonyi,1,8,0,0,seed_annual_estimate,,Ilori et al. 2019 — largest outbreak on record at time
36,2018,Edo,5,27,1,0,seed_annual_estimate,,Ilori et al. 2019 — largest outbreak on record at time
36,2018,Enugu,0,2,0,0,seed_annual_estimate,,Ilori et al. 2019 — largest outbreak on record at time
36,2018,Imo,0,1,0,0,seed_annual_estimate,,Ilori et al. 2019 — largest outbreak on record at time
36,2018,Kogi,0,3,0,0,seed_annual_estimate,,Ilori et al. 2019 — largest outbreak on record at time
36,2018,Nasarawa,0,2,0,0,seed_annual_estimate,,Ilori et al. 2019 — largest outbreak on record at time
36,2018,Ondo,3,17,1,0,seed_annual_estimate,,Ilori et al. 2019 — largest outbreak on record at time
36,2018,Plateau,0,2,0,0,seed_annual_estimate,,Ilori et al. 2019 — largest outbreak on record at time
36,2018,Taraba,2,9,0,0,seed_annual_estimate,,Ilori et al. 2019 — largest outbreak on record at time
37,2018,Adamawa,0,1,0,0,seed_annual_estimate,,Ilori et al. 2019 — largest outbreak on record at time
37,2018,Anambra,1,4,0,0,seed_annual_estimate,,Ilori et al. 2019 — largest outbreak on record at time
37,2018,Bauchi,2,10,1,0,seed_annual_estimate,,Ilori et al. 2019 — largest outbreak on record at time
37,2018,Benue,1,3,0,0,seed_annual_estimate,,Ilori et al. 2019 — largest outbreak on record at time
37,2018,Cross River,0,1,0,0,seed_annual_estimate,,Ilori et al. 2019 — largest outbreak on record at time
37,2018,Delta,1,4,0,0,seed_annual_estimate,,Ilori et al. 2019 — largest outbreak on record at time
37,2018,Ebonyi,1,8,0,0,seed_annual_estimate,,Ilori et al. 2019 — largest outbreak on record at time
37,2018,Edo,5,27,1,0,seed_annual_estimate,,Ilori et al. 2019 — largest outbreak on record at time
37,2018,Enugu,0,2,0,0,seed_annual_estimate,,Ilori et al. 2019 — largest outbreak on record at time
37,2018,Imo,0,1,0,0,seed_annual_estimate,,Ilori et al. 2019 — largest outbreak on record at time
37,2018,Kogi,0,3,0,0,seed_annual_estimate,,Ilori et al. 2019 — largest outbreak on record at time
37,2018,Nasarawa,0,2,0,0,seed_annual_estimate,,Ilori et al. 2019 — largest outbreak on record at time
37,2018,Ondo,3,17,1,0,seed_annual_estimate,,Ilori et al. 2019 — largest outbreak on record at time
37,2018,Plateau,0,2,0,0,seed_annual_estimate,,Ilori et al. 2019 — largest outbreak on record at time
37,2018,Taraba,2,9,0,0,seed_annual_estimate,,Ilori et al. 2019 — largest outbreak on record at time
38,2018,Adamawa,0,1,0,0,seed_annual_estimate,,Ilori et al. 2019 — largest outbreak on record at time
38,2018,Anambra,1,4,0,0,seed_annual_estimate,,Ilori et al. 2019 — largest outbreak on record at time
38,2018,Bauchi,2,10,1,0,seed_annual_estimate,,Ilori et al. 2019 — largest outbreak on record at time
38,2018,Benue,1,3,0,0,seed_annual_estimate,,Ilori et al. 2019 — largest outbreak on record at time
38,2018,Cross River,0,1,0,0,seed_annual_estimate,,Ilori et al. 2019 — largest outbreak on record at time
38,2018,Delta,1,4,0,0,seed_annual_estimate,,Ilori et al. 2019 — largest outbreak on record at time
38,2018,Ebonyi,1,8,0,0,seed_annual_estimate,,Ilori et al. 2019 — largest outbreak on record at time
38,2018,Edo,5,27,1,0,seed_annual_estimate,,Ilori et al. 2019 — largest outbreak on record at time
38,2018,Enugu,0,2,0,0,seed_annual_estimate,,Ilori et al. 2019 — largest outbreak on record at time
38,2018,Imo,0,1,0,0,seed_annual_estimate,,Ilori et al. 2019 — largest outbreak on record at time
38,2018,Kogi,0,3,0,0,seed_annual_estimate,,Ilori et al. 2019 — largest outbreak on record at time
38,2018,Nasarawa,0,2,0,0,seed_annual_estimate,,Ilori et al. 2019 — largest outbreak on record at time
38,2018,Ondo,3,17,1,0,seed_annual_estimate,,Ilori et al. 2019 — largest outbreak on record at time
38,2018,Plateau,0,2,0,0,seed_annual_estimate,,Ilori et al. 2019 — largest outbreak on record at time
38,2018,Taraba,2,9,0,0,seed_annual_estimate,,Ilori et al. 2019 — largest outbreak on record at time
39,2018,Adamawa,0,1,0,0,seed_annual_estimate,,Ilori et al. 2019 — largest outbreak on record at time
39,2018,Anambra,1,4,0,0,seed_annual_estimate,,Ilori et al. 2019 — largest outbreak on record at time
39,2018,Bauchi,2,10,1,0,seed_annual_estimate,,Ilori et al. 2019 — largest outbreak on record at time
39,2018,Benue,1,3,0,0,seed_annual_estimate,,Ilori et al. 2019 — largest outbreak on record at time
39,2018,Cross River,0,1,0,0,seed_annual_estimate,,Ilori et al. 2019 — largest outbreak on record at time
39,2018,Delta,1,4,0,0,seed_annual_estimate,,Ilori et al. 2019 — largest outbreak on record at time
39,2018,Ebonyi,1,8,0,0,seed_annual_estimate,,Ilori et al. 2019 — largest outbreak on record at time
39,2018,Edo,5,27,1,0,seed_annual_estimate,,Ilori et al. 2019 — largest outbreak on record at time
39,2018,Enugu,0,2,0,0,seed_annual_estimate,,Ilori et al. 2019 — largest outbreak on record at time
39,2018,Imo,0,1,0,0,seed_annual_estimate,,Ilori et al. 2019 — largest outbreak on record at time
39,2018,Kogi,0,3,0,0,seed_annual_estimate,,Ilori et al. 2019 — largest outbreak on record at time
39,2018,Nasarawa,0,2,0,0,seed_annual_estimate,,Ilori et al. 2019 — largest outbreak on record at time
39,2018,Ondo,3,17,1,0,seed_annual_estimate,,Ilori et al. 2019 — largest outbreak on record at time
39,2018,Plateau,0,2,0,0,seed_annual_estimate,,Ilori et al. 2019 — largest outbreak on record at time
39,2018,Taraba,2,9,0,0,seed_annual_estimate,,Ilori et al. 2019 — largest outbreak on record at time
40,2018,Adamawa,0,1,0,0,seed_annual_estimate,,Ilori et al. 2019 — largest outbreak on record at time
40,2018,Anambra,1,4,0,0,seed_annual_estimate,,Ilori et al. 2019 — largest outbreak on record at time
40,2018,Bauchi,2,10,1,0,seed_annual_estimate,,Ilori et al. 2019 — largest outbreak on record at time
40,2018,Benue,1,3,0,0,seed_annual_estimate,,Ilori et al. 2019 — largest outbreak on record at time
40,2018,Cross River,0,1,0,0,seed_annual_estimate,,Ilori et al. 2019 — largest outbreak on record at time
40,2018,Delta,1,4,0,0,seed_annual_estimate,,Ilori et al. 2019 — largest outbreak on record at time
40,2018,Ebonyi,1,8,0,0,seed_annual_estimate,,Ilori et al. 2019 — largest outbreak on record at time
40,2018,Edo,5,27,1,0,seed_annual_estimate,,Ilori et al. 2019 — largest outbreak on record at time
40,2018,Enugu,0,2,0,0,seed_annual_estimate,,Ilori et al. 2019 — largest outbreak on record at time
40,2018,Imo,0,1,0,0,seed_annual_estimate,,Ilori et al. 2019 — largest outbreak on record at time
40,2018,Kogi,0,3,0,0,seed_annual_estimate,,Ilori et al. 2019 — largest outbreak on record at time
40,2018,Nasarawa,0,2,0,0,seed_annual_estimate,,Ilori et al. 2019 — largest outbreak on record at time
40,2018,Ondo,3,17,1,0,seed_annual_estimate,,Ilori et al. 2019 — largest outbreak on record at time
40,2018,Plateau,0,2,0,0,seed_annual_estimate,,Ilori et al. 2019 — largest outbreak on record at time
40,2018,Taraba,2,9,0,0,seed_annual_estimate,,Ilori et al. 2019 — largest outbreak on record at time
41,2018,Adamawa,0,1,0,0,seed_annual_estimate,,Ilori et al. 2019 — largest outbreak on record at time
41,2018,Anambra,1,4,0,0,seed_annual_estimate,,Ilori et al. 2019 — largest outbreak on record at time
41,2018,Bauchi,2,10,1,0,seed_annual_estimate,,Ilori et al. 2019 — largest outbreak on record at time
41,2018,Benue,1,3,0,0,seed_annual_estimate,,Ilori et al. 2019 — largest outbreak on record at time
41,2018,Cross River,0,1,0,0,seed_annual_estimate,,Ilori et al. 2019 — largest outbreak on record at time
41,2018,Delta,1,4,0,0,seed_annual_estimate,,Ilori et al. 2019 — largest outbreak on record at time
41,2018,Ebonyi,1,8,0,0,seed_annual_estimate,,Ilori et al. 2019 — largest outbreak on record at time
41,2018,Edo,5,27,1,0,seed_annual_estimate,,Ilori et al. 2019 — largest outbreak on record at time
41,2018,Enugu,0,2,0,0,seed_annual_estimate,,Ilori et al. 2019 — largest outbreak on record at time
41,2018,Imo,0,1,0,0,seed_annual_estimate,,Ilori et al. 2019 — largest outbreak on record at time
41,2018,Kogi,0,3,0,0,seed_annual_estimate,,Ilori et al. 2019 — largest outbreak on record at time
41,2018,Nasarawa,0,2,0,0,seed_annual_estimate,,Ilori et al. 2019 — largest outbreak on record at time
41,2018,Ondo,3,17,1,0,seed_annual_estimate,,Ilori et al. 2019 — largest outbreak on record at time
41,2018,Plateau,0,2,0,0,seed_annual_estimate,,Ilori et al. 2019 — largest outbreak on record at time
41,2018,Taraba,2,9,0,0,seed_annual_estimate,,Ilori et al. 2019 — largest outbreak on record at time
42,2018,Adamawa,0,1,0,0,seed_annual_estimate,,Ilori et al. 2019 — largest outbreak on record at time
42,2018,Anambra,1,4,0,0,seed_annual_estimate,,Ilori et al. 2019 — largest outbreak on record at time
42,2018,Bauchi,2,10,1,0,seed_annual_estimate,,Ilori et al. 2019 — largest outbreak on record at time
42,2018,Benue,1,3,0,0,seed_annual_estimate,,Ilori et al. 2019 — largest outbreak on record at time
42,2018,Cross River,0,1,0,0,seed_annual_estimate,,Ilori et al. 2019 — largest outbreak on record at time
42,2018,Delta,1,4,0,0,seed_annual_estimate,,Ilori et al. 2019 — largest outbreak on record at time
42,2018,Ebonyi,1,8,0,0,seed_annual_estimate,,Ilori et al. 2019 — largest outbreak on record at time
42,2018,Edo,5,27,1,0,seed_annual_estimate,,Ilori et al. 2019 — largest outbreak on record at time
42,2018,Enugu,0,2,0,0,seed_annual_estimate,,Ilori et al. 2019 — largest outbreak on record at time
42,2018,Imo,0,1,0,0,seed_annual_estimate,,Ilori et al. 2019 — largest outbreak on record at time
42,2018,Kogi,0,3,0,0,seed_annual_estimate,,Ilori et al. 2019 — largest outbreak on record at time
42,2018,Nasarawa,0,2,0,0,seed_annual_estimate,,Ilori et al. 2019 — largest outbreak on record at time
42,2018,Ondo,3,17,1,0,seed_annual_estimate,,Ilori et al. 2019 — largest outbreak on record at time
42,2018,Plateau,0,2,0,0,seed_annual_estimate,,Ilori et al. 2019 — largest outbreak on record at time
42,2018,Taraba,2,9,0,0,seed_annual_estimate,,Ilori et al. 2019 — largest outbreak on record at time
43,2018,Adamawa,0,1,0,0,seed_annual_estimate,,Ilori et al. 2019 — largest outbreak on record at time
43,2018,Anambra,1,4,0,0,seed_annual_estimate,,Ilori et al. 2019 — largest outbreak on record at time
43,2018,Bauchi,2,10,1,0,seed_annual_estimate,,Ilori et al. 2019 — largest outbreak on record at time
43,2018,Benue,1,3,0,0,seed_annual_estimate,,Ilori et al. 2019 — largest outbreak on record at time
43,2018,Cross River,0,1,0,0,seed_annual_estimate,,Ilori et al. 2019 — largest outbreak on record at time
43,2018,Delta,1,4,0,0,seed_annual_estimate,,Ilori et al. 2019 — largest outbreak on record at time
43,2018,Ebonyi,1,8,0,0,seed_annual_estimate,,Ilori et al. 2019 — largest outbreak on record at time
43,2018,Edo,5,27,1,0,seed_annual_estimate,,Ilori et al. 2019 — largest outbreak on record at time
43,2018,Enugu,0,2,0,0,seed_annual_estimate,,Ilori et al. 2019 — largest outbreak on record at time
43,2018,Imo,0,1,0,0,seed_annual_estimate,,Ilori et al. 2019 — largest outbreak on record at time
43,2018,Kogi,0,3,0,0,seed_annual_estimate,,Ilori et al. 2019 — largest outbreak on record at time
43,2018,Nasarawa,0,2,0,0,seed_annual_estimate,,Ilori et al. 2019 — largest outbreak on record at time
43,2018,Ondo,3,17,1,0,seed_annual_estimate,,Ilori et al. 2019 — largest outbreak on record at time
43,2018,Plateau,0,2,0,0,seed_annual_estimate,,Ilori et al. 2019 — largest outbreak on record at time
43,2018,Taraba,2,9,0,0,seed_annual_estimate,,Ilori et al. 2019 — largest outbreak on record at time
44,2018,Adamawa,0,0,0,0,seed_annual_estimate,,Ilori et al. 2019 — largest outbreak on record at time
44,2018,Anambra,0,2,0,0,seed_annual_estimate,,Ilori et al. 2019 — largest outbreak on record at time
44,2018,Bauchi,1,5,0,0,seed_annual_estimate,,Ilori et al. 2019 — largest outbreak on record at time
44,2018,Benue,0,1,0,0,seed_annual_estimate,,Ilori et al. 2019 — largest outbreak on record at time
44,2018,Cross River,0,1,0,0,seed_annual_estimate,,Ilori et al. 2019 — largest outbreak on record at time
44,2018,Delta,0,2,0,0,seed_annual_estimate,,Ilori et al. 2019 — largest outbreak on record at time
44,2018,Ebonyi,1,3,0,0,seed_annual_estimate,,Ilori et al. 2019 — largest outbreak on record at time
44,2018,Edo,2,12,1,0,seed_annual_estimate,,Ilori et al. 2019 — largest outbreak on record at time
44,2018,Enugu,0,1,0,0,seed_annual_estimate,,Ilori et al. 2019 — largest outbreak on record at time
44,2018,Imo,0,0,0,0,seed_annual_estimate,,Ilori et al. 2019 — largest outbreak on record at time
44,2018,Kogi,0,1,0,0,seed_annual_estimate,,Ilori et al. 2019 — largest outbreak on record at time
44,2018,Nasarawa,0,1,0,0,seed_annual_estimate,,Ilori et al. 2019 — largest outbreak on record at time
44,2018,Ondo,1,8,0,0,seed_annual_estimate,,Ilori et al. 2019 — largest outbreak on record at time
44,2018,Plateau,0,1,0,0,seed_annual_estimate,,Ilori et al. 2019 — largest outbreak on record at time
44,2018,Taraba,1,4,0,0,seed_annual_estimate,,Ilori et al. 2019 — largest outbreak on record at time
45,2018,Adamawa,0,0,0,0,seed_annual_estimate,,Ilori et al. 2019 — largest outbreak on record at time
45,2018,Anambra,0,2,0,0,seed_annual_estimate,,Ilori et al. 2019 — largest outbreak on record at time
45,2018,Bauchi,1,5,0,0,seed_annual_estimate,,Ilori et al. 2019 — largest outbreak on record at time
45,2018,Benue,0,1,0,0,seed_annual_estimate,,Ilori et al. 2019 — largest outbreak on record at time
45,2018,Cross River,0,1,0,0,seed_annual_estimate,,Ilori et al. 2019 — largest outbreak on record at time
45,2018,Delta,0,2,0,0,seed_annual_estimate,,Ilori et al. 2019 — largest outbreak on record at time
45,2018,Ebonyi,1,3,0,0,seed_annual_estimate,,Ilori et al. 2019 — largest outbreak on record at time
45,2018,Edo,2,12,1,0,seed_annual_estimate,,Ilori et al. 2019 — largest outbreak on record at time
45,2018,Enugu,0,1,0,0,seed_annual_estimate,,Ilori et al. 2019 — largest outbreak on record at time
45,2018,Imo,0,0,0,0,seed_annual_estimate,,Ilori et al. 2019 — largest outbreak on record at time
45,2018,Kogi,0,1,0,0,seed_annual_estimate,,Ilori et al. 2019 — largest outbreak on record at time
45,2018,Nasarawa,0,1,0,0,seed_annual_estimate,,Ilori et al. 2019 — largest outbreak on record at time
45,2018,Ondo,1,8,0,0,seed_annual_estimate,,Ilori et al. 2019 — largest outbreak on record at time
45,2018,Plateau,0,1,0,0,seed_annual_estimate,,Ilori et al. 2019 — largest outbreak on record at time
45,2018,Taraba,1,4,0,0,seed_annual_estimate,,Ilori et al. 2019 — largest outbreak on record at time
46,2018,Adamawa,0,0,0,0,seed_annual_estimate,,Ilori et al. 2019 — largest outbreak on record at time
46,2018,Anambra,0,2,0,0,seed_annual_estimate,,Ilori et al. 2019 — largest outbreak on record at time
46,2018,Bauchi,1,5,0,0,seed_annual_estimate,,Ilori et al. 2019 — largest outbreak on record at time
46,2018,Benue,0,1,0,0,seed_annual_estimate,,Ilori et al. 2019 — largest outbreak on record at time
46,2018,Cross River,0,1,0,0,seed_annual_estimate,,Ilori et al. 2019 — largest outbreak on record at time
46,2018,Delta,0,2,0,0,seed_annual_estimate,,Ilori et al. 2019 — largest outbreak on record at time
46,2018,Ebonyi,1,3,0,0,seed_annual_estimate,,Ilori et al. 2019 — largest outbreak on record at time
46,2018,Edo,2,12,1,0,seed_annual_estimate,,Ilori et al. 2019 — largest outbreak on record at time
46,2018,Enugu,0,1,0,0,seed_annual_estimate,,Ilori et al. 2019 — largest outbreak on record at time
46,2018,Imo,0,0,0,0,seed_annual_estimate,,Ilori et al. 2019 — largest outbreak on record at time
46,2018,Kogi,0,1,0,0,seed_annual_estimate,,Ilori et al. 2019 — largest outbreak on record at time
46,2018,Nasarawa,0,1,0,0,seed_annual_estimate,,Ilori et al. 2019 — largest outbreak on record at time
46,2018,Ondo,1,8,0,0,seed_annual_estimate,,Ilori et al. 2019 — largest outbreak on record at time
46,2018,Plateau,0,1,0,0,seed_annual_estimate,,Ilori et al. 2019 — largest outbreak on record at time
46,2018,Taraba,1,4,0,0,seed_annual_estimate,,Ilori et al. 2019 — largest outbreak on record at time
47,2018,Adamawa,0,0,0,0,seed_annual_estimate,,Ilori et al. 2019 — largest outbreak on record at time
47,2018,Anambra,0,2,0,0,seed_annual_estimate,,Ilori et al. 2019 — largest outbreak on record at time
47,2018,Bauchi,1,5,0,0,seed_annual_estimate,,Ilori et al. 2019 — largest outbreak on record at time
47,2018,Benue,0,1,0,0,seed_annual_estimate,,Ilori et al. 2019 — largest outbreak on record at time
47,2018,Cross River,0,1,0,0,seed_annual_estimate,,Ilori et al. 2019 — largest outbreak on record at time
47,2018,Delta,0,2,0,0,seed_annual_estimate,,Ilori et al. 2019 — largest outbreak on record at time
47,2018,Ebonyi,1,3,0,0,seed_annual_estimate,,Ilori et al. 2019 — largest outbreak on record at time
47,2018,Edo,2,12,1,0,seed_annual_estimate,,Ilori et al. 2019 — largest outbreak on record at time
47,2018,Enugu,0,1,0,0,seed_annual_estimate,,Ilori et al. 2019 — largest outbreak on record at time
47,2018,Imo,0,0,0,0,seed_annual_estimate,,Ilori et al. 2019 — largest outbreak on record at time
47,2018,Kogi,0,1,0,0,seed_annual_estimate,,Ilori et al. 2019 — largest outbreak on record at time
47,2018,Nasarawa,0,1,0,0,seed_annual_estimate,,Ilori et al. 2019 — largest outbreak on record at time
47,2018,Ondo,1,8,0,0,seed_annual_estimate,,Ilori et al. 2019 — largest outbreak on record at time
47,2018,Plateau,0,1,0,0,seed_annual_estimate,,Ilori et al. 2019 — largest outbreak on record at time
47,2018,Taraba,1,4,0,0,seed_annual_estimate,,Ilori et al. 2019 — largest outbreak on record at time
48,2018,Adamawa,0,0,0,0,seed_annual_estimate,,Ilori et al. 2019 — largest outbreak on record at time
48,2018,Anambra,0,2,0,0,seed_annual_estimate,,Ilori et al. 2019 — largest outbreak on record at time
48,2018,Bauchi,1,5,0,0,seed_annual_estimate,,Ilori et al. 2019 — largest outbreak on record at time
48,2018,Benue,0,1,0,0,seed_annual_estimate,,Ilori et al. 2019 — largest outbreak on record at time
48,2018,Cross River,0,1,0,0,seed_annual_estimate,,Ilori et al. 2019 — largest outbreak on record at time
48,2018,Delta,0,2,0,0,seed_annual_estimate,,Ilori et al. 2019 — largest outbreak on record at time
48,2018,Ebonyi,1,3,0,0,seed_annual_estimate,,Ilori et al. 2019 — largest outbreak on record at time
48,2018,Edo,2,12,1,0,seed_annual_estimate,,Ilori et al. 2019 — largest outbreak on record at time
48,2018,Enugu,0,1,0,0,seed_annual_estimate,,Ilori et al. 2019 — largest outbreak on record at time
48,2018,Imo,0,0,0,0,seed_annual_estimate,,Ilori et al. 2019 — largest outbreak on record at time
48,2018,Kogi,0,1,0,0,seed_annual_estimate,,Ilori et al. 2019 — largest outbreak on record at time
48,2018,Nasarawa,0,1,0,0,seed_annual_estimate,,Ilori et al. 2019 — largest outbreak on record at time
48,2018,Ondo,1,8,0,0,seed_annual_estimate,,Ilori et al. 2019 — largest outbreak on record at time
48,2018,Plateau,0,1,0,0,seed_annual_estimate,,Ilori et al. 2019 — largest outbreak on record at time
48,2018,Taraba,1,4,0,0,seed_annual_estimate,,Ilori et al. 2019 — largest outbreak on record at time
49,2018,Adamawa,0,0,0,0,seed_annual_estimate,,Ilori et al. 2019 — largest outbreak on record at time
49,2018,Anambra,0,2,0,0,seed_annual_estimate,,Ilori et al. 2019 — largest outbreak on record at time
49,2018,Bauchi,1,5,0,0,seed_annual_estimate,,Ilori et al. 2019 — largest outbreak on record at time
49,2018,Benue,0,1,0,0,seed_annual_estimate,,Ilori et al. 2019 — largest outbreak on record at time
49,2018,Cross River,0,1,0,0,seed_annual_estimate,,Ilori et al. 2019 — largest outbreak on record at time
49,2018,Delta,0,2,0,0,seed_annual_estimate,,Ilori et al. 2019 — largest outbreak on record at time
49,2018,Ebonyi,1,3,0,0,seed_annual_estimate,,Ilori et al. 2019 — largest outbreak on record at time
49,2018,Edo,2,12,1,0,seed_annual_estimate,,Ilori et al. 2019 — largest outbreak on record at time
49,2018,Enugu,0,1,0,0,seed_annual_estimate,,Ilori et al. 2019 — largest outbreak on record at time
49,2018,Imo,0,0,0,0,seed_annual_estimate,,Ilori et al. 2019 — largest outbreak on record at time
49,2018,Kogi,0,1,0,0,seed_annual_estimate,,Ilori et al. 2019 — largest outbreak on record at time
49,2018,Nasarawa,0,1,0,0,seed_annual_estimate,,Ilori et al. 2019 — largest outbreak on record at time
49,2018,Ondo,1,8,0,0,seed_annual_estimate,,Ilori et al. 2019 — largest outbreak on record at time
49,2018,Plateau,0,1,0,0,seed_annual_estimate,,Ilori et al. 2019 — largest outbreak on record at time
49,2018,Taraba,1,4,0,0,seed_annual_estimate,,Ilori et al. 2019 — largest outbreak on record at time
50,2018,Adamawa,0,0,0,0,seed_annual_estimate,,Ilori et al. 2019 — largest outbreak on record at time
50,2018,Anambra,0,2,0,0,seed_annual_estimate,,Ilori et al. 2019 — largest outbreak on record at time
50,2018,Bauchi,1,5,0,0,seed_annual_estimate,,Ilori et al. 2019 — largest outbreak on record at time
50,2018,Benue,0,1,0,0,seed_annual_estimate,,Ilori et al. 2019 — largest outbreak on record at time
50,2018,Cross River,0,1,0,0,seed_annual_estimate,,Ilori et al. 2019 — largest outbreak on record at time
50,2018,Delta,0,2,0,0,seed_annual_estimate,,Ilori et al. 2019 — largest outbreak on record at time
50,2018,Ebonyi,1,3,0,0,seed_annual_estimate,,Ilori et al. 2019 — largest outbreak on record at time
50,2018,Edo,2,12,1,0,seed_annual_estimate,,Ilori et al. 2019 — largest outbreak on record at time
50,2018,Enugu,0,1,0,0,seed_annual_estimate,,Ilori et al. 2019 — largest outbreak on record at time
50,2018,Imo,0,0,0,0,seed_annual_estimate,,Ilori et al. 2019 — largest outbreak on record at time
50,2018,Kogi,0,1,0,0,seed_annual_estimate,,Ilori et al. 2019 — largest outbreak on record at time
50,2018,Nasarawa,0,1,0,0,seed_annual_estimate,,Ilori et al. 2019 — largest outbreak on record at time
50,2018,Ondo,1,8,0,0,seed_annual_estimate,,Ilori et al. 2019 — largest outbreak on record at time
50,2018,Plateau,0,1,0,0,seed_annual_estimate,,Ilori et al. 2019 — largest outbreak on record at time
50,2018,Taraba,1,4,0,0,seed_annual_estimate,,Ilori et al. 2019 — largest outbreak on record at time
51,2018,Adamawa,0,0,0,0,seed_annual_estimate,,Ilori et al. 2019 — largest outbreak on record at time
51,2018,Anambra,0,2,0,0,seed_annual_estimate,,Ilori et al. 2019 — largest outbreak on record at time
51,2018,Bauchi,1,5,0,0,seed_annual_estimate,,Ilori et al. 2019 — largest outbreak on record at time
51,2018,Benue,0,1,0,0,seed_annual_estimate,,Ilori et al. 2019 — largest outbreak on record at time
51,2018,Cross River,0,1,0,0,seed_annual_estimate,,Ilori et al. 2019 — largest outbreak on record at time
51,2018,Delta,0,2,0,0,seed_annual_estimate,,Ilori et al. 2019 — largest outbreak on record at time
51,2018,Ebonyi,1,3,0,0,seed_annual_estimate,,Ilori et al. 2019 — largest outbreak on record at time
51,2018,Edo,2,12,1,0,seed_annual_estimate,,Ilori et al. 2019 — largest outbreak on record at time
51,2018,Enugu,0,1,0,0,seed_annual_estimate,,Ilori et al. 2019 — largest outbreak on record at time
51,2018,Imo,0,0,0,0,seed_annual_estimate,,Ilori et al. 2019 — largest outbreak on record at time
51,2018,Kogi,0,1,0,0,seed_annual_estimate,,Ilori et al. 2019 — largest outbreak on record at time
51,2018,Nasarawa,0,1,0,0,seed_annual_estimate,,Ilori et al. 2019 — largest outbreak on record at time
51,2018,Ondo,1,8,0,0,seed_annual_estimate,,Ilori et al. 2019 — largest outbreak on record at time
51,2018,Plateau,0,1,0,0,seed_annual_estimate,,Ilori et al. 2019 — largest outbreak on record at time
51,2018,Taraba,1,4,0,0,seed_annual_estimate,,Ilori et al. 2019 — largest outbreak on record at time
52,2018,Adamawa,0,0,0,0,seed_annual_estimate,,Ilori et al. 2019 — largest outbreak on record at time
52,2018,Anambra,0,2,0,0,seed_annual_estimate,,Ilori et al. 2019 — largest outbreak on record at time
52,2018,Bauchi,1,5,0,0,seed_annual_estimate,,Ilori et al. 2019 — largest outbreak on record at time
52,2018,Benue,0,1,0,0,seed_annual_estimate,,Ilori et al. 2019 — largest outbreak on record at time
52,2018,Cross River,0,1,0,0,seed_annual_estimate,,Ilori et al. 2019 — largest outbreak on record at time
52,2018,Delta,0,2,0,0,seed_annual_estimate,,Ilori et al. 2019 — largest outbreak on record at time
52,2018,Ebonyi,1,3,0,0,seed_annual_estimate,,Ilori et al. 2019 — largest outbreak on record at time
52,2018,Edo,2,12,1,0,seed_annual_estimate,,Ilori et al. 2019 — largest outbreak on record at time
52,2018,Enugu,0,1,0,0,seed_annual_estimate,,Ilori et al. 2019 — largest outbreak on record at time
52,2018,Imo,0,0,0,0,seed_annual_estimate,,Ilori et al. 2019 — largest outbreak on record at time
52,2018,Kogi,0,1,0,0,seed_annual_estimate,,Ilori et al. 2019 — largest outbreak on record at time
52,2018,Nasarawa,0,1,0,0,seed_annual_estimate,,Ilori et al. 2019 — largest outbreak on record at time
52,2018,Ondo,1,8,0,0,seed_annual_estimate,,Ilori et al. 2019 — largest outbreak on record at time
52,2018,Plateau,0,1,0,0,seed_annual_estimate,,Ilori et al. 2019 — largest outbreak on record at time
52,2018,Taraba,1,4,0,0,seed_annual_estimate,,Ilori et al. 2019 — largest outbreak on record at time
1,2019,Adamawa,0,1,0,0,seed_annual_estimate,,NCDC sitrep 52 2019
1,2019,Anambra,0,2,0,0,seed_annual_estimate,,NCDC sitrep 52 2019
1,2019,Bauchi,1,6,0,0,seed_annual_estimate,,NCDC sitrep 52 2019
1,2019,Benue,0,2,0,0,seed_annual_estimate,,NCDC sitrep 52 2019
1,2019,Cross River,0,1,0,0,seed_annual_estimate,,NCDC sitrep 52 2019
1,2019,Delta,0,2,0,0,seed_annual_estimate,,NCDC sitrep 52 2019
1,2019,Ebonyi,1,4,0,0,seed_annual_estimate,,NCDC sitrep 52 2019
1,2019,Edo,3,15,1,0,seed_annual_estimate,,NCDC sitrep 52 2019
1,2019,Enugu,0,1,0,0,seed_annual_estimate,,NCDC sitrep 52 2019
1,2019,Imo,0,0,0,0,seed_annual_estimate,,NCDC sitrep 52 2019
1,2019,Kogi,0,2,0,0,seed_annual_estimate,,NCDC sitrep 52 2019
1,2019,Nasarawa,0,1,0,0,seed_annual_estimate,,NCDC sitrep 52 2019
1,2019,Ondo,2,10,0,0,seed_annual_estimate,,NCDC sitrep 52 2019
1,2019,Plateau,0,1,0,0,seed_annual_estimate,,NCDC sitrep 52 2019
1,2019,Taraba,1,5,0,0,seed_annual_estimate,,NCDC sitrep 52 2019
2,2019,Adamawa,0,1,0,0,seed_annual_estimate,,NCDC sitrep 52 2019
2,2019,Anambra,0,2,0,0,seed_annual_estimate,,NCDC sitrep 52 2019
2,2019,Bauchi,1,6,0,0,seed_annual_estimate,,NCDC sitrep 52 2019
2,2019,Benue,0,2,0,0,seed_annual_estimate,,NCDC sitrep 52 2019
2,2019,Cross River,0,1,0,0,seed_annual_estimate,,NCDC sitrep 52 2019
2,2019,Delta,0,2,0,0,seed_annual_estimate,,NCDC sitrep 52 2019
2,2019,Ebonyi,1,4,0,0,seed_annual_estimate,,NCDC sitrep 52 2019
2,2019,Edo,3,15,1,0,seed_annual_estimate,,NCDC sitrep 52 2019
2,2019,Enugu,0,1,0,0,seed_annual_estimate,,NCDC sitrep 52 2019
2,2019,Imo,0,0,0,0,seed_annual_estimate,,NCDC sitrep 52 2019
2,2019,Kogi,0,2,0,0,seed_annual_estimate,,NCDC sitrep 52 2019
2,2019,Nasarawa,0,1,0,0,seed_annual_estimate,,NCDC sitrep 52 2019
2,2019,Ondo,2,10,0,0,seed_annual_estimate,,NCDC sitrep 52 2019
2,2019,Plateau,0,1,0,0,seed_annual_estimate,,NCDC sitrep 52 2019
2,2019,Taraba,1,5,0,0,seed_annual_estimate,,NCDC sitrep 52 2019
3,2019,Adamawa,0,1,0,0,seed_annual_estimate,,NCDC sitrep 52 2019
3,2019,Anambra,0,2,0,0,seed_annual_estimate,,NCDC sitrep 52 2019
3,2019,Bauchi,1,6,0,0,seed_annual_estimate,,NCDC sitrep 52 2019
3,2019,Benue,0,2,0,0,seed_annual_estimate,,NCDC sitrep 52 2019
3,2019,Cross River,0,1,0,0,seed_annual_estimate,,NCDC sitrep 52 2019
3,2019,Delta,0,2,0,0,seed_annual_estimate,,NCDC sitrep 52 2019
3,2019,Ebonyi,1,4,0,0,seed_annual_estimate,,NCDC sitrep 52 2019
3,2019,Edo,3,15,1,0,seed_annual_estimate,,NCDC sitrep 52 2019
3,2019,Enugu,0,1,0,0,seed_annual_estimate,,NCDC sitrep 52 2019
3,2019,Imo,0,0,0,0,seed_annual_estimate,,NCDC sitrep 52 2019
3,2019,Kogi,0,2,0,0,seed_annual_estimate,,NCDC sitrep 52 2019
3,2019,Nasarawa,0,1,0,0,seed_annual_estimate,,NCDC sitrep 52 2019
3,2019,Ondo,2,10,0,0,seed_annual_estimate,,NCDC sitrep 52 2019
3,2019,Plateau,0,1,0,0,seed_annual_estimate,,NCDC sitrep 52 2019
3,2019,Taraba,1,5,0,0,seed_annual_estimate,,NCDC sitrep 52 2019
4,2019,Adamawa,0,1,0,0,seed_annual_estimate,,NCDC sitrep 52 2019
4,2019,Anambra,0,2,0,0,seed_annual_estimate,,NCDC sitrep 52 2019
4,2019,Bauchi,1,6,0,0,seed_annual_estimate,,NCDC sitrep 52 2019
4,2019,Benue,0,2,0,0,seed_annual_estimate,,NCDC sitrep 52 2019
4,2019,Cross River,0,1,0,0,seed_annual_estimate,,NCDC sitrep 52 2019
4,2019,Delta,0,2,0,0,seed_annual_estimate,,NCDC sitrep 52 2019
4,2019,Ebonyi,1,4,0,0,seed_annual_estimate,,NCDC sitrep 52 2019
4,2019,Edo,3,15,1,0,seed_annual_estimate,,NCDC sitrep 52 2019
4,2019,Enugu,0,1,0,0,seed_annual_estimate,,NCDC sitrep 52 2019
4,2019,Imo,0,0,0,0,seed_annual_estimate,,NCDC sitrep 52 2019
4,2019,Kogi,0,2,0,0,seed_annual_estimate,,NCDC sitrep 52 2019
4,2019,Nasarawa,0,1,0,0,seed_annual_estimate,,NCDC sitrep 52 2019
4,2019,Ondo,2,10,0,0,seed_annual_estimate,,NCDC sitrep 52 2019
4,2019,Plateau,0,1,0,0,seed_annual_estimate,,NCDC sitrep 52 2019
4,2019,Taraba,1,5,0,0,seed_annual_estimate,,NCDC sitrep 52 2019
5,2019,Adamawa,0,1,0,0,seed_annual_estimate,,NCDC sitrep 52 2019
5,2019,Anambra,0,2,0,0,seed_annual_estimate,,NCDC sitrep 52 2019
5,2019,Bauchi,1,6,0,0,seed_annual_estimate,,NCDC sitrep 52 2019
5,2019,Benue,0,2,0,0,seed_annual_estimate,,NCDC sitrep 52 2019
5,2019,Cross River,0,1,0,0,seed_annual_estimate,,NCDC sitrep 52 2019
5,2019,Delta,0,2,0,0,seed_annual_estimate,,NCDC sitrep 52 2019
5,2019,Ebonyi,1,4,0,0,seed_annual_estimate,,NCDC sitrep 52 2019
5,2019,Edo,3,15,1,0,seed_annual_estimate,,NCDC sitrep 52 2019
5,2019,Enugu,0,1,0,0,seed_annual_estimate,,NCDC sitrep 52 2019
5,2019,Imo,0,0,0,0,seed_annual_estimate,,NCDC sitrep 52 2019
5,2019,Kogi,0,2,0,0,seed_annual_estimate,,NCDC sitrep 52 2019
5,2019,Nasarawa,0,1,0,0,seed_annual_estimate,,NCDC sitrep 52 2019
5,2019,Ondo,2,10,0,0,seed_annual_estimate,,NCDC sitrep 52 2019
5,2019,Plateau,0,1,0,0,seed_annual_estimate,,NCDC sitrep 52 2019
5,2019,Taraba,1,5,0,0,seed_annual_estimate,,NCDC sitrep 52 2019
6,2019,Adamawa,0,1,0,0,seed_annual_estimate,,NCDC sitrep 52 2019
6,2019,Anambra,0,2,0,0,seed_annual_estimate,,NCDC sitrep 52 2019
6,2019,Bauchi,1,6,0,0,seed_annual_estimate,,NCDC sitrep 52 2019
6,2019,Benue,0,2,0,0,seed_annual_estimate,,NCDC sitrep 52 2019
6,2019,Cross River,0,1,0,0,seed_annual_estimate,,NCDC sitrep 52 2019
6,2019,Delta,0,2,0,0,seed_annual_estimate,,NCDC sitrep 52 2019
6,2019,Ebonyi,1,4,0,0,seed_annual_estimate,,NCDC sitrep 52 2019
6,2019,Edo,3,15,1,0,seed_annual_estimate,,NCDC sitrep 52 2019
6,2019,Enugu,0,1,0,0,seed_annual_estimate,,NCDC sitrep 52 2019
6,2019,Imo,0,0,0,0,seed_annual_estimate,,NCDC sitrep 52 2019
6,2019,Kogi,0,2,0,0,seed_annual_estimate,,NCDC sitrep 52 2019
6,2019,Nasarawa,0,1,0,0,seed_annual_estimate,,NCDC sitrep 52 2019
6,2019,Ondo,2,10,0,0,seed_annual_estimate,,NCDC sitrep 52 2019
6,2019,Plateau,0,1,0,0,seed_annual_estimate,,NCDC sitrep 52 2019
6,2019,Taraba,1,5,0,0,seed_annual_estimate,,NCDC sitrep 52 2019
7,2019,Adamawa,0,1,0,0,seed_annual_estimate,,NCDC sitrep 52 2019
7,2019,Anambra,0,2,0,0,seed_annual_estimate,,NCDC sitrep 52 2019
7,2019,Bauchi,1,6,0,0,seed_annual_estimate,,NCDC sitrep 52 2019
7,2019,Benue,0,2,0,0,seed_annual_estimate,,NCDC sitrep 52 2019
7,2019,Cross River,0,1,0,0,seed_annual_estimate,,NCDC sitrep 52 2019
7,2019,Delta,0,2,0,0,seed_annual_estimate,,NCDC sitrep 52 2019
7,2019,Ebonyi,1,4,0,0,seed_annual_estimate,,NCDC sitrep 52 2019
7,2019,Edo,3,15,1,0,seed_annual_estimate,,NCDC sitrep 52 2019
7,2019,Enugu,0,1,0,0,seed_annual_estimate,,NCDC sitrep 52 2019
7,2019,Imo,0,0,0,0,seed_annual_estimate,,NCDC sitrep 52 2019
7,2019,Kogi,0,2,0,0,seed_annual_estimate,,NCDC sitrep 52 2019
7,2019,Nasarawa,0,1,0,0,seed_annual_estimate,,NCDC sitrep 52 2019
7,2019,Ondo,2,10,0,0,seed_annual_estimate,,NCDC sitrep 52 2019
7,2019,Plateau,0,1,0,0,seed_annual_estimate,,NCDC sitrep 52 2019
7,2019,Taraba,1,5,0,0,seed_annual_estimate,,NCDC sitrep 52 2019
8,2019,Adamawa,0,1,0,0,seed_annual_estimate,,NCDC sitrep 52 2019
8,2019,Anambra,0,2,0,0,seed_annual_estimate,,NCDC sitrep 52 2019
8,2019,Bauchi,1,6,0,0,seed_annual_estimate,,NCDC sitrep 52 2019
8,2019,Benue,0,2,0,0,seed_annual_estimate,,NCDC sitrep 52 2019
8,2019,Cross River,0,1,0,0,seed_annual_estimate,,NCDC sitrep 52 2019
8,2019,Delta,0,2,0,0,seed_annual_estimate,,NCDC sitrep 52 2019
8,2019,Ebonyi,1,4,0,0,seed_annual_estimate,,NCDC sitrep 52 2019
8,2019,Edo,3,15,1,0,seed_annual_estimate,,NCDC sitrep 52 2019
8,2019,Enugu,0,1,0,0,seed_annual_estimate,,NCDC sitrep 52 2019
8,2019,Imo,0,0,0,0,seed_annual_estimate,,NCDC sitrep 52 2019
8,2019,Kogi,0,2,0,0,seed_annual_estimate,,NCDC sitrep 52 2019
8,2019,Nasarawa,0,1,0,0,seed_annual_estimate,,NCDC sitrep 52 2019
8,2019,Ondo,2,10,0,0,seed_annual_estimate,,NCDC sitrep 52 2019
8,2019,Plateau,0,1,0,0,seed_annual_estimate,,NCDC sitrep 52 2019
8,2019,Taraba,1,5,0,0,seed_annual_estimate,,NCDC sitrep 52 2019
9,2019,Adamawa,0,1,0,0,seed_annual_estimate,,NCDC sitrep 52 2019
9,2019,Anambra,0,2,0,0,seed_annual_estimate,,NCDC sitrep 52 2019
9,2019,Bauchi,1,6,0,0,seed_annual_estimate,,NCDC sitrep 52 2019
9,2019,Benue,0,2,0,0,seed_annual_estimate,,NCDC sitrep 52 2019
9,2019,Cross River,0,1,0,0,seed_annual_estimate,,NCDC sitrep 52 2019
9,2019,Delta,0,2,0,0,seed_annual_estimate,,NCDC sitrep 52 2019
9,2019,Ebonyi,1,4,0,0,seed_annual_estimate,,NCDC sitrep 52 2019
9,2019,Edo,3,15,1,0,seed_annual_estimate,,NCDC sitrep 52 2019
9,2019,Enugu,0,1,0,0,seed_annual_estimate,,NCDC sitrep 52 2019
9,2019,Imo,0,0,0,0,seed_annual_estimate,,NCDC sitrep 52 2019
9,2019,Kogi,0,2,0,0,seed_annual_estimate,,NCDC sitrep 52 2019
9,2019,Nasarawa,0,1,0,0,seed_annual_estimate,,NCDC sitrep 52 2019
9,2019,Ondo,2,10,0,0,seed_annual_estimate,,NCDC sitrep 52 2019
9,2019,Plateau,0,1,0,0,seed_annual_estimate,,NCDC sitrep 52 2019
9,2019,Taraba,1,5,0,0,seed_annual_estimate,,NCDC sitrep 52 2019
10,2019,Adamawa,0,1,0,0,seed_annual_estimate,,NCDC sitrep 52 2019
10,2019,Anambra,0,2,0,0,seed_annual_estimate,,NCDC sitrep 52 2019
10,2019,Bauchi,1,6,0,0,seed_annual_estimate,,NCDC sitrep 52 2019
10,2019,Benue,0,2,0,0,seed_annual_estimate,,NCDC sitrep 52 2019
10,2019,Cross River,0,1,0,0,seed_annual_estimate,,NCDC sitrep 52 2019
10,2019,Delta,0,2,0,0,seed_annual_estimate,,NCDC sitrep 52 2019
10,2019,Ebonyi,1,4,0,0,seed_annual_estimate,,NCDC sitrep 52 2019
10,2019,Edo,3,15,1,0,seed_annual_estimate,,NCDC sitrep 52 2019
10,2019,Enugu,0,1,0,0,seed_annual_estimate,,NCDC sitrep 52 2019
10,2019,Imo,0,0,0,0,seed_annual_estimate,,NCDC sitrep 52 2019
10,2019,Kogi,0,2,0,0,seed_annual_estimate,,NCDC sitrep 52 2019
10,2019,Nasarawa,0,1,0,0,seed_annual_estimate,,NCDC sitrep 52 2019
10,2019,Ondo,2,10,0,0,seed_annual_estimate,,NCDC sitrep 52 2019
10,2019,Plateau,0,1,0,0,seed_annual_estimate,,NCDC sitrep 52 2019
10,2019,Taraba,1,5,0,0,seed_annual_estimate,,NCDC sitrep 52 2019
11,2019,Adamawa,0,1,0,0,seed_annual_estimate,,NCDC sitrep 52 2019
11,2019,Anambra,0,2,0,0,seed_annual_estimate,,NCDC sitrep 52 2019
11,2019,Bauchi,1,6,0,0,seed_annual_estimate,,NCDC sitrep 52 2019
11,2019,Benue,0,2,0,0,seed_annual_estimate,,NCDC sitrep 52 2019
11,2019,Cross River,0,1,0,0,seed_annual_estimate,,NCDC sitrep 52 2019
11,2019,Delta,0,2,0,0,seed_annual_estimate,,NCDC sitrep 52 2019
11,2019,Ebonyi,1,4,0,0,seed_annual_estimate,,NCDC sitrep 52 2019
11,2019,Edo,3,15,1,0,seed_annual_estimate,,NCDC sitrep 52 2019
11,2019,Enugu,0,1,0,0,seed_annual_estimate,,NCDC sitrep 52 2019
11,2019,Imo,0,0,0,0,seed_annual_estimate,,NCDC sitrep 52 2019
11,2019,Kogi,0,2,0,0,seed_annual_estimate,,NCDC sitrep 52 2019
11,2019,Nasarawa,0,1,0,0,seed_annual_estimate,,NCDC sitrep 52 2019
11,2019,Ondo,2,10,0,0,seed_annual_estimate,,NCDC sitrep 52 2019
11,2019,Plateau,0,1,0,0,seed_annual_estimate,,NCDC sitrep 52 2019
11,2019,Taraba,1,5,0,0,seed_annual_estimate,,NCDC sitrep 52 2019
12,2019,Adamawa,0,1,0,0,seed_annual_estimate,,NCDC sitrep 52 2019
12,2019,Anambra,0,2,0,0,seed_annual_estimate,,NCDC sitrep 52 2019
12,2019,Bauchi,1,6,0,0,seed_annual_estimate,,NCDC sitrep 52 2019
12,2019,Benue,0,2,0,0,seed_annual_estimate,,NCDC sitrep 52 2019
12,2019,Cross River,0,1,0,0,seed_annual_estimate,,NCDC sitrep 52 2019
12,2019,Delta,0,2,0,0,seed_annual_estimate,,NCDC sitrep 52 2019
12,2019,Ebonyi,1,4,0,0,seed_annual_estimate,,NCDC sitrep 52 2019
12,2019,Edo,3,15,1,0,seed_annual_estimate,,NCDC sitrep 52 2019
12,2019,Enugu,0,1,0,0,seed_annual_estimate,,NCDC sitrep 52 2019
12,2019,Imo,0,0,0,0,seed_annual_estimate,,NCDC sitrep 52 2019
12,2019,Kogi,0,2,0,0,seed_annual_estimate,,NCDC sitrep 52 2019
12,2019,Nasarawa,0,1,0,0,seed_annual_estimate,,NCDC sitrep 52 2019
12,2019,Ondo,2,10,0,0,seed_annual_estimate,,NCDC sitrep 52 2019
12,2019,Plateau,0,1,0,0,seed_annual_estimate,,NCDC sitrep 52 2019
12,2019,Taraba,1,5,0,0,seed_annual_estimate,,NCDC sitrep 52 2019
13,2019,Adamawa,0,1,0,0,seed_annual_estimate,,NCDC sitrep 52 2019
13,2019,Anambra,0,2,0,0,seed_annual_estimate,,NCDC sitrep 52 2019
13,2019,Bauchi,1,6,0,0,seed_annual_estimate,,NCDC sitrep 52 2019
13,2019,Benue,0,2,0,0,seed_annual_estimate,,NCDC sitrep 52 2019
13,2019,Cross River,0,1,0,0,seed_annual_estimate,,NCDC sitrep 52 2019
13,2019,Delta,0,2,0,0,seed_annual_estimate,,NCDC sitrep 52 2019
13,2019,Ebonyi,1,4,0,0,seed_annual_estimate,,NCDC sitrep 52 2019
13,2019,Edo,3,15,1,0,seed_annual_estimate,,NCDC sitrep 52 2019
13,2019,Enugu,0,1,0,0,seed_annual_estimate,,NCDC sitrep 52 2019
13,2019,Imo,0,0,0,0,seed_annual_estimate,,NCDC sitrep 52 2019
13,2019,Kogi,0,2,0,0,seed_annual_estimate,,NCDC sitrep 52 2019
13,2019,Nasarawa,0,1,0,0,seed_annual_estimate,,NCDC sitrep 52 2019
13,2019,Ondo,2,10,0,0,seed_annual_estimate,,NCDC sitrep 52 2019
13,2019,Plateau,0,1,0,0,seed_annual_estimate,,NCDC sitrep 52 2019
13,2019,Taraba,1,5,0,0,seed_annual_estimate,,NCDC sitrep 52 2019
14,2019,Adamawa,0,1,0,0,seed_annual_estimate,,NCDC sitrep 52 2019
14,2019,Anambra,0,2,0,0,seed_annual_estimate,,NCDC sitrep 52 2019
14,2019,Bauchi,1,6,0,0,seed_annual_estimate,,NCDC sitrep 52 2019
14,2019,Benue,0,2,0,0,seed_annual_estimate,,NCDC sitrep 52 2019
14,2019,Cross River,0,1,0,0,seed_annual_estimate,,NCDC sitrep 52 2019
14,2019,Delta,0,2,0,0,seed_annual_estimate,,NCDC sitrep 52 2019
14,2019,Ebonyi,1,4,0,0,seed_annual_estimate,,NCDC sitrep 52 2019
14,2019,Edo,3,15,1,0,seed_annual_estimate,,NCDC sitrep 52 2019
14,2019,Enugu,0,1,0,0,seed_annual_estimate,,NCDC sitrep 52 2019
14,2019,Imo,0,0,0,0,seed_annual_estimate,,NCDC sitrep 52 2019
14,2019,Kogi,0,2,0,0,seed_annual_estimate,,NCDC sitrep 52 2019
14,2019,Nasarawa,0,1,0,0,seed_annual_estimate,,NCDC sitrep 52 2019
14,2019,Ondo,2,10,0,0,seed_annual_estimate,,NCDC sitrep 52 2019
14,2019,Plateau,0,1,0,0,seed_annual_estimate,,NCDC sitrep 52 2019
14,2019,Taraba,1,5,0,0,seed_annual_estimate,,NCDC sitrep 52 2019
15,2019,Adamawa,0,1,0,0,seed_annual_estimate,,NCDC sitrep 52 2019
15,2019,Anambra,0,2,0,0,seed_annual_estimate,,NCDC sitrep 52 2019
15,2019,Bauchi,1,6,0,0,seed_annual_estimate,,NCDC sitrep 52 2019
15,2019,Benue,0,2,0,0,seed_annual_estimate,,NCDC sitrep 52 2019
15,2019,Cross River,0,1,0,0,seed_annual_estimate,,NCDC sitrep 52 2019
15,2019,Delta,0,2,0,0,seed_annual_estimate,,NCDC sitrep 52 2019
15,2019,Ebonyi,1,4,0,0,seed_annual_estimate,,NCDC sitrep 52 2019
15,2019,Edo,3,15,1,0,seed_annual_estimate,,NCDC sitrep 52 2019
15,2019,Enugu,0,1,0,0,seed_annual_estimate,,NCDC sitrep 52 2019
15,2019,Imo,0,0,0,0,seed_annual_estimate,,NCDC sitrep 52 2019
15,2019,Kogi,0,2,0,0,seed_annual_estimate,,NCDC sitrep 52 2019
15,2019,Nasarawa,0,1,0,0,seed_annual_estimate,,NCDC sitrep 52 2019
15,2019,Ondo,2,10,0,0,seed_annual_estimate,,NCDC sitrep 52 2019
15,2019,Plateau,0,1,0,0,seed_annual_estimate,,NCDC sitrep 52 2019
15,2019,Taraba,1,5,0,0,seed_annual_estimate,,NCDC sitrep 52 2019
16,2019,Adamawa,0,1,0,0,seed_annual_estimate,,NCDC sitrep 52 2019
16,2019,Anambra,0,2,0,0,seed_annual_estimate,,NCDC sitrep 52 2019
16,2019,Bauchi,1,6,0,0,seed_annual_estimate,,NCDC sitrep 52 2019
16,2019,Benue,0,2,0,0,seed_annual_estimate,,NCDC sitrep 52 2019
16,2019,Cross River,0,1,0,0,seed_annual_estimate,,NCDC sitrep 52 2019
16,2019,Delta,0,2,0,0,seed_annual_estimate,,NCDC sitrep 52 2019
16,2019,Ebonyi,1,4,0,0,seed_annual_estimate,,NCDC sitrep 52 2019
16,2019,Edo,3,15,1,0,seed_annual_estimate,,NCDC sitrep 52 2019
16,2019,Enugu,0,1,0,0,seed_annual_estimate,,NCDC sitrep 52 2019
16,2019,Imo,0,0,0,0,seed_annual_estimate,,NCDC sitrep 52 2019
16,2019,Kogi,0,2,0,0,seed_annual_estimate,,NCDC sitrep 52 2019
16,2019,Nasarawa,0,1,0,0,seed_annual_estimate,,NCDC sitrep 52 2019
16,2019,Ondo,2,10,0,0,seed_annual_estimate,,NCDC sitrep 52 2019
16,2019,Plateau,0,1,0,0,seed_annual_estimate,,NCDC sitrep 52 2019
16,2019,Taraba,1,5,0,0,seed_annual_estimate,,NCDC sitrep 52 2019
17,2019,Adamawa,0,1,0,0,seed_annual_estimate,,NCDC sitrep 52 2019
17,2019,Anambra,0,2,0,0,seed_annual_estimate,,NCDC sitrep 52 2019
17,2019,Bauchi,1,6,0,0,seed_annual_estimate,,NCDC sitrep 52 2019
17,2019,Benue,0,2,0,0,seed_annual_estimate,,NCDC sitrep 52 2019
17,2019,Cross River,0,1,0,0,seed_annual_estimate,,NCDC sitrep 52 2019
17,2019,Delta,0,2,0,0,seed_annual_estimate,,NCDC sitrep 52 2019
17,2019,Ebonyi,1,4,0,0,seed_annual_estimate,,NCDC sitrep 52 2019
17,2019,Edo,3,15,1,0,seed_annual_estimate,,NCDC sitrep 52 2019
17,2019,Enugu,0,1,0,0,seed_annual_estimate,,NCDC sitrep 52 2019
17,2019,Imo,0,0,0,0,seed_annual_estimate,,NCDC sitrep 52 2019
17,2019,Kogi,0,2,0,0,seed_annual_estimate,,NCDC sitrep 52 2019
17,2019,Nasarawa,0,1,0,0,seed_annual_estimate,,NCDC sitrep 52 2019
17,2019,Ondo,2,10,0,0,seed_annual_estimate,,NCDC sitrep 52 2019
17,2019,Plateau,0,1,0,0,seed_annual_estimate,,NCDC sitrep 52 2019
17,2019,Taraba,1,5,0,0,seed_annual_estimate,,NCDC sitrep 52 2019
18,2019,Adamawa,0,1,0,0,seed_annual_estimate,,NCDC sitrep 52 2019
18,2019,Anambra,1,5,0,0,seed_annual_estimate,,NCDC sitrep 52 2019
18,2019,Bauchi,2,14,1,0,seed_annual_estimate,,NCDC sitrep 52 2019
18,2019,Benue,1,4,0,0,seed_annual_estimate,,NCDC sitrep 52 2019
18,2019,Cross River,0,2,0,0,seed_annual_estimate,,NCDC sitrep 52 2019
18,2019,Delta,1,5,0,0,seed_annual_estimate,,NCDC sitrep 52 2019
18,2019,Ebonyi,2,10,0,0,seed_annual_estimate,,NCDC sitrep 52 2019
18,2019,Edo,6,35,1,0,seed_annual_estimate,,NCDC sitrep 52 2019
18,2019,Enugu,0,2,0,0,seed_annual_estimate,,NCDC sitrep 52 2019
18,2019,Imo,0,1,0,0,seed_annual_estimate,,NCDC sitrep 52 2019
18,2019,Kogi,1,3,0,0,seed_annual_estimate,,NCDC sitrep 52 2019
18,2019,Nasarawa,1,3,0,0,seed_annual_estimate,,NCDC sitrep 52 2019
18,2019,Ondo,4,22,1,0,seed_annual_estimate,,NCDC sitrep 52 2019
18,2019,Plateau,0,3,0,0,seed_annual_estimate,,NCDC sitrep 52 2019
18,2019,Taraba,2,12,0,0,seed_annual_estimate,,NCDC sitrep 52 2019
19,2019,Adamawa,0,1,0,0,seed_annual_estimate,,NCDC sitrep 52 2019
19,2019,Anambra,1,5,0,0,seed_annual_estimate,,NCDC sitrep 52 2019
19,2019,Bauchi,2,14,1,0,seed_annual_estimate,,NCDC sitrep 52 2019
19,2019,Benue,1,4,0,0,seed_annual_estimate,,NCDC sitrep 52 2019
19,2019,Cross River,0,2,0,0,seed_annual_estimate,,NCDC sitrep 52 2019
19,2019,Delta,1,5,0,0,seed_annual_estimate,,NCDC sitrep 52 2019
19,2019,Ebonyi,2,10,0,0,seed_annual_estimate,,NCDC sitrep 52 2019
19,2019,Edo,6,35,1,0,seed_annual_estimate,,NCDC sitrep 52 2019
19,2019,Enugu,0,2,0,0,seed_annual_estimate,,NCDC sitrep 52 2019
19,2019,Imo,0,1,0,0,seed_annual_estimate,,NCDC sitrep 52 2019
19,2019,Kogi,1,3,0,0,seed_annual_estimate,,NCDC sitrep 52 2019
19,2019,Nasarawa,1,3,0,0,seed_annual_estimate,,NCDC sitrep 52 2019
19,2019,Ondo,4,22,1,0,seed_annual_estimate,,NCDC sitrep 52 2019
19,2019,Plateau,0,3,0,0,seed_annual_estimate,,NCDC sitrep 52 2019
19,2019,Taraba,2,12,0,0,seed_annual_estimate,,NCDC sitrep 52 2019
20,2019,Adamawa,0,1,0,0,seed_annual_estimate,,NCDC sitrep 52 2019
20,2019,Anambra,1,5,0,0,seed_annual_estimate,,NCDC sitrep 52 2019
20,2019,Bauchi,2,14,1,0,seed_annual_estimate,,NCDC sitrep 52 2019
20,2019,Benue,1,4,0,0,seed_annual_estimate,,NCDC sitrep 52 2019
20,2019,Cross River,0,2,0,0,seed_annual_estimate,,NCDC sitrep 52 2019
20,2019,Delta,1,5,0,0,seed_annual_estimate,,NCDC sitrep 52 2019
20,2019,Ebonyi,2,10,0,0,seed_annual_estimate,,NCDC sitrep 52 2019
20,2019,Edo,6,35,1,0,seed_annual_estimate,,NCDC sitrep 52 2019
20,2019,Enugu,0,2,0,0,seed_annual_estimate,,NCDC sitrep 52 2019
20,2019,Imo,0,1,0,0,seed_annual_estimate,,NCDC sitrep 52 2019
20,2019,Kogi,1,3,0,0,seed_annual_estimate,,NCDC sitrep 52 2019
20,2019,Nasarawa,1,3,0,0,seed_annual_estimate,,NCDC sitrep 52 2019
20,2019,Ondo,4,22,1,0,seed_annual_estimate,,NCDC sitrep 52 2019
20,2019,Plateau,0,3,0,0,seed_annual_estimate,,NCDC sitrep 52 2019
20,2019,Taraba,2,12,0,0,seed_annual_estimate,,NCDC sitrep 52 2019
21,2019,Adamawa,0,1,0,0,seed_annual_estimate,,NCDC sitrep 52 2019
21,2019,Anambra,1,5,0,0,seed_annual_estimate,,NCDC sitrep 52 2019
21,2019,Bauchi,2,14,1,0,seed_annual_estimate,,NCDC sitrep 52 2019
21,2019,Benue,1,4,0,0,seed_annual_estimate,,NCDC sitrep 52 2019
21,2019,Cross River,0,2,0,0,seed_annual_estimate,,NCDC sitrep 52 2019
21,2019,Delta,1,5,0,0,seed_annual_estimate,,NCDC sitrep 52 2019
21,2019,Ebonyi,2,10,0,0,seed_annual_estimate,,NCDC sitrep 52 2019
21,2019,Edo,6,35,1,0,seed_annual_estimate,,NCDC sitrep 52 2019
21,2019,Enugu,0,2,0,0,seed_annual_estimate,,NCDC sitrep 52 2019
21,2019,Imo,0,1,0,0,seed_annual_estimate,,NCDC sitrep 52 2019
21,2019,Kogi,1,3,0,0,seed_annual_estimate,,NCDC sitrep 52 2019
21,2019,Nasarawa,1,3,0,0,seed_annual_estimate,,NCDC sitrep 52 2019
21,2019,Ondo,4,22,1,0,seed_annual_estimate,,NCDC sitrep 52 2019
21,2019,Plateau,0,3,0,0,seed_annual_estimate,,NCDC sitrep 52 2019
21,2019,Taraba,2,12,0,0,seed_annual_estimate,,NCDC sitrep 52 2019
22,2019,Adamawa,0,1,0,0,seed_annual_estimate,,NCDC sitrep 52 2019
22,2019,Anambra,1,5,0,0,seed_annual_estimate,,NCDC sitrep 52 2019
22,2019,Bauchi,2,14,1,0,seed_annual_estimate,,NCDC sitrep 52 2019
22,2019,Benue,1,4,0,0,seed_annual_estimate,,NCDC sitrep 52 2019
22,2019,Cross River,0,2,0,0,seed_annual_estimate,,NCDC sitrep 52 2019
22,2019,Delta,1,5,0,0,seed_annual_estimate,,NCDC sitrep 52 2019
22,2019,Ebonyi,2,10,0,0,seed_annual_estimate,,NCDC sitrep 52 2019
22,2019,Edo,6,35,1,0,seed_annual_estimate,,NCDC sitrep 52 2019
22,2019,Enugu,0,2,0,0,seed_annual_estimate,,NCDC sitrep 52 2019
22,2019,Imo,0,1,0,0,seed_annual_estimate,,NCDC sitrep 52 2019
22,2019,Kogi,1,3,0,0,seed_annual_estimate,,NCDC sitrep 52 2019
22,2019,Nasarawa,1,3,0,0,seed_annual_estimate,,NCDC sitrep 52 2019
22,2019,Ondo,4,22,1,0,seed_annual_estimate,,NCDC sitrep 52 2019
22,2019,Plateau,0,3,0,0,seed_annual_estimate,,NCDC sitrep 52 2019
22,2019,Taraba,2,12,0,0,seed_annual_estimate,,NCDC sitrep 52 2019
23,2019,Adamawa,0,1,0,0,seed_annual_estimate,,NCDC sitrep 52 2019
23,2019,Anambra,1,5,0,0,seed_annual_estimate,,NCDC sitrep 52 2019
23,2019,Bauchi,2,14,1,0,seed_annual_estimate,,NCDC sitrep 52 2019
23,2019,Benue,1,4,0,0,seed_annual_estimate,,NCDC sitrep 52 2019
23,2019,Cross River,0,2,0,0,seed_annual_estimate,,NCDC sitrep 52 2019
23,2019,Delta,1,5,0,0,seed_annual_estimate,,NCDC sitrep 52 2019
23,2019,Ebonyi,2,10,0,0,seed_annual_estimate,,NCDC sitrep 52 2019
23,2019,Edo,6,35,1,0,seed_annual_estimate,,NCDC sitrep 52 2019
23,2019,Enugu,0,2,0,0,seed_annual_estimate,,NCDC sitrep 52 2019
23,2019,Imo,0,1,0,0,seed_annual_estimate,,NCDC sitrep 52 2019
23,2019,Kogi,1,3,0,0,seed_annual_estimate,,NCDC sitrep 52 2019
23,2019,Nasarawa,1,3,0,0,seed_annual_estimate,,NCDC sitrep 52 2019
23,2019,Ondo,4,22,1,0,seed_annual_estimate,,NCDC sitrep 52 2019
23,2019,Plateau,0,3,0,0,seed_annual_estimate,,NCDC sitrep 52 2019
23,2019,Taraba,2,12,0,0,seed_annual_estimate,,NCDC sitrep 52 2019
24,2019,Adamawa,0,1,0,0,seed_annual_estimate,,NCDC sitrep 52 2019
24,2019,Anambra,1,5,0,0,seed_annual_estimate,,NCDC sitrep 52 2019
24,2019,Bauchi,2,14,1,0,seed_annual_estimate,,NCDC sitrep 52 2019
24,2019,Benue,1,4,0,0,seed_annual_estimate,,NCDC sitrep 52 2019
24,2019,Cross River,0,2,0,0,seed_annual_estimate,,NCDC sitrep 52 2019
24,2019,Delta,1,5,0,0,seed_annual_estimate,,NCDC sitrep 52 2019
24,2019,Ebonyi,2,10,0,0,seed_annual_estimate,,NCDC sitrep 52 2019
24,2019,Edo,6,35,1,0,seed_annual_estimate,,NCDC sitrep 52 2019
24,2019,Enugu,0,2,0,0,seed_annual_estimate,,NCDC sitrep 52 2019
24,2019,Imo,0,1,0,0,seed_annual_estimate,,NCDC sitrep 52 2019
24,2019,Kogi,1,3,0,0,seed_annual_estimate,,NCDC sitrep 52 2019
24,2019,Nasarawa,1,3,0,0,seed_annual_estimate,,NCDC sitrep 52 2019
24,2019,Ondo,4,22,1,0,seed_annual_estimate,,NCDC sitrep 52 2019
24,2019,Plateau,0,3,0,0,seed_annual_estimate,,NCDC sitrep 52 2019
24,2019,Taraba,2,12,0,0,seed_annual_estimate,,NCDC sitrep 52 2019
25,2019,Adamawa,0,1,0,0,seed_annual_estimate,,NCDC sitrep 52 2019
25,2019,Anambra,1,5,0,0,seed_annual_estimate,,NCDC sitrep 52 2019
25,2019,Bauchi,2,14,1,0,seed_annual_estimate,,NCDC sitrep 52 2019
25,2019,Benue,1,4,0,0,seed_annual_estimate,,NCDC sitrep 52 2019
25,2019,Cross River,0,2,0,0,seed_annual_estimate,,NCDC sitrep 52 2019
25,2019,Delta,1,5,0,0,seed_annual_estimate,,NCDC sitrep 52 2019
25,2019,Ebonyi,2,10,0,0,seed_annual_estimate,,NCDC sitrep 52 2019
25,2019,Edo,6,35,1,0,seed_annual_estimate,,NCDC sitrep 52 2019
25,2019,Enugu,0,2,0,0,seed_annual_estimate,,NCDC sitrep 52 2019
25,2019,Imo,0,1,0,0,seed_annual_estimate,,NCDC sitrep 52 2019
25,2019,Kogi,1,3,0,0,seed_annual_estimate,,NCDC sitrep 52 2019
25,2019,Nasarawa,1,3,0,0,seed_annual_estimate,,NCDC sitrep 52 2019
25,2019,Ondo,4,22,1,0,seed_annual_estimate,,NCDC sitrep 52 2019
25,2019,Plateau,0,3,0,0,seed_annual_estimate,,NCDC sitrep 52 2019
25,2019,Taraba,2,12,0,0,seed_annual_estimate,,NCDC sitrep 52 2019
26,2019,Adamawa,0,1,0,0,seed_annual_estimate,,NCDC sitrep 52 2019
26,2019,Anambra,1,5,0,0,seed_annual_estimate,,NCDC sitrep 52 2019
26,2019,Bauchi,2,14,1,0,seed_annual_estimate,,NCDC sitrep 52 2019
26,2019,Benue,1,4,0,0,seed_annual_estimate,,NCDC sitrep 52 2019
26,2019,Cross River,0,2,0,0,seed_annual_estimate,,NCDC sitrep 52 2019
26,2019,Delta,1,5,0,0,seed_annual_estimate,,NCDC sitrep 52 2019
26,2019,Ebonyi,2,10,0,0,seed_annual_estimate,,NCDC sitrep 52 2019
26,2019,Edo,6,35,1,0,seed_annual_estimate,,NCDC sitrep 52 2019
26,2019,Enugu,0,2,0,0,seed_annual_estimate,,NCDC sitrep 52 2019
26,2019,Imo,0,1,0,0,seed_annual_estimate,,NCDC sitrep 52 2019
26,2019,Kogi,1,3,0,0,seed_annual_estimate,,NCDC sitrep 52 2019
26,2019,Nasarawa,1,3,0,0,seed_annual_estimate,,NCDC sitrep 52 2019
26,2019,Ondo,4,22,1,0,seed_annual_estimate,,NCDC sitrep 52 2019
26,2019,Plateau,0,3,0,0,seed_annual_estimate,,NCDC sitrep 52 2019
26,2019,Taraba,2,12,0,0,seed_annual_estimate,,NCDC sitrep 52 2019
27,2019,Adamawa,0,1,0,0,seed_annual_estimate,,NCDC sitrep 52 2019
27,2019,Anambra,1,5,0,0,seed_annual_estimate,,NCDC sitrep 52 2019
27,2019,Bauchi,2,14,1,0,seed_annual_estimate,,NCDC sitrep 52 2019
27,2019,Benue,1,4,0,0,seed_annual_estimate,,NCDC sitrep 52 2019
27,2019,Cross River,0,2,0,0,seed_annual_estimate,,NCDC sitrep 52 2019
27,2019,Delta,1,5,0,0,seed_annual_estimate,,NCDC sitrep 52 2019
27,2019,Ebonyi,2,10,0,0,seed_annual_estimate,,NCDC sitrep 52 2019
27,2019,Edo,6,35,1,0,seed_annual_estimate,,NCDC sitrep 52 2019
27,2019,Enugu,0,2,0,0,seed_annual_estimate,,NCDC sitrep 52 2019
27,2019,Imo,0,1,0,0,seed_annual_estimate,,NCDC sitrep 52 2019
27,2019,Kogi,1,3,0,0,seed_annual_estimate,,NCDC sitrep 52 2019
27,2019,Nasarawa,1,3,0,0,seed_annual_estimate,,NCDC sitrep 52 2019
27,2019,Ondo,4,22,1,0,seed_annual_estimate,,NCDC sitrep 52 2019
27,2019,Plateau,0,3,0,0,seed_annual_estimate,,NCDC sitrep 52 2019
27,2019,Taraba,2,12,0,0,seed_annual_estimate,,NCDC sitrep 52 2019
28,2019,Adamawa,0,1,0,0,seed_annual_estimate,,NCDC sitrep 52 2019
28,2019,Anambra,1,5,0,0,seed_annual_estimate,,NCDC sitrep 52 2019
28,2019,Bauchi,2,14,1,0,seed_annual_estimate,,NCDC sitrep 52 2019
28,2019,Benue,1,4,0,0,seed_annual_estimate,,NCDC sitrep 52 2019
28,2019,Cross River,0,2,0,0,seed_annual_estimate,,NCDC sitrep 52 2019
28,2019,Delta,1,5,0,0,seed_annual_estimate,,NCDC sitrep 52 2019
28,2019,Ebonyi,2,10,0,0,seed_annual_estimate,,NCDC sitrep 52 2019
28,2019,Edo,6,35,1,0,seed_annual_estimate,,NCDC sitrep 52 2019
28,2019,Enugu,0,2,0,0,seed_annual_estimate,,NCDC sitrep 52 2019
28,2019,Imo,0,1,0,0,seed_annual_estimate,,NCDC sitrep 52 2019
28,2019,Kogi,1,3,0,0,seed_annual_estimate,,NCDC sitrep 52 2019
28,2019,Nasarawa,1,3,0,0,seed_annual_estimate,,NCDC sitrep 52 2019
28,2019,Ondo,4,22,1,0,seed_annual_estimate,,NCDC sitrep 52 2019
28,2019,Plateau,0,3,0,0,seed_annual_estimate,,NCDC sitrep 52 2019
28,2019,Taraba,2,12,0,0,seed_annual_estimate,,NCDC sitrep 52 2019
29,2019,Adamawa,0,1,0,0,seed_annual_estimate,,NCDC sitrep 52 2019
29,2019,Anambra,1,5,0,0,seed_annual_estimate,,NCDC sitrep 52 2019
29,2019,Bauchi,2,14,1,0,seed_annual_estimate,,NCDC sitrep 52 2019
29,2019,Benue,1,4,0,0,seed_annual_estimate,,NCDC sitrep 52 2019
29,2019,Cross River,0,2,0,0,seed_annual_estimate,,NCDC sitrep 52 2019
29,2019,Delta,1,5,0,0,seed_annual_estimate,,NCDC sitrep 52 2019
29,2019,Ebonyi,2,10,0,0,seed_annual_estimate,,NCDC sitrep 52 2019
29,2019,Edo,6,35,1,0,seed_annual_estimate,,NCDC sitrep 52 2019
29,2019,Enugu,0,2,0,0,seed_annual_estimate,,NCDC sitrep 52 2019
29,2019,Imo,0,1,0,0,seed_annual_estimate,,NCDC sitrep 52 2019
29,2019,Kogi,1,3,0,0,seed_annual_estimate,,NCDC sitrep 52 2019
29,2019,Nasarawa,1,3,0,0,seed_annual_estimate,,NCDC sitrep 52 2019
29,2019,Ondo,4,22,1,0,seed_annual_estimate,,NCDC sitrep 52 2019
29,2019,Plateau,0,3,0,0,seed_annual_estimate,,NCDC sitrep 52 2019
29,2019,Taraba,2,12,0,0,seed_annual_estimate,,NCDC sitrep 52 2019
30,2019,Adamawa,0,1,0,0,seed_annual_estimate,,NCDC sitrep 52 2019
30,2019,Anambra,1,5,0,0,seed_annual_estimate,,NCDC sitrep 52 2019
30,2019,Bauchi,2,14,1,0,seed_annual_estimate,,NCDC sitrep 52 2019
30,2019,Benue,1,4,0,0,seed_annual_estimate,,NCDC sitrep 52 2019
30,2019,Cross River,0,2,0,0,seed_annual_estimate,,NCDC sitrep 52 2019
30,2019,Delta,1,5,0,0,seed_annual_estimate,,NCDC sitrep 52 2019
30,2019,Ebonyi,2,10,0,0,seed_annual_estimate,,NCDC sitrep 52 2019
30,2019,Edo,6,35,1,0,seed_annual_estimate,,NCDC sitrep 52 2019
30,2019,Enugu,0,2,0,0,seed_annual_estimate,,NCDC sitrep 52 2019
30,2019,Imo,0,1,0,0,seed_annual_estimate,,NCDC sitrep 52 2019
30,2019,Kogi,1,3,0,0,seed_annual_estimate,,NCDC sitrep 52 2019
30,2019,Nasarawa,1,3,0,0,seed_annual_estimate,,NCDC sitrep 52 2019
30,2019,Ondo,4,22,1,0,seed_annual_estimate,,NCDC sitrep 52 2019
30,2019,Plateau,0,3,0,0,seed_annual_estimate,,NCDC sitrep 52 2019
30,2019,Taraba,2,12,0,0,seed_annual_estimate,,NCDC sitrep 52 2019
31,2019,Adamawa,0,1,0,0,seed_annual_estimate,,NCDC sitrep 52 2019
31,2019,Anambra,1,5,0,0,seed_annual_estimate,,NCDC sitrep 52 2019
31,2019,Bauchi,2,14,1,0,seed_annual_estimate,,NCDC sitrep 52 2019
31,2019,Benue,1,4,0,0,seed_annual_estimate,,NCDC sitrep 52 2019
31,2019,Cross River,0,2,0,0,seed_annual_estimate,,NCDC sitrep 52 2019
31,2019,Delta,1,5,0,0,seed_annual_estimate,,NCDC sitrep 52 2019
31,2019,Ebonyi,2,10,0,0,seed_annual_estimate,,NCDC sitrep 52 2019
31,2019,Edo,6,35,1,0,seed_annual_estimate,,NCDC sitrep 52 2019
31,2019,Enugu,0,2,0,0,seed_annual_estimate,,NCDC sitrep 52 2019
31,2019,Imo,0,1,0,0,seed_annual_estimate,,NCDC sitrep 52 2019
31,2019,Kogi,1,3,0,0,seed_annual_estimate,,NCDC sitrep 52 2019
31,2019,Nasarawa,1,3,0,0,seed_annual_estimate,,NCDC sitrep 52 2019
31,2019,Ondo,4,22,1,0,seed_annual_estimate,,NCDC sitrep 52 2019
31,2019,Plateau,0,3,0,0,seed_annual_estimate,,NCDC sitrep 52 2019
31,2019,Taraba,2,12,0,0,seed_annual_estimate,,NCDC sitrep 52 2019
32,2019,Adamawa,0,1,0,0,seed_annual_estimate,,NCDC sitrep 52 2019
32,2019,Anambra,1,5,0,0,seed_annual_estimate,,NCDC sitrep 52 2019
32,2019,Bauchi,2,14,1,0,seed_annual_estimate,,NCDC sitrep 52 2019
32,2019,Benue,1,4,0,0,seed_annual_estimate,,NCDC sitrep 52 2019
32,2019,Cross River,0,2,0,0,seed_annual_estimate,,NCDC sitrep 52 2019
32,2019,Delta,1,5,0,0,seed_annual_estimate,,NCDC sitrep 52 2019
32,2019,Ebonyi,2,10,0,0,seed_annual_estimate,,NCDC sitrep 52 2019
32,2019,Edo,6,35,1,0,seed_annual_estimate,,NCDC sitrep 52 2019
32,2019,Enugu,0,2,0,0,seed_annual_estimate,,NCDC sitrep 52 2019
32,2019,Imo,0,1,0,0,seed_annual_estimate,,NCDC sitrep 52 2019
32,2019,Kogi,1,3,0,0,seed_annual_estimate,,NCDC sitrep 52 2019
32,2019,Nasarawa,1,3,0,0,seed_annual_estimate,,NCDC sitrep 52 2019
32,2019,Ondo,4,22,1,0,seed_annual_estimate,,NCDC sitrep 52 2019
32,2019,Plateau,0,3,0,0,seed_annual_estimate,,NCDC sitrep 52 2019
32,2019,Taraba,2,12,0,0,seed_annual_estimate,,NCDC sitrep 52 2019
33,2019,Adamawa,0,1,0,0,seed_annual_estimate,,NCDC sitrep 52 2019
33,2019,Anambra,1,5,0,0,seed_annual_estimate,,NCDC sitrep 52 2019
33,2019,Bauchi,2,14,1,0,seed_annual_estimate,,NCDC sitrep 52 2019
33,2019,Benue,1,4,0,0,seed_annual_estimate,,NCDC sitrep 52 2019
33,2019,Cross River,0,2,0,0,seed_annual_estimate,,NCDC sitrep 52 2019
33,2019,Delta,1,5,0,0,seed_annual_estimate,,NCDC sitrep 52 2019
33,2019,Ebonyi,2,10,0,0,seed_annual_estimate,,NCDC sitrep 52 2019
33,2019,Edo,6,35,1,0,seed_annual_estimate,,NCDC sitrep 52 2019
33,2019,Enugu,0,2,0,0,seed_annual_estimate,,NCDC sitrep 52 2019
33,2019,Imo,0,1,0,0,seed_annual_estimate,,NCDC sitrep 52 2019
33,2019,Kogi,1,3,0,0,seed_annual_estimate,,NCDC sitrep 52 2019
33,2019,Nasarawa,1,3,0,0,seed_annual_estimate,,NCDC sitrep 52 2019
33,2019,Ondo,4,22,1,0,seed_annual_estimate,,NCDC sitrep 52 2019
33,2019,Plateau,0,3,0,0,seed_annual_estimate,,NCDC sitrep 52 2019
33,2019,Taraba,2,12,0,0,seed_annual_estimate,,NCDC sitrep 52 2019
34,2019,Adamawa,0,1,0,0,seed_annual_estimate,,NCDC sitrep 52 2019
34,2019,Anambra,1,5,0,0,seed_annual_estimate,,NCDC sitrep 52 2019
34,2019,Bauchi,2,14,1,0,seed_annual_estimate,,NCDC sitrep 52 2019
34,2019,Benue,1,4,0,0,seed_annual_estimate,,NCDC sitrep 52 2019
34,2019,Cross River,0,2,0,0,seed_annual_estimate,,NCDC sitrep 52 2019
34,2019,Delta,1,5,0,0,seed_annual_estimate,,NCDC sitrep 52 2019
34,2019,Ebonyi,2,10,0,0,seed_annual_estimate,,NCDC sitrep 52 2019
34,2019,Edo,6,35,1,0,seed_annual_estimate,,NCDC sitrep 52 2019
34,2019,Enugu,0,2,0,0,seed_annual_estimate,,NCDC sitrep 52 2019
34,2019,Imo,0,1,0,0,seed_annual_estimate,,NCDC sitrep 52 2019
34,2019,Kogi,1,3,0,0,seed_annual_estimate,,NCDC sitrep 52 2019
34,2019,Nasarawa,1,3,0,0,seed_annual_estimate,,NCDC sitrep 52 2019
34,2019,Ondo,4,22,1,0,seed_annual_estimate,,NCDC sitrep 52 2019
34,2019,Plateau,0,3,0,0,seed_annual_estimate,,NCDC sitrep 52 2019
34,2019,Taraba,2,12,0,0,seed_annual_estimate,,NCDC sitrep 52 2019
35,2019,Adamawa,0,1,0,0,seed_annual_estimate,,NCDC sitrep 52 2019
35,2019,Anambra,1,5,0,0,seed_annual_estimate,,NCDC sitrep 52 2019
35,2019,Bauchi,2,14,1,0,seed_annual_estimate,,NCDC sitrep 52 2019
35,2019,Benue,1,4,0,0,seed_annual_estimate,,NCDC sitrep 52 2019
35,2019,Cross River,0,2,0,0,seed_annual_estimate,,NCDC sitrep 52 2019
35,2019,Delta,1,5,0,0,seed_annual_estimate,,NCDC sitrep 52 2019
35,2019,Ebonyi,2,10,0,0,seed_annual_estimate,,NCDC sitrep 52 2019
35,2019,Edo,6,35,1,0,seed_annual_estimate,,NCDC sitrep 52 2019
35,2019,Enugu,0,2,0,0,seed_annual_estimate,,NCDC sitrep 52 2019
35,2019,Imo,0,1,0,0,seed_annual_estimate,,NCDC sitrep 52 2019
35,2019,Kogi,1,3,0,0,seed_annual_estimate,,NCDC sitrep 52 2019
35,2019,Nasarawa,1,3,0,0,seed_annual_estimate,,NCDC sitrep 52 2019
35,2019,Ondo,4,22,1,0,seed_annual_estimate,,NCDC sitrep 52 2019
35,2019,Plateau,0,3,0,0,seed_annual_estimate,,NCDC sitrep 52 2019
35,2019,Taraba,2,12,0,0,seed_annual_estimate,,NCDC sitrep 52 2019
36,2019,Adamawa,0,1,0,0,seed_annual_estimate,,NCDC sitrep 52 2019
36,2019,Anambra,1,5,0,0,seed_annual_estimate,,NCDC sitrep 52 2019
36,2019,Bauchi,2,14,1,0,seed_annual_estimate,,NCDC sitrep 52 2019
36,2019,Benue,1,4,0,0,seed_annual_estimate,,NCDC sitrep 52 2019
36,2019,Cross River,0,2,0,0,seed_annual_estimate,,NCDC sitrep 52 2019
36,2019,Delta,1,5,0,0,seed_annual_estimate,,NCDC sitrep 52 2019
36,2019,Ebonyi,2,10,0,0,seed_annual_estimate,,NCDC sitrep 52 2019
36,2019,Edo,6,35,1,0,seed_annual_estimate,,NCDC sitrep 52 2019
36,2019,Enugu,0,2,0,0,seed_annual_estimate,,NCDC sitrep 52 2019
36,2019,Imo,0,1,0,0,seed_annual_estimate,,NCDC sitrep 52 2019
36,2019,Kogi,1,3,0,0,seed_annual_estimate,,NCDC sitrep 52 2019
36,2019,Nasarawa,1,3,0,0,seed_annual_estimate,,NCDC sitrep 52 2019
36,2019,Ondo,4,22,1,0,seed_annual_estimate,,NCDC sitrep 52 2019
36,2019,Plateau,0,3,0,0,seed_annual_estimate,,NCDC sitrep 52 2019
36,2019,Taraba,2,12,0,0,seed_annual_estimate,,NCDC sitrep 52 2019
37,2019,Adamawa,0,1,0,0,seed_annual_estimate,,NCDC sitrep 52 2019
37,2019,Anambra,1,5,0,0,seed_annual_estimate,,NCDC sitrep 52 2019
37,2019,Bauchi,2,14,1,0,seed_annual_estimate,,NCDC sitrep 52 2019
37,2019,Benue,1,4,0,0,seed_annual_estimate,,NCDC sitrep 52 2019
37,2019,Cross River,0,2,0,0,seed_annual_estimate,,NCDC sitrep 52 2019
37,2019,Delta,1,5,0,0,seed_annual_estimate,,NCDC sitrep 52 2019
37,2019,Ebonyi,2,10,0,0,seed_annual_estimate,,NCDC sitrep 52 2019
37,2019,Edo,6,35,1,0,seed_annual_estimate,,NCDC sitrep 52 2019
37,2019,Enugu,0,2,0,0,seed_annual_estimate,,NCDC sitrep 52 2019
37,2019,Imo,0,1,0,0,seed_annual_estimate,,NCDC sitrep 52 2019
37,2019,Kogi,1,3,0,0,seed_annual_estimate,,NCDC sitrep 52 2019
37,2019,Nasarawa,1,3,0,0,seed_annual_estimate,,NCDC sitrep 52 2019
37,2019,Ondo,4,22,1,0,seed_annual_estimate,,NCDC sitrep 52 2019
37,2019,Plateau,0,3,0,0,seed_annual_estimate,,NCDC sitrep 52 2019
37,2019,Taraba,2,12,0,0,seed_annual_estimate,,NCDC sitrep 52 2019
38,2019,Adamawa,0,1,0,0,seed_annual_estimate,,NCDC sitrep 52 2019
38,2019,Anambra,1,5,0,0,seed_annual_estimate,,NCDC sitrep 52 2019
38,2019,Bauchi,2,14,1,0,seed_annual_estimate,,NCDC sitrep 52 2019
38,2019,Benue,1,4,0,0,seed_annual_estimate,,NCDC sitrep 52 2019
38,2019,Cross River,0,2,0,0,seed_annual_estimate,,NCDC sitrep 52 2019
38,2019,Delta,1,5,0,0,seed_annual_estimate,,NCDC sitrep 52 2019
38,2019,Ebonyi,2,10,0,0,seed_annual_estimate,,NCDC sitrep 52 2019
38,2019,Edo,6,35,1,0,seed_annual_estimate,,NCDC sitrep 52 2019
38,2019,Enugu,0,2,0,0,seed_annual_estimate,,NCDC sitrep 52 2019
38,2019,Imo,0,1,0,0,seed_annual_estimate,,NCDC sitrep 52 2019
38,2019,Kogi,1,3,0,0,seed_annual_estimate,,NCDC sitrep 52 2019
38,2019,Nasarawa,1,3,0,0,seed_annual_estimate,,NCDC sitrep 52 2019
38,2019,Ondo,4,22,1,0,seed_annual_estimate,,NCDC sitrep 52 2019
38,2019,Plateau,0,3,0,0,seed_annual_estimate,,NCDC sitrep 52 2019
38,2019,Taraba,2,12,0,0,seed_annual_estimate,,NCDC sitrep 52 2019
39,2019,Adamawa,0,1,0,0,seed_annual_estimate,,NCDC sitrep 52 2019
39,2019,Anambra,1,5,0,0,seed_annual_estimate,,NCDC sitrep 52 2019
39,2019,Bauchi,2,14,1,0,seed_annual_estimate,,NCDC sitrep 52 2019
39,2019,Benue,1,4,0,0,seed_annual_estimate,,NCDC sitrep 52 2019
39,2019,Cross River,0,2,0,0,seed_annual_estimate,,NCDC sitrep 52 2019
39,2019,Delta,1,5,0,0,seed_annual_estimate,,NCDC sitrep 52 2019
39,2019,Ebonyi,2,10,0,0,seed_annual_estimate,,NCDC sitrep 52 2019
39,2019,Edo,6,35,1,0,seed_annual_estimate,,NCDC sitrep 52 2019
39,2019,Enugu,0,2,0,0,seed_annual_estimate,,NCDC sitrep 52 2019
39,2019,Imo,0,1,0,0,seed_annual_estimate,,NCDC sitrep 52 2019
39,2019,Kogi,1,3,0,0,seed_annual_estimate,,NCDC sitrep 52 2019
39,2019,Nasarawa,1,3,0,0,seed_annual_estimate,,NCDC sitrep 52 2019
39,2019,Ondo,4,22,1,0,seed_annual_estimate,,NCDC sitrep 52 2019
39,2019,Plateau,0,3,0,0,seed_annual_estimate,,NCDC sitrep 52 2019
39,2019,Taraba,2,12,0,0,seed_annual_estimate,,NCDC sitrep 52 2019
40,2019,Adamawa,0,1,0,0,seed_annual_estimate,,NCDC sitrep 52 2019
40,2019,Anambra,1,5,0,0,seed_annual_estimate,,NCDC sitrep 52 2019
40,2019,Bauchi,2,14,1,0,seed_annual_estimate,,NCDC sitrep 52 2019
40,2019,Benue,1,4,0,0,seed_annual_estimate,,NCDC sitrep 52 2019
40,2019,Cross River,0,2,0,0,seed_annual_estimate,,NCDC sitrep 52 2019
40,2019,Delta,1,5,0,0,seed_annual_estimate,,NCDC sitrep 52 2019
40,2019,Ebonyi,2,10,0,0,seed_annual_estimate,,NCDC sitrep 52 2019
40,2019,Edo,6,35,1,0,seed_annual_estimate,,NCDC sitrep 52 2019
40,2019,Enugu,0,2,0,0,seed_annual_estimate,,NCDC sitrep 52 2019
40,2019,Imo,0,1,0,0,seed_annual_estimate,,NCDC sitrep 52 2019
40,2019,Kogi,1,3,0,0,seed_annual_estimate,,NCDC sitrep 52 2019
40,2019,Nasarawa,1,3,0,0,seed_annual_estimate,,NCDC sitrep 52 2019
40,2019,Ondo,4,22,1,0,seed_annual_estimate,,NCDC sitrep 52 2019
40,2019,Plateau,0,3,0,0,seed_annual_estimate,,NCDC sitrep 52 2019
40,2019,Taraba,2,12,0,0,seed_annual_estimate,,NCDC sitrep 52 2019
41,2019,Adamawa,0,1,0,0,seed_annual_estimate,,NCDC sitrep 52 2019
41,2019,Anambra,1,5,0,0,seed_annual_estimate,,NCDC sitrep 52 2019
41,2019,Bauchi,2,14,1,0,seed_annual_estimate,,NCDC sitrep 52 2019
41,2019,Benue,1,4,0,0,seed_annual_estimate,,NCDC sitrep 52 2019
41,2019,Cross River,0,2,0,0,seed_annual_estimate,,NCDC sitrep 52 2019
41,2019,Delta,1,5,0,0,seed_annual_estimate,,NCDC sitrep 52 2019
41,2019,Ebonyi,2,10,0,0,seed_annual_estimate,,NCDC sitrep 52 2019
41,2019,Edo,6,35,1,0,seed_annual_estimate,,NCDC sitrep 52 2019
41,2019,Enugu,0,2,0,0,seed_annual_estimate,,NCDC sitrep 52 2019
41,2019,Imo,0,1,0,0,seed_annual_estimate,,NCDC sitrep 52 2019
41,2019,Kogi,1,3,0,0,seed_annual_estimate,,NCDC sitrep 52 2019
41,2019,Nasarawa,1,3,0,0,seed_annual_estimate,,NCDC sitrep 52 2019
41,2019,Ondo,4,22,1,0,seed_annual_estimate,,NCDC sitrep 52 2019
41,2019,Plateau,0,3,0,0,seed_annual_estimate,,NCDC sitrep 52 2019
41,2019,Taraba,2,12,0,0,seed_annual_estimate,,NCDC sitrep 52 2019
42,2019,Adamawa,0,1,0,0,seed_annual_estimate,,NCDC sitrep 52 2019
42,2019,Anambra,1,5,0,0,seed_annual_estimate,,NCDC sitrep 52 2019
42,2019,Bauchi,2,14,1,0,seed_annual_estimate,,NCDC sitrep 52 2019
42,2019,Benue,1,4,0,0,seed_annual_estimate,,NCDC sitrep 52 2019
42,2019,Cross River,0,2,0,0,seed_annual_estimate,,NCDC sitrep 52 2019
42,2019,Delta,1,5,0,0,seed_annual_estimate,,NCDC sitrep 52 2019
42,2019,Ebonyi,2,10,0,0,seed_annual_estimate,,NCDC sitrep 52 2019
42,2019,Edo,6,35,1,0,seed_annual_estimate,,NCDC sitrep 52 2019
42,2019,Enugu,0,2,0,0,seed_annual_estimate,,NCDC sitrep 52 2019
42,2019,Imo,0,1,0,0,seed_annual_estimate,,NCDC sitrep 52 2019
42,2019,Kogi,1,3,0,0,seed_annual_estimate,,NCDC sitrep 52 2019
42,2019,Nasarawa,1,3,0,0,seed_annual_estimate,,NCDC sitrep 52 2019
42,2019,Ondo,4,22,1,0,seed_annual_estimate,,NCDC sitrep 52 2019
42,2019,Plateau,0,3,0,0,seed_annual_estimate,,NCDC sitrep 52 2019
42,2019,Taraba,2,12,0,0,seed_annual_estimate,,NCDC sitrep 52 2019
43,2019,Adamawa,0,1,0,0,seed_annual_estimate,,NCDC sitrep 52 2019
43,2019,Anambra,1,5,0,0,seed_annual_estimate,,NCDC sitrep 52 2019
43,2019,Bauchi,2,14,1,0,seed_annual_estimate,,NCDC sitrep 52 2019
43,2019,Benue,1,4,0,0,seed_annual_estimate,,NCDC sitrep 52 2019
43,2019,Cross River,0,2,0,0,seed_annual_estimate,,NCDC sitrep 52 2019
43,2019,Delta,1,5,0,0,seed_annual_estimate,,NCDC sitrep 52 2019
43,2019,Ebonyi,2,10,0,0,seed_annual_estimate,,NCDC sitrep 52 2019
43,2019,Edo,6,35,1,0,seed_annual_estimate,,NCDC sitrep 52 2019
43,2019,Enugu,0,2,0,0,seed_annual_estimate,,NCDC sitrep 52 2019
43,2019,Imo,0,1,0,0,seed_annual_estimate,,NCDC sitrep 52 2019
43,2019,Kogi,1,3,0,0,seed_annual_estimate,,NCDC sitrep 52 2019
43,2019,Nasarawa,1,3,0,0,seed_annual_estimate,,NCDC sitrep 52 2019
43,2019,Ondo,4,22,1,0,seed_annual_estimate,,NCDC sitrep 52 2019
43,2019,Plateau,0,3,0,0,seed_annual_estimate,,NCDC sitrep 52 2019
43,2019,Taraba,2,12,0,0,seed_annual_estimate,,NCDC sitrep 52 2019
44,2019,Adamawa,0,1,0,0,seed_annual_estimate,,NCDC sitrep 52 2019
44,2019,Anambra,0,2,0,0,seed_annual_estimate,,NCDC sitrep 52 2019
44,2019,Bauchi,1,6,0,0,seed_annual_estimate,,NCDC sitrep 52 2019
44,2019,Benue,0,2,0,0,seed_annual_estimate,,NCDC sitrep 52 2019
44,2019,Cross River,0,1,0,0,seed_annual_estimate,,NCDC sitrep 52 2019
44,2019,Delta,0,2,0,0,seed_annual_estimate,,NCDC sitrep 52 2019
44,2019,Ebonyi,1,4,0,0,seed_annual_estimate,,NCDC sitrep 52 2019
44,2019,Edo,3,15,1,0,seed_annual_estimate,,NCDC sitrep 52 2019
44,2019,Enugu,0,1,0,0,seed_annual_estimate,,NCDC sitrep 52 2019
44,2019,Imo,0,0,0,0,seed_annual_estimate,,NCDC sitrep 52 2019
44,2019,Kogi,0,2,0,0,seed_annual_estimate,,NCDC sitrep 52 2019
44,2019,Nasarawa,0,1,0,0,seed_annual_estimate,,NCDC sitrep 52 2019
44,2019,Ondo,2,10,0,0,seed_annual_estimate,,NCDC sitrep 52 2019
44,2019,Plateau,0,1,0,0,seed_annual_estimate,,NCDC sitrep 52 2019
44,2019,Taraba,1,5,0,0,seed_annual_estimate,,NCDC sitrep 52 2019
45,2019,Adamawa,0,1,0,0,seed_annual_estimate,,NCDC sitrep 52 2019
45,2019,Anambra,0,2,0,0,seed_annual_estimate,,NCDC sitrep 52 2019
45,2019,Bauchi,1,6,0,0,seed_annual_estimate,,NCDC sitrep 52 2019
45,2019,Benue,0,2,0,0,seed_annual_estimate,,NCDC sitrep 52 2019
45,2019,Cross River,0,1,0,0,seed_annual_estimate,,NCDC sitrep 52 2019
45,2019,Delta,0,2,0,0,seed_annual_estimate,,NCDC sitrep 52 2019
45,2019,Ebonyi,1,4,0,0,seed_annual_estimate,,NCDC sitrep 52 2019
45,2019,Edo,3,15,1,0,seed_annual_estimate,,NCDC sitrep 52 2019
45,2019,Enugu,0,1,0,0,seed_annual_estimate,,NCDC sitrep 52 2019
45,2019,Imo,0,0,0,0,seed_annual_estimate,,NCDC sitrep 52 2019
45,2019,Kogi,0,2,0,0,seed_annual_estimate,,NCDC sitrep 52 2019
45,2019,Nasarawa,0,1,0,0,seed_annual_estimate,,NCDC sitrep 52 2019
45,2019,Ondo,2,10,0,0,seed_annual_estimate,,NCDC sitrep 52 2019
45,2019,Plateau,0,1,0,0,seed_annual_estimate,,NCDC sitrep 52 2019
45,2019,Taraba,1,5,0,0,seed_annual_estimate,,NCDC sitrep 52 2019
46,2019,Adamawa,0,1,0,0,seed_annual_estimate,,NCDC sitrep 52 2019
46,2019,Anambra,0,2,0,0,seed_annual_estimate,,NCDC sitrep 52 2019
46,2019,Bauchi,1,6,0,0,seed_annual_estimate,,NCDC sitrep 52 2019
46,2019,Benue,0,2,0,0,seed_annual_estimate,,NCDC sitrep 52 2019
46,2019,Cross River,0,1,0,0,seed_annual_estimate,,NCDC sitrep 52 2019
46,2019,Delta,0,2,0,0,seed_annual_estimate,,NCDC sitrep 52 2019
46,2019,Ebonyi,1,4,0,0,seed_annual_estimate,,NCDC sitrep 52 2019
46,2019,Edo,3,15,1,0,seed_annual_estimate,,NCDC sitrep 52 2019
46,2019,Enugu,0,1,0,0,seed_annual_estimate,,NCDC sitrep 52 2019
46,2019,Imo,0,0,0,0,seed_annual_estimate,,NCDC sitrep 52 2019
46,2019,Kogi,0,2,0,0,seed_annual_estimate,,NCDC sitrep 52 2019
46,2019,Nasarawa,0,1,0,0,seed_annual_estimate,,NCDC sitrep 52 2019
46,2019,Ondo,2,10,0,0,seed_annual_estimate,,NCDC sitrep 52 2019
46,2019,Plateau,0,1,0,0,seed_annual_estimate,,NCDC sitrep 52 2019
46,2019,Taraba,1,5,0,0,seed_annual_estimate,,NCDC sitrep 52 2019
47,2019,Adamawa,0,1,0,0,seed_annual_estimate,,NCDC sitrep 52 2019
47,2019,Anambra,0,2,0,0,seed_annual_estimate,,NCDC sitrep 52 2019
47,2019,Bauchi,1,6,0,0,seed_annual_estimate,,NCDC sitrep 52 2019
47,2019,Benue,0,2,0,0,seed_annual_estimate,,NCDC sitrep 52 2019
47,2019,Cross River,0,1,0,0,seed_annual_estimate,,NCDC sitrep 52 2019
47,2019,Delta,0,2,0,0,seed_annual_estimate,,NCDC sitrep 52 2019
47,2019,Ebonyi,1,4,0,0,seed_annual_estimate,,NCDC sitrep 52 2019
47,2019,Edo,3,15,1,0,seed_annual_estimate,,NCDC sitrep 52 2019
47,2019,Enugu,0,1,0,0,seed_annual_estimate,,NCDC sitrep 52 2019
47,2019,Imo,0,0,0,0,seed_annual_estimate,,NCDC sitrep 52 2019
47,2019,Kogi,0,2,0,0,seed_annual_estimate,,NCDC sitrep 52 2019
47,2019,Nasarawa,0,1,0,0,seed_annual_estimate,,NCDC sitrep 52 2019
47,2019,Ondo,2,10,0,0,seed_annual_estimate,,NCDC sitrep 52 2019
47,2019,Plateau,0,1,0,0,seed_annual_estimate,,NCDC sitrep 52 2019
47,2019,Taraba,1,5,0,0,seed_annual_estimate,,NCDC sitrep 52 2019
48,2019,Adamawa,0,1,0,0,seed_annual_estimate,,NCDC sitrep 52 2019
48,2019,Anambra,0,2,0,0,seed_annual_estimate,,NCDC sitrep 52 2019
48,2019,Bauchi,1,6,0,0,seed_annual_estimate,,NCDC sitrep 52 2019
48,2019,Benue,0,2,0,0,seed_annual_estimate,,NCDC sitrep 52 2019
48,2019,Cross River,0,1,0,0,seed_annual_estimate,,NCDC sitrep 52 2019
48,2019,Delta,0,2,0,0,seed_annual_estimate,,NCDC sitrep 52 2019
48,2019,Ebonyi,1,4,0,0,seed_annual_estimate,,NCDC sitrep 52 2019
48,2019,Edo,3,15,1,0,seed_annual_estimate,,NCDC sitrep 52 2019
48,2019,Enugu,0,1,0,0,seed_annual_estimate,,NCDC sitrep 52 2019
48,2019,Imo,0,0,0,0,seed_annual_estimate,,NCDC sitrep 52 2019
48,2019,Kogi,0,2,0,0,seed_annual_estimate,,NCDC sitrep 52 2019
48,2019,Nasarawa,0,1,0,0,seed_annual_estimate,,NCDC sitrep 52 2019
48,2019,Ondo,2,10,0,0,seed_annual_estimate,,NCDC sitrep 52 2019
48,2019,Plateau,0,1,0,0,seed_annual_estimate,,NCDC sitrep 52 2019
48,2019,Taraba,1,5,0,0,seed_annual_estimate,,NCDC sitrep 52 2019
49,2019,Adamawa,0,1,0,0,seed_annual_estimate,,NCDC sitrep 52 2019
49,2019,Anambra,0,2,0,0,seed_annual_estimate,,NCDC sitrep 52 2019
49,2019,Bauchi,1,6,0,0,seed_annual_estimate,,NCDC sitrep 52 2019
49,2019,Benue,0,2,0,0,seed_annual_estimate,,NCDC sitrep 52 2019
49,2019,Cross River,0,1,0,0,seed_annual_estimate,,NCDC sitrep 52 2019
49,2019,Delta,0,2,0,0,seed_annual_estimate,,NCDC sitrep 52 2019
49,2019,Ebonyi,1,4,0,0,seed_annual_estimate,,NCDC sitrep 52 2019
49,2019,Edo,3,15,1,0,seed_annual_estimate,,NCDC sitrep 52 2019
49,2019,Enugu,0,1,0,0,seed_annual_estimate,,NCDC sitrep 52 2019
49,2019,Imo,0,0,0,0,seed_annual_estimate,,NCDC sitrep 52 2019
49,2019,Kogi,0,2,0,0,seed_annual_estimate,,NCDC sitrep 52 2019
49,2019,Nasarawa,0,1,0,0,seed_annual_estimate,,NCDC sitrep 52 2019
49,2019,Ondo,2,10,0,0,seed_annual_estimate,,NCDC sitrep 52 2019
49,2019,Plateau,0,1,0,0,seed_annual_estimate,,NCDC sitrep 52 2019
49,2019,Taraba,1,5,0,0,seed_annual_estimate,,NCDC sitrep 52 2019
50,2019,Adamawa,0,1,0,0,seed_annual_estimate,,NCDC sitrep 52 2019
50,2019,Anambra,0,2,0,0,seed_annual_estimate,,NCDC sitrep 52 2019
50,2019,Bauchi,1,6,0,0,seed_annual_estimate,,NCDC sitrep 52 2019
50,2019,Benue,0,2,0,0,seed_annual_estimate,,NCDC sitrep 52 2019
50,2019,Cross River,0,1,0,0,seed_annual_estimate,,NCDC sitrep 52 2019
50,2019,Delta,0,2,0,0,seed_annual_estimate,,NCDC sitrep 52 2019
50,2019,Ebonyi,1,4,0,0,seed_annual_estimate,,NCDC sitrep 52 2019
50,2019,Edo,3,15,1,0,seed_annual_estimate,,NCDC sitrep 52 2019
50,2019,Enugu,0,1,0,0,seed_annual_estimate,,NCDC sitrep 52 2019
50,2019,Imo,0,0,0,0,seed_annual_estimate,,NCDC sitrep 52 2019
50,2019,Kogi,0,2,0,0,seed_annual_estimate,,NCDC sitrep 52 2019
50,2019,Nasarawa,0,1,0,0,seed_annual_estimate,,NCDC sitrep 52 2019
50,2019,Ondo,2,10,0,0,seed_annual_estimate,,NCDC sitrep 52 2019
50,2019,Plateau,0,1,0,0,seed_annual_estimate,,NCDC sitrep 52 2019
50,2019,Taraba,1,5,0,0,seed_annual_estimate,,NCDC sitrep 52 2019
51,2019,Adamawa,0,1,0,0,seed_annual_estimate,,NCDC sitrep 52 2019
51,2019,Anambra,0,2,0,0,seed_annual_estimate,,NCDC sitrep 52 2019
51,2019,Bauchi,1,6,0,0,seed_annual_estimate,,NCDC sitrep 52 2019
51,2019,Benue,0,2,0,0,seed_annual_estimate,,NCDC sitrep 52 2019
51,2019,Cross River,0,1,0,0,seed_annual_estimate,,NCDC sitrep 52 2019
51,2019,Delta,0,2,0,0,seed_annual_estimate,,NCDC sitrep 52 2019
51,2019,Ebonyi,1,4,0,0,seed_annual_estimate,,NCDC sitrep 52 2019
51,2019,Edo,3,15,1,0,seed_annual_estimate,,NCDC sitrep 52 2019
51,2019,Enugu,0,1,0,0,seed_annual_estimate,,NCDC sitrep 52 2019
51,2019,Imo,0,0,0,0,seed_annual_estimate,,NCDC sitrep 52 2019
51,2019,Kogi,0,2,0,0,seed_annual_estimate,,NCDC sitrep 52 2019
51,2019,Nasarawa,0,1,0,0,seed_annual_estimate,,NCDC sitrep 52 2019
51,2019,Ondo,2,10,0,0,seed_annual_estimate,,NCDC sitrep 52 2019
51,2019,Plateau,0,1,0,0,seed_annual_estimate,,NCDC sitrep 52 2019
51,2019,Taraba,1,5,0,0,seed_annual_estimate,,NCDC sitrep 52 2019
52,2019,Adamawa,0,1,0,0,seed_annual_estimate,,NCDC sitrep 52 2019
52,2019,Anambra,0,2,0,0,seed_annual_estimate,,NCDC sitrep 52 2019
52,2019,Bauchi,1,6,0,0,seed_annual_estimate,,NCDC sitrep 52 2019
52,2019,Benue,0,2,0,0,seed_annual_estimate,,NCDC sitrep 52 2019
52,2019,Cross River,0,1,0,0,seed_annual_estimate,,NCDC sitrep 52 2019
52,2019,Delta,0,2,0,0,seed_annual_estimate,,NCDC sitrep 52 2019
52,2019,Ebonyi,1,4,0,0,seed_annual_estimate,,NCDC sitrep 52 2019
52,2019,Edo,3,15,1,0,seed_annual_estimate,,NCDC sitrep 52 2019
52,2019,Enugu,0,1,0,0,seed_annual_estimate,,NCDC sitrep 52 2019
52,2019,Imo,0,0,0,0,seed_annual_estimate,,NCDC sitrep 52 2019
52,2019,Kogi,0,2,0,0,seed_annual_estimate,,NCDC sitrep 52 2019
52,2019,Nasarawa,0,1,0,0,seed_annual_estimate,,NCDC sitrep 52 2019
52,2019,Ondo,2,10,0,0,seed_annual_estimate,,NCDC sitrep 52 2019
52,2019,Plateau,0,1,0,0,seed_annual_estimate,,NCDC sitrep 52 2019
52,2019,Taraba,1,5,0,0,seed_annual_estimate,,NCDC sitrep 52 2019
1,2020,Adamawa,0,1,0,0,seed_annual_estimate,,NCDC sitrep 52 2020
1,2020,Anambra,1,3,0,0,seed_annual_estimate,,NCDC sitrep 52 2020
1,2020,Bauchi,2,8,0,0,seed_annual_estimate,,NCDC sitrep 52 2020
1,2020,Benue,0,2,0,0,seed_annual_estimate,,NCDC sitrep 52 2020
1,2020,Cross River,0,1,0,0,seed_annual_estimate,,NCDC sitrep 52 2020
1,2020,Delta,1,3,0,0,seed_annual_estimate,,NCDC sitrep 52 2020
1,2020,Ebonyi,1,6,0,0,seed_annual_estimate,,NCDC sitrep 52 2020
1,2020,Edo,4,20,1,0,seed_annual_estimate,,NCDC sitrep 52 2020
1,2020,Enugu,0,1,0,0,seed_annual_estimate,,NCDC sitrep 52 2020
1,2020,Imo,0,1,0,0,seed_annual_estimate,,NCDC sitrep 52 2020
1,2020,Kogi,0,2,0,0,seed_annual_estimate,,NCDC sitrep 52 2020
1,2020,Nasarawa,0,2,0,0,seed_annual_estimate,,NCDC sitrep 52 2020
1,2020,Ondo,3,13,1,0,seed_annual_estimate,,NCDC sitrep 52 2020
1,2020,Plateau,0,2,0,0,seed_annual_estimate,,NCDC sitrep 52 2020
1,2020,Taraba,1,7,0,0,seed_annual_estimate,,NCDC sitrep 52 2020
2,2020,Adamawa,0,1,0,0,seed_annual_estimate,,NCDC sitrep 52 2020
2,2020,Anambra,1,3,0,0,seed_annual_estimate,,NCDC sitrep 52 2020
2,2020,Bauchi,2,8,0,0,seed_annual_estimate,,NCDC sitrep 52 2020
2,2020,Benue,0,2,0,0,seed_annual_estimate,,NCDC sitrep 52 2020
2,2020,Cross River,0,1,0,0,seed_annual_estimate,,NCDC sitrep 52 2020
2,2020,Delta,1,3,0,0,seed_annual_estimate,,NCDC sitrep 52 2020
2,2020,Ebonyi,1,6,0,0,seed_annual_estimate,,NCDC sitrep 52 2020
2,2020,Edo,4,20,1,0,seed_annual_estimate,,NCDC sitrep 52 2020
2,2020,Enugu,0,1,0,0,seed_annual_estimate,,NCDC sitrep 52 2020
2,2020,Imo,0,1,0,0,seed_annual_estimate,,NCDC sitrep 52 2020
2,2020,Kogi,0,2,0,0,seed_annual_estimate,,NCDC sitrep 52 2020
2,2020,Nasarawa,0,2,0,0,seed_annual_estimate,,NCDC sitrep 52 2020
2,2020,Ondo,3,13,1,0,seed_annual_estimate,,NCDC sitrep 52 2020
2,2020,Plateau,0,2,0,0,seed_annual_estimate,,NCDC sitrep 52 2020
2,2020,Taraba,1,7,0,0,seed_annual_estimate,,NCDC sitrep 52 2020
3,2020,Adamawa,0,1,0,0,seed_annual_estimate,,NCDC sitrep 52 2020
3,2020,Anambra,1,3,0,0,seed_annual_estimate,,NCDC sitrep 52 2020
3,2020,Bauchi,2,8,0,0,seed_annual_estimate,,NCDC sitrep 52 2020
3,2020,Benue,0,2,0,0,seed_annual_estimate,,NCDC sitrep 52 2020
3,2020,Cross River,0,1,0,0,seed_annual_estimate,,NCDC sitrep 52 2020
3,2020,Delta,1,3,0,0,seed_annual_estimate,,NCDC sitrep 52 2020
3,2020,Ebonyi,1,6,0,0,seed_annual_estimate,,NCDC sitrep 52 2020
3,2020,Edo,4,20,1,0,seed_annual_estimate,,NCDC sitrep 52 2020
3,2020,Enugu,0,1,0,0,seed_annual_estimate,,NCDC sitrep 52 2020
3,2020,Imo,0,1,0,0,seed_annual_estimate,,NCDC sitrep 52 2020
3,2020,Kogi,0,2,0,0,seed_annual_estimate,,NCDC sitrep 52 2020
3,2020,Nasarawa,0,2,0,0,seed_annual_estimate,,NCDC sitrep 52 2020
3,2020,Ondo,3,13,1,0,seed_annual_estimate,,NCDC sitrep 52 2020
3,2020,Plateau,0,2,0,0,seed_annual_estimate,,NCDC sitrep 52 2020
3,2020,Taraba,1,7,0,0,seed_annual_estimate,,NCDC sitrep 52 2020
4,2020,Adamawa,0,1,0,0,seed_annual_estimate,,NCDC sitrep 52 2020
4,2020,Anambra,1,3,0,0,seed_annual_estimate,,NCDC sitrep 52 2020
4,2020,Bauchi,2,8,0,0,seed_annual_estimate,,NCDC sitrep 52 2020
4,2020,Benue,0,2,0,0,seed_annual_estimate,,NCDC sitrep 52 2020
4,2020,Cross River,0,1,0,0,seed_annual_estimate,,NCDC sitrep 52 2020
4,2020,Delta,1,3,0,0,seed_annual_estimate,,NCDC sitrep 52 2020
4,2020,Ebonyi,1,6,0,0,seed_annual_estimate,,NCDC sitrep 52 2020
4,2020,Edo,4,20,1,0,seed_annual_estimate,,NCDC sitrep 52 2020
4,2020,Enugu,0,1,0,0,seed_annual_estimate,,NCDC sitrep 52 2020
4,2020,Imo,0,1,0,0,seed_annual_estimate,,NCDC sitrep 52 2020
4,2020,Kogi,0,2,0,0,seed_annual_estimate,,NCDC sitrep 52 2020
4,2020,Nasarawa,0,2,0,0,seed_annual_estimate,,NCDC sitrep 52 2020
4,2020,Ondo,3,13,1,0,seed_annual_estimate,,NCDC sitrep 52 2020
4,2020,Plateau,0,2,0,0,seed_annual_estimate,,NCDC sitrep 52 2020
4,2020,Taraba,1,7,0,0,seed_annual_estimate,,NCDC sitrep 52 2020
5,2020,Adamawa,0,1,0,0,seed_annual_estimate,,NCDC sitrep 52 2020
5,2020,Anambra,1,3,0,0,seed_annual_estimate,,NCDC sitrep 52 2020
5,2020,Bauchi,2,8,0,0,seed_annual_estimate,,NCDC sitrep 52 2020
5,2020,Benue,0,2,0,0,seed_annual_estimate,,NCDC sitrep 52 2020
5,2020,Cross River,0,1,0,0,seed_annual_estimate,,NCDC sitrep 52 2020
5,2020,Delta,1,3,0,0,seed_annual_estimate,,NCDC sitrep 52 2020
5,2020,Ebonyi,1,6,0,0,seed_annual_estimate,,NCDC sitrep 52 2020
5,2020,Edo,4,20,1,0,seed_annual_estimate,,NCDC sitrep 52 2020
5,2020,Enugu,0,1,0,0,seed_annual_estimate,,NCDC sitrep 52 2020
5,2020,Imo,0,1,0,0,seed_annual_estimate,,NCDC sitrep 52 2020
5,2020,Kogi,0,2,0,0,seed_annual_estimate,,NCDC sitrep 52 2020
5,2020,Nasarawa,0,2,0,0,seed_annual_estimate,,NCDC sitrep 52 2020
5,2020,Ondo,3,13,1,0,seed_annual_estimate,,NCDC sitrep 52 2020
5,2020,Plateau,0,2,0,0,seed_annual_estimate,,NCDC sitrep 52 2020
5,2020,Taraba,1,7,0,0,seed_annual_estimate,,NCDC sitrep 52 2020
6,2020,Adamawa,0,1,0,0,seed_annual_estimate,,NCDC sitrep 52 2020
6,2020,Anambra,1,3,0,0,seed_annual_estimate,,NCDC sitrep 52 2020
6,2020,Bauchi,2,8,0,0,seed_annual_estimate,,NCDC sitrep 52 2020
6,2020,Benue,0,2,0,0,seed_annual_estimate,,NCDC sitrep 52 2020
6,2020,Cross River,0,1,0,0,seed_annual_estimate,,NCDC sitrep 52 2020
6,2020,Delta,1,3,0,0,seed_annual_estimate,,NCDC sitrep 52 2020
6,2020,Ebonyi,1,6,0,0,seed_annual_estimate,,NCDC sitrep 52 2020
6,2020,Edo,4,20,1,0,seed_annual_estimate,,NCDC sitrep 52 2020
6,2020,Enugu,0,1,0,0,seed_annual_estimate,,NCDC sitrep 52 2020
6,2020,Imo,0,1,0,0,seed_annual_estimate,,NCDC sitrep 52 2020
6,2020,Kogi,0,2,0,0,seed_annual_estimate,,NCDC sitrep 52 2020
6,2020,Nasarawa,0,2,0,0,seed_annual_estimate,,NCDC sitrep 52 2020
6,2020,Ondo,3,13,1,0,seed_annual_estimate,,NCDC sitrep 52 2020
6,2020,Plateau,0,2,0,0,seed_annual_estimate,,NCDC sitrep 52 2020
6,2020,Taraba,1,7,0,0,seed_annual_estimate,,NCDC sitrep 52 2020
7,2020,Adamawa,0,1,0,0,seed_annual_estimate,,NCDC sitrep 52 2020
7,2020,Anambra,1,3,0,0,seed_annual_estimate,,NCDC sitrep 52 2020
7,2020,Bauchi,2,8,0,0,seed_annual_estimate,,NCDC sitrep 52 2020
7,2020,Benue,0,2,0,0,seed_annual_estimate,,NCDC sitrep 52 2020
7,2020,Cross River,0,1,0,0,seed_annual_estimate,,NCDC sitrep 52 2020
7,2020,Delta,1,3,0,0,seed_annual_estimate,,NCDC sitrep 52 2020
7,2020,Ebonyi,1,6,0,0,seed_annual_estimate,,NCDC sitrep 52 2020
7,2020,Edo,4,20,1,0,seed_annual_estimate,,NCDC sitrep 52 2020
7,2020,Enugu,0,1,0,0,seed_annual_estimate,,NCDC sitrep 52 2020
7,2020,Imo,0,1,0,0,seed_annual_estimate,,NCDC sitrep 52 2020
7,2020,Kogi,0,2,0,0,seed_annual_estimate,,NCDC sitrep 52 2020
7,2020,Nasarawa,0,2,0,0,seed_annual_estimate,,NCDC sitrep 52 2020
7,2020,Ondo,3,13,1,0,seed_annual_estimate,,NCDC sitrep 52 2020
7,2020,Plateau,0,2,0,0,seed_annual_estimate,,NCDC sitrep 52 2020
7,2020,Taraba,1,7,0,0,seed_annual_estimate,,NCDC sitrep 52 2020
8,2020,Adamawa,0,1,0,0,seed_annual_estimate,,NCDC sitrep 52 2020
8,2020,Anambra,1,3,0,0,seed_annual_estimate,,NCDC sitrep 52 2020
8,2020,Bauchi,2,8,0,0,seed_annual_estimate,,NCDC sitrep 52 2020
8,2020,Benue,0,2,0,0,seed_annual_estimate,,NCDC sitrep 52 2020
8,2020,Cross River,0,1,0,0,seed_annual_estimate,,NCDC sitrep 52 2020
8,2020,Delta,1,3,0,0,seed_annual_estimate,,NCDC sitrep 52 2020
8,2020,Ebonyi,1,6,0,0,seed_annual_estimate,,NCDC sitrep 52 2020
8,2020,Edo,4,20,1,0,seed_annual_estimate,,NCDC sitrep 52 2020
8,2020,Enugu,0,1,0,0,seed_annual_estimate,,NCDC sitrep 52 2020
8,2020,Imo,0,1,0,0,seed_annual_estimate,,NCDC sitrep 52 2020
8,2020,Kogi,0,2,0,0,seed_annual_estimate,,NCDC sitrep 52 2020
8,2020,Nasarawa,0,2,0,0,seed_annual_estimate,,NCDC sitrep 52 2020
8,2020,Ondo,3,13,1,0,seed_annual_estimate,,NCDC sitrep 52 2020
8,2020,Plateau,0,2,0,0,seed_annual_estimate,,NCDC sitrep 52 2020
8,2020,Taraba,1,7,0,0,seed_annual_estimate,,NCDC sitrep 52 2020
9,2020,Adamawa,0,1,0,0,seed_annual_estimate,,NCDC sitrep 52 2020
9,2020,Anambra,1,3,0,0,seed_annual_estimate,,NCDC sitrep 52 2020
9,2020,Bauchi,2,8,0,0,seed_annual_estimate,,NCDC sitrep 52 2020
9,2020,Benue,0,2,0,0,seed_annual_estimate,,NCDC sitrep 52 2020
9,2020,Cross River,0,1,0,0,seed_annual_estimate,,NCDC sitrep 52 2020
9,2020,Delta,1,3,0,0,seed_annual_estimate,,NCDC sitrep 52 2020
9,2020,Ebonyi,1,6,0,0,seed_annual_estimate,,NCDC sitrep 52 2020
9,2020,Edo,4,20,1,0,seed_annual_estimate,,NCDC sitrep 52 2020
9,2020,Enugu,0,1,0,0,seed_annual_estimate,,NCDC sitrep 52 2020
9,2020,Imo,0,1,0,0,seed_annual_estimate,,NCDC sitrep 52 2020
9,2020,Kogi,0,2,0,0,seed_annual_estimate,,NCDC sitrep 52 2020
9,2020,Nasarawa,0,2,0,0,seed_annual_estimate,,NCDC sitrep 52 2020
9,2020,Ondo,3,13,1,0,seed_annual_estimate,,NCDC sitrep 52 2020
9,2020,Plateau,0,2,0,0,seed_annual_estimate,,NCDC sitrep 52 2020
9,2020,Taraba,1,7,0,0,seed_annual_estimate,,NCDC sitrep 52 2020
10,2020,Adamawa,0,1,0,0,seed_annual_estimate,,NCDC sitrep 52 2020
10,2020,Anambra,1,3,0,0,seed_annual_estimate,,NCDC sitrep 52 2020
10,2020,Bauchi,2,8,0,0,seed_annual_estimate,,NCDC sitrep 52 2020
10,2020,Benue,0,2,0,0,seed_annual_estimate,,NCDC sitrep 52 2020
10,2020,Cross River,0,1,0,0,seed_annual_estimate,,NCDC sitrep 52 2020
10,2020,Delta,1,3,0,0,seed_annual_estimate,,NCDC sitrep 52 2020
10,2020,Ebonyi,1,6,0,0,seed_annual_estimate,,NCDC sitrep 52 2020
10,2020,Edo,4,20,1,0,seed_annual_estimate,,NCDC sitrep 52 2020
10,2020,Enugu,0,1,0,0,seed_annual_estimate,,NCDC sitrep 52 2020
10,2020,Imo,0,1,0,0,seed_annual_estimate,,NCDC sitrep 52 2020
10,2020,Kogi,0,2,0,0,seed_annual_estimate,,NCDC sitrep 52 2020
10,2020,Nasarawa,0,2,0,0,seed_annual_estimate,,NCDC sitrep 52 2020
10,2020,Ondo,3,13,1,0,seed_annual_estimate,,NCDC sitrep 52 2020
10,2020,Plateau,0,2,0,0,seed_annual_estimate,,NCDC sitrep 52 2020
10,2020,Taraba,1,7,0,0,seed_annual_estimate,,NCDC sitrep 52 2020
11,2020,Adamawa,0,1,0,0,seed_annual_estimate,,NCDC sitrep 52 2020
11,2020,Anambra,1,3,0,0,seed_annual_estimate,,NCDC sitrep 52 2020
11,2020,Bauchi,2,8,0,0,seed_annual_estimate,,NCDC sitrep 52 2020
11,2020,Benue,0,2,0,0,seed_annual_estimate,,NCDC sitrep 52 2020
11,2020,Cross River,0,1,0,0,seed_annual_estimate,,NCDC sitrep 52 2020
11,2020,Delta,1,3,0,0,seed_annual_estimate,,NCDC sitrep 52 2020
11,2020,Ebonyi,1,6,0,0,seed_annual_estimate,,NCDC sitrep 52 2020
11,2020,Edo,4,20,1,0,seed_annual_estimate,,NCDC sitrep 52 2020
11,2020,Enugu,0,1,0,0,seed_annual_estimate,,NCDC sitrep 52 2020
11,2020,Imo,0,1,0,0,seed_annual_estimate,,NCDC sitrep 52 2020
11,2020,Kogi,0,2,0,0,seed_annual_estimate,,NCDC sitrep 52 2020
11,2020,Nasarawa,0,2,0,0,seed_annual_estimate,,NCDC sitrep 52 2020
11,2020,Ondo,3,13,1,0,seed_annual_estimate,,NCDC sitrep 52 2020
11,2020,Plateau,0,2,0,0,seed_annual_estimate,,NCDC sitrep 52 2020
11,2020,Taraba,1,7,0,0,seed_annual_estimate,,NCDC sitrep 52 2020
12,2020,Adamawa,0,1,0,0,seed_annual_estimate,,NCDC sitrep 52 2020
12,2020,Anambra,1,3,0,0,seed_annual_estimate,,NCDC sitrep 52 2020
12,2020,Bauchi,2,8,0,0,seed_annual_estimate,,NCDC sitrep 52 2020
12,2020,Benue,0,2,0,0,seed_annual_estimate,,NCDC sitrep 52 2020
12,2020,Cross River,0,1,0,0,seed_annual_estimate,,NCDC sitrep 52 2020
12,2020,Delta,1,3,0,0,seed_annual_estimate,,NCDC sitrep 52 2020
12,2020,Ebonyi,1,6,0,0,seed_annual_estimate,,NCDC sitrep 52 2020
12,2020,Edo,4,20,1,0,seed_annual_estimate,,NCDC sitrep 52 2020
12,2020,Enugu,0,1,0,0,seed_annual_estimate,,NCDC sitrep 52 2020
12,2020,Imo,0,1,0,0,seed_annual_estimate,,NCDC sitrep 52 2020
12,2020,Kogi,0,2,0,0,seed_annual_estimate,,NCDC sitrep 52 2020
12,2020,Nasarawa,0,2,0,0,seed_annual_estimate,,NCDC sitrep 52 2020
12,2020,Ondo,3,13,1,0,seed_annual_estimate,,NCDC sitrep 52 2020
12,2020,Plateau,0,2,0,0,seed_annual_estimate,,NCDC sitrep 52 2020
12,2020,Taraba,1,7,0,0,seed_annual_estimate,,NCDC sitrep 52 2020
13,2020,Adamawa,0,1,0,0,seed_annual_estimate,,NCDC sitrep 52 2020
13,2020,Anambra,1,3,0,0,seed_annual_estimate,,NCDC sitrep 52 2020
13,2020,Bauchi,2,8,0,0,seed_annual_estimate,,NCDC sitrep 52 2020
13,2020,Benue,0,2,0,0,seed_annual_estimate,,NCDC sitrep 52 2020
13,2020,Cross River,0,1,0,0,seed_annual_estimate,,NCDC sitrep 52 2020
13,2020,Delta,1,3,0,0,seed_annual_estimate,,NCDC sitrep 52 2020
13,2020,Ebonyi,1,6,0,0,seed_annual_estimate,,NCDC sitrep 52 2020
13,2020,Edo,4,20,1,0,seed_annual_estimate,,NCDC sitrep 52 2020
13,2020,Enugu,0,1,0,0,seed_annual_estimate,,NCDC sitrep 52 2020
13,2020,Imo,0,1,0,0,seed_annual_estimate,,NCDC sitrep 52 2020
13,2020,Kogi,0,2,0,0,seed_annual_estimate,,NCDC sitrep 52 2020
13,2020,Nasarawa,0,2,0,0,seed_annual_estimate,,NCDC sitrep 52 2020
13,2020,Ondo,3,13,1,0,seed_annual_estimate,,NCDC sitrep 52 2020
13,2020,Plateau,0,2,0,0,seed_annual_estimate,,NCDC sitrep 52 2020
13,2020,Taraba,1,7,0,0,seed_annual_estimate,,NCDC sitrep 52 2020
14,2020,Adamawa,0,1,0,0,seed_annual_estimate,,NCDC sitrep 52 2020
14,2020,Anambra,1,3,0,0,seed_annual_estimate,,NCDC sitrep 52 2020
14,2020,Bauchi,2,8,0,0,seed_annual_estimate,,NCDC sitrep 52 2020
14,2020,Benue,0,2,0,0,seed_annual_estimate,,NCDC sitrep 52 2020
14,2020,Cross River,0,1,0,0,seed_annual_estimate,,NCDC sitrep 52 2020
14,2020,Delta,1,3,0,0,seed_annual_estimate,,NCDC sitrep 52 2020
14,2020,Ebonyi,1,6,0,0,seed_annual_estimate,,NCDC sitrep 52 2020
14,2020,Edo,4,20,1,0,seed_annual_estimate,,NCDC sitrep 52 2020
14,2020,Enugu,0,1,0,0,seed_annual_estimate,,NCDC sitrep 52 2020
14,2020,Imo,0,1,0,0,seed_annual_estimate,,NCDC sitrep 52 2020
14,2020,Kogi,0,2,0,0,seed_annual_estimate,,NCDC sitrep 52 2020
14,2020,Nasarawa,0,2,0,0,seed_annual_estimate,,NCDC sitrep 52 2020
14,2020,Ondo,3,13,1,0,seed_annual_estimate,,NCDC sitrep 52 2020
14,2020,Plateau,0,2,0,0,seed_annual_estimate,,NCDC sitrep 52 2020
14,2020,Taraba,1,7,0,0,seed_annual_estimate,,NCDC sitrep 52 2020
15,2020,Adamawa,0,1,0,0,seed_annual_estimate,,NCDC sitrep 52 2020
15,2020,Anambra,1,3,0,0,seed_annual_estimate,,NCDC sitrep 52 2020
15,2020,Bauchi,2,8,0,0,seed_annual_estimate,,NCDC sitrep 52 2020
15,2020,Benue,0,2,0,0,seed_annual_estimate,,NCDC sitrep 52 2020
15,2020,Cross River,0,1,0,0,seed_annual_estimate,,NCDC sitrep 52 2020
15,2020,Delta,1,3,0,0,seed_annual_estimate,,NCDC sitrep 52 2020
15,2020,Ebonyi,1,6,0,0,seed_annual_estimate,,NCDC sitrep 52 2020
15,2020,Edo,4,20,1,0,seed_annual_estimate,,NCDC sitrep 52 2020
15,2020,Enugu,0,1,0,0,seed_annual_estimate,,NCDC sitrep 52 2020
15,2020,Imo,0,1,0,0,seed_annual_estimate,,NCDC sitrep 52 2020
15,2020,Kogi,0,2,0,0,seed_annual_estimate,,NCDC sitrep 52 2020
15,2020,Nasarawa,0,2,0,0,seed_annual_estimate,,NCDC sitrep 52 2020
15,2020,Ondo,3,13,1,0,seed_annual_estimate,,NCDC sitrep 52 2020
15,2020,Plateau,0,2,0,0,seed_annual_estimate,,NCDC sitrep 52 2020
15,2020,Taraba,1,7,0,0,seed_annual_estimate,,NCDC sitrep 52 2020
16,2020,Adamawa,0,1,0,0,seed_annual_estimate,,NCDC sitrep 52 2020
16,2020,Anambra,1,3,0,0,seed_annual_estimate,,NCDC sitrep 52 2020
16,2020,Bauchi,2,8,0,0,seed_annual_estimate,,NCDC sitrep 52 2020
16,2020,Benue,0,2,0,0,seed_annual_estimate,,NCDC sitrep 52 2020
16,2020,Cross River,0,1,0,0,seed_annual_estimate,,NCDC sitrep 52 2020
16,2020,Delta,1,3,0,0,seed_annual_estimate,,NCDC sitrep 52 2020
16,2020,Ebonyi,1,6,0,0,seed_annual_estimate,,NCDC sitrep 52 2020
16,2020,Edo,4,20,1,0,seed_annual_estimate,,NCDC sitrep 52 2020
16,2020,Enugu,0,1,0,0,seed_annual_estimate,,NCDC sitrep 52 2020
16,2020,Imo,0,1,0,0,seed_annual_estimate,,NCDC sitrep 52 2020
16,2020,Kogi,0,2,0,0,seed_annual_estimate,,NCDC sitrep 52 2020
16,2020,Nasarawa,0,2,0,0,seed_annual_estimate,,NCDC sitrep 52 2020
16,2020,Ondo,3,13,1,0,seed_annual_estimate,,NCDC sitrep 52 2020
16,2020,Plateau,0,2,0,0,seed_annual_estimate,,NCDC sitrep 52 2020
16,2020,Taraba,1,7,0,0,seed_annual_estimate,,NCDC sitrep 52 2020
17,2020,Adamawa,0,1,0,0,seed_annual_estimate,,NCDC sitrep 52 2020
17,2020,Anambra,1,3,0,0,seed_annual_estimate,,NCDC sitrep 52 2020
17,2020,Bauchi,2,8,0,0,seed_annual_estimate,,NCDC sitrep 52 2020
17,2020,Benue,0,2,0,0,seed_annual_estimate,,NCDC sitrep 52 2020
17,2020,Cross River,0,1,0,0,seed_annual_estimate,,NCDC sitrep 52 2020
17,2020,Delta,1,3,0,0,seed_annual_estimate,,NCDC sitrep 52 2020
17,2020,Ebonyi,1,6,0,0,seed_annual_estimate,,NCDC sitrep 52 2020
17,2020,Edo,4,20,1,0,seed_annual_estimate,,NCDC sitrep 52 2020
17,2020,Enugu,0,1,0,0,seed_annual_estimate,,NCDC sitrep 52 2020
17,2020,Imo,0,1,0,0,seed_annual_estimate,,NCDC sitrep 52 2020
17,2020,Kogi,0,2,0,0,seed_annual_estimate,,NCDC sitrep 52 2020
17,2020,Nasarawa,0,2,0,0,seed_annual_estimate,,NCDC sitrep 52 2020
17,2020,Ondo,3,13,1,0,seed_annual_estimate,,NCDC sitrep 52 2020
17,2020,Plateau,0,2,0,0,seed_annual_estimate,,NCDC sitrep 52 2020
17,2020,Taraba,1,7,0,0,seed_annual_estimate,,NCDC sitrep 52 2020
18,2020,Adamawa,0,2,0,0,seed_annual_estimate,,NCDC sitrep 52 2020
18,2020,Anambra,1,6,0,0,seed_annual_estimate,,NCDC sitrep 52 2020
18,2020,Bauchi,4,17,1,0,seed_annual_estimate,,NCDC sitrep 52 2020
18,2020,Benue,1,5,0,0,seed_annual_estimate,,NCDC sitrep 52 2020
18,2020,Cross River,0,2,0,0,seed_annual_estimate,,NCDC sitrep 52 2020
18,2020,Delta,1,6,0,0,seed_annual_estimate,,NCDC sitrep 52 2020
18,2020,Ebonyi,3,13,1,0,seed_annual_estimate,,NCDC sitrep 52 2020
18,2020,Edo,9,44,2,0,seed_annual_estimate,,NCDC sitrep 52 2020
18,2020,Enugu,1,3,0,0,seed_annual_estimate,,NCDC sitrep 52 2020
18,2020,Imo,0,1,0,0,seed_annual_estimate,,NCDC sitrep 52 2020
18,2020,Kogi,1,4,0,0,seed_annual_estimate,,NCDC sitrep 52 2020
18,2020,Nasarawa,1,4,0,0,seed_annual_estimate,,NCDC sitrep 52 2020
18,2020,Ondo,6,28,1,0,seed_annual_estimate,,NCDC sitrep 52 2020
18,2020,Plateau,1,3,0,0,seed_annual_estimate,,NCDC sitrep 52 2020
18,2020,Taraba,3,15,1,0,seed_annual_estimate,,NCDC sitrep 52 2020
19,2020,Adamawa,0,2,0,0,seed_annual_estimate,,NCDC sitrep 52 2020
19,2020,Anambra,1,6,0,0,seed_annual_estimate,,NCDC sitrep 52 2020
19,2020,Bauchi,4,17,1,0,seed_annual_estimate,,NCDC sitrep 52 2020
19,2020,Benue,1,5,0,0,seed_annual_estimate,,NCDC sitrep 52 2020
19,2020,Cross River,0,2,0,0,seed_annual_estimate,,NCDC sitrep 52 2020
19,2020,Delta,1,6,0,0,seed_annual_estimate,,NCDC sitrep 52 2020
19,2020,Ebonyi,3,13,1,0,seed_annual_estimate,,NCDC sitrep 52 2020
19,2020,Edo,9,44,2,0,seed_annual_estimate,,NCDC sitrep 52 2020
19,2020,Enugu,1,3,0,0,seed_annual_estimate,,NCDC sitrep 52 2020
19,2020,Imo,0,1,0,0,seed_annual_estimate,,NCDC sitrep 52 2020
19,2020,Kogi,1,4,0,0,seed_annual_estimate,,NCDC sitrep 52 2020
19,2020,Nasarawa,1,4,0,0,seed_annual_estimate,,NCDC sitrep 52 2020
19,2020,Ondo,6,28,1,0,seed_annual_estimate,,NCDC sitrep 52 2020
19,2020,Plateau,1,3,0,0,seed_annual_estimate,,NCDC sitrep 52 2020
19,2020,Taraba,3,15,1,0,seed_annual_estimate,,NCDC sitrep 52 2020
20,2020,Adamawa,0,2,0,0,seed_annual_estimate,,NCDC sitrep 52 2020
20,2020,Anambra,1,6,0,0,seed_annual_estimate,,NCDC sitrep 52 2020
20,2020,Bauchi,4,17,1,0,seed_annual_estimate,,NCDC sitrep 52 2020
20,2020,Benue,1,5,0,0,seed_annual_estimate,,NCDC sitrep 52 2020
20,2020,Cross River,0,2,0,0,seed_annual_estimate,,NCDC sitrep 52 2020
20,2020,Delta,1,6,0,0,seed_annual_estimate,,NCDC sitrep 52 2020
20,2020,Ebonyi,3,13,1,0,seed_annual_estimate,,NCDC sitrep 52 2020
20,2020,Edo,9,44,2,0,seed_annual_estimate,,NCDC sitrep 52 2020
20,2020,Enugu,1,3,0,0,seed_annual_estimate,,NCDC sitrep 52 2020
20,2020,Imo,0,1,0,0,seed_annual_estimate,,NCDC sitrep 52 2020
20,2020,Kogi,1,4,0,0,seed_annual_estimate,,NCDC sitrep 52 2020
20,2020,Nasarawa,1,4,0,0,seed_annual_estimate,,NCDC sitrep 52 2020
20,2020,Ondo,6,28,1,0,seed_annual_estimate,,NCDC sitrep 52 2020
20,2020,Plateau,1,3,0,0,seed_annual_estimate,,NCDC sitrep 52 2020
20,2020,Taraba,3,15,1,0,seed_annual_estimate,,NCDC sitrep 52 2020
21,2020,Adamawa,0,2,0,0,seed_annual_estimate,,NCDC sitrep 52 2020
21,2020,Anambra,1,6,0,0,seed_annual_estimate,,NCDC sitrep 52 2020
21,2020,Bauchi,4,17,1,0,seed_annual_estimate,,NCDC sitrep 52 2020
21,2020,Benue,1,5,0,0,seed_annual_estimate,,NCDC sitrep 52 2020
21,2020,Cross River,0,2,0,0,seed_annual_estimate,,NCDC sitrep 52 2020
21,2020,Delta,1,6,0,0,seed_annual_estimate,,NCDC sitrep 52 2020
21,2020,Ebonyi,3,13,1,0,seed_annual_estimate,,NCDC sitrep 52 2020
21,2020,Edo,9,44,2,0,seed_annual_estimate,,NCDC sitrep 52 2020
21,2020,Enugu,1,3,0,0,seed_annual_estimate,,NCDC sitrep 52 2020
21,2020,Imo,0,1,0,0,seed_annual_estimate,,NCDC sitrep 52 2020
21,2020,Kogi,1,4,0,0,seed_annual_estimate,,NCDC sitrep 52 2020
21,2020,Nasarawa,1,4,0,0,seed_annual_estimate,,NCDC sitrep 52 2020
21,2020,Ondo,6,28,1,0,seed_annual_estimate,,NCDC sitrep 52 2020
21,2020,Plateau,1,3,0,0,seed_annual_estimate,,NCDC sitrep 52 2020
21,2020,Taraba,3,15,1,0,seed_annual_estimate,,NCDC sitrep 52 2020
22,2020,Adamawa,0,2,0,0,seed_annual_estimate,,NCDC sitrep 52 2020
22,2020,Anambra,1,6,0,0,seed_annual_estimate,,NCDC sitrep 52 2020
22,2020,Bauchi,4,17,1,0,seed_annual_estimate,,NCDC sitrep 52 2020
22,2020,Benue,1,5,0,0,seed_annual_estimate,,NCDC sitrep 52 2020
22,2020,Cross River,0,2,0,0,seed_annual_estimate,,NCDC sitrep 52 2020
22,2020,Delta,1,6,0,0,seed_annual_estimate,,NCDC sitrep 52 2020
22,2020,Ebonyi,3,13,1,0,seed_annual_estimate,,NCDC sitrep 52 2020
22,2020,Edo,9,44,2,0,seed_annual_estimate,,NCDC sitrep 52 2020
22,2020,Enugu,1,3,0,0,seed_annual_estimate,,NCDC sitrep 52 2020
22,2020,Imo,0,1,0,0,seed_annual_estimate,,NCDC sitrep 52 2020
22,2020,Kogi,1,4,0,0,seed_annual_estimate,,NCDC sitrep 52 2020
22,2020,Nasarawa,1,4,0,0,seed_annual_estimate,,NCDC sitrep 52 2020
22,2020,Ondo,6,28,1,0,seed_annual_estimate,,NCDC sitrep 52 2020
22,2020,Plateau,1,3,0,0,seed_annual_estimate,,NCDC sitrep 52 2020
22,2020,Taraba,3,15,1,0,seed_annual_estimate,,NCDC sitrep 52 2020
23,2020,Adamawa,0,2,0,0,seed_annual_estimate,,NCDC sitrep 52 2020
23,2020,Anambra,1,6,0,0,seed_annual_estimate,,NCDC sitrep 52 2020
23,2020,Bauchi,4,17,1,0,seed_annual_estimate,,NCDC sitrep 52 2020
23,2020,Benue,1,5,0,0,seed_annual_estimate,,NCDC sitrep 52 2020
23,2020,Cross River,0,2,0,0,seed_annual_estimate,,NCDC sitrep 52 2020
23,2020,Delta,1,6,0,0,seed_annual_estimate,,NCDC sitrep 52 2020
23,2020,Ebonyi,3,13,1,0,seed_annual_estimate,,NCDC sitrep 52 2020
23,2020,Edo,9,44,2,0,seed_annual_estimate,,NCDC sitrep 52 2020
23,2020,Enugu,1,3,0,0,seed_annual_estimate,,NCDC sitrep 52 2020
23,2020,Imo,0,1,0,0,seed_annual_estimate,,NCDC sitrep 52 2020
23,2020,Kogi,1,4,0,0,seed_annual_estimate,,NCDC sitrep 52 2020
23,2020,Nasarawa,1,4,0,0,seed_annual_estimate,,NCDC sitrep 52 2020
23,2020,Ondo,6,28,1,0,seed_annual_estimate,,NCDC sitrep 52 2020
23,2020,Plateau,1,3,0,0,seed_annual_estimate,,NCDC sitrep 52 2020
23,2020,Taraba,3,15,1,0,seed_annual_estimate,,NCDC sitrep 52 2020
24,2020,Adamawa,0,2,0,0,seed_annual_estimate,,NCDC sitrep 52 2020
24,2020,Anambra,1,6,0,0,seed_annual_estimate,,NCDC sitrep 52 2020
24,2020,Bauchi,4,17,1,0,seed_annual_estimate,,NCDC sitrep 52 2020
24,2020,Benue,1,5,0,0,seed_annual_estimate,,NCDC sitrep 52 2020
24,2020,Cross River,0,2,0,0,seed_annual_estimate,,NCDC sitrep 52 2020
24,2020,Delta,1,6,0,0,seed_annual_estimate,,NCDC sitrep 52 2020
24,2020,Ebonyi,3,13,1,0,seed_annual_estimate,,NCDC sitrep 52 2020
24,2020,Edo,9,44,2,0,seed_annual_estimate,,NCDC sitrep 52 2020
24,2020,Enugu,1,3,0,0,seed_annual_estimate,,NCDC sitrep 52 2020
24,2020,Imo,0,1,0,0,seed_annual_estimate,,NCDC sitrep 52 2020
24,2020,Kogi,1,4,0,0,seed_annual_estimate,,NCDC sitrep 52 2020
24,2020,Nasarawa,1,4,0,0,seed_annual_estimate,,NCDC sitrep 52 2020
24,2020,Ondo,6,28,1,0,seed_annual_estimate,,NCDC sitrep 52 2020
24,2020,Plateau,1,3,0,0,seed_annual_estimate,,NCDC sitrep 52 2020
24,2020,Taraba,3,15,1,0,seed_annual_estimate,,NCDC sitrep 52 2020
25,2020,Adamawa,0,2,0,0,seed_annual_estimate,,NCDC sitrep 52 2020
25,2020,Anambra,1,6,0,0,seed_annual_estimate,,NCDC sitrep 52 2020
25,2020,Bauchi,4,17,1,0,seed_annual_estimate,,NCDC sitrep 52 2020
25,2020,Benue,1,5,0,0,seed_annual_estimate,,NCDC sitrep 52 2020
25,2020,Cross River,0,2,0,0,seed_annual_estimate,,NCDC sitrep 52 2020
25,2020,Delta,1,6,0,0,seed_annual_estimate,,NCDC sitrep 52 2020
25,2020,Ebonyi,3,13,1,0,seed_annual_estimate,,NCDC sitrep 52 2020
25,2020,Edo,9,44,2,0,seed_annual_estimate,,NCDC sitrep 52 2020
25,2020,Enugu,1,3,0,0,seed_annual_estimate,,NCDC sitrep 52 2020
25,2020,Imo,0,1,0,0,seed_annual_estimate,,NCDC sitrep 52 2020
25,2020,Kogi,1,4,0,0,seed_annual_estimate,,NCDC sitrep 52 2020
25,2020,Nasarawa,1,4,0,0,seed_annual_estimate,,NCDC sitrep 52 2020
25,2020,Ondo,6,28,1,0,seed_annual_estimate,,NCDC sitrep 52 2020
25,2020,Plateau,1,3,0,0,seed_annual_estimate,,NCDC sitrep 52 2020
25,2020,Taraba,3,15,1,0,seed_annual_estimate,,NCDC sitrep 52 2020
26,2020,Adamawa,0,2,0,0,seed_annual_estimate,,NCDC sitrep 52 2020
26,2020,Anambra,1,6,0,0,seed_annual_estimate,,NCDC sitrep 52 2020
26,2020,Bauchi,4,17,1,0,seed_annual_estimate,,NCDC sitrep 52 2020
26,2020,Benue,1,5,0,0,seed_annual_estimate,,NCDC sitrep 52 2020
26,2020,Cross River,0,2,0,0,seed_annual_estimate,,NCDC sitrep 52 2020
26,2020,Delta,1,6,0,0,seed_annual_estimate,,NCDC sitrep 52 2020
26,2020,Ebonyi,3,13,1,0,seed_annual_estimate,,NCDC sitrep 52 2020
26,2020,Edo,9,44,2,0,seed_annual_estimate,,NCDC sitrep 52 2020
26,2020,Enugu,1,3,0,0,seed_annual_estimate,,NCDC sitrep 52 2020
26,2020,Imo,0,1,0,0,seed_annual_estimate,,NCDC sitrep 52 2020
26,2020,Kogi,1,4,0,0,seed_annual_estimate,,NCDC sitrep 52 2020
26,2020,Nasarawa,1,4,0,0,seed_annual_estimate,,NCDC sitrep 52 2020
26,2020,Ondo,6,28,1,0,seed_annual_estimate,,NCDC sitrep 52 2020
26,2020,Plateau,1,3,0,0,seed_annual_estimate,,NCDC sitrep 52 2020
26,2020,Taraba,3,15,1,0,seed_annual_estimate,,NCDC sitrep 52 2020
27,2020,Adamawa,0,2,0,0,seed_annual_estimate,,NCDC sitrep 52 2020
27,2020,Anambra,1,6,0,0,seed_annual_estimate,,NCDC sitrep 52 2020
27,2020,Bauchi,4,17,1,0,seed_annual_estimate,,NCDC sitrep 52 2020
27,2020,Benue,1,5,0,0,seed_annual_estimate,,NCDC sitrep 52 2020
27,2020,Cross River,0,2,0,0,seed_annual_estimate,,NCDC sitrep 52 2020
27,2020,Delta,1,6,0,0,seed_annual_estimate,,NCDC sitrep 52 2020
27,2020,Ebonyi,3,13,1,0,seed_annual_estimate,,NCDC sitrep 52 2020
27,2020,Edo,9,44,2,0,seed_annual_estimate,,NCDC sitrep 52 2020
27,2020,Enugu,1,3,0,0,seed_annual_estimate,,NCDC sitrep 52 2020
27,2020,Imo,0,1,0,0,seed_annual_estimate,,NCDC sitrep 52 2020
27,2020,Kogi,1,4,0,0,seed_annual_estimate,,NCDC sitrep 52 2020
27,2020,Nasarawa,1,4,0,0,seed_annual_estimate,,NCDC sitrep 52 2020
27,2020,Ondo,6,28,1,0,seed_annual_estimate,,NCDC sitrep 52 2020
27,2020,Plateau,1,3,0,0,seed_annual_estimate,,NCDC sitrep 52 2020
27,2020,Taraba,3,15,1,0,seed_annual_estimate,,NCDC sitrep 52 2020
28,2020,Adamawa,0,2,0,0,seed_annual_estimate,,NCDC sitrep 52 2020
28,2020,Anambra,1,6,0,0,seed_annual_estimate,,NCDC sitrep 52 2020
28,2020,Bauchi,4,17,1,0,seed_annual_estimate,,NCDC sitrep 52 2020
28,2020,Benue,1,5,0,0,seed_annual_estimate,,NCDC sitrep 52 2020
28,2020,Cross River,0,2,0,0,seed_annual_estimate,,NCDC sitrep 52 2020
28,2020,Delta,1,6,0,0,seed_annual_estimate,,NCDC sitrep 52 2020
28,2020,Ebonyi,3,13,1,0,seed_annual_estimate,,NCDC sitrep 52 2020
28,2020,Edo,9,44,2,0,seed_annual_estimate,,NCDC sitrep 52 2020
28,2020,Enugu,1,3,0,0,seed_annual_estimate,,NCDC sitrep 52 2020
28,2020,Imo,0,1,0,0,seed_annual_estimate,,NCDC sitrep 52 2020
28,2020,Kogi,1,4,0,0,seed_annual_estimate,,NCDC sitrep 52 2020
28,2020,Nasarawa,1,4,0,0,seed_annual_estimate,,NCDC sitrep 52 2020
28,2020,Ondo,6,28,1,0,seed_annual_estimate,,NCDC sitrep 52 2020
28,2020,Plateau,1,3,0,0,seed_annual_estimate,,NCDC sitrep 52 2020
28,2020,Taraba,3,15,1,0,seed_annual_estimate,,NCDC sitrep 52 2020
29,2020,Adamawa,0,2,0,0,seed_annual_estimate,,NCDC sitrep 52 2020
29,2020,Anambra,1,6,0,0,seed_annual_estimate,,NCDC sitrep 52 2020
29,2020,Bauchi,4,17,1,0,seed_annual_estimate,,NCDC sitrep 52 2020
29,2020,Benue,1,5,0,0,seed_annual_estimate,,NCDC sitrep 52 2020
29,2020,Cross River,0,2,0,0,seed_annual_estimate,,NCDC sitrep 52 2020
29,2020,Delta,1,6,0,0,seed_annual_estimate,,NCDC sitrep 52 2020
29,2020,Ebonyi,3,13,1,0,seed_annual_estimate,,NCDC sitrep 52 2020
29,2020,Edo,9,44,2,0,seed_annual_estimate,,NCDC sitrep 52 2020
29,2020,Enugu,1,3,0,0,seed_annual_estimate,,NCDC sitrep 52 2020
29,2020,Imo,0,1,0,0,seed_annual_estimate,,NCDC sitrep 52 2020
29,2020,Kogi,1,4,0,0,seed_annual_estimate,,NCDC sitrep 52 2020
29,2020,Nasarawa,1,4,0,0,seed_annual_estimate,,NCDC sitrep 52 2020
29,2020,Ondo,6,28,1,0,seed_annual_estimate,,NCDC sitrep 52 2020
29,2020,Plateau,1,3,0,0,seed_annual_estimate,,NCDC sitrep 52 2020
29,2020,Taraba,3,15,1,0,seed_annual_estimate,,NCDC sitrep 52 2020
30,2020,Adamawa,0,2,0,0,seed_annual_estimate,,NCDC sitrep 52 2020
30,2020,Anambra,1,6,0,0,seed_annual_estimate,,NCDC sitrep 52 2020
30,2020,Bauchi,4,17,1,0,seed_annual_estimate,,NCDC sitrep 52 2020
30,2020,Benue,1,5,0,0,seed_annual_estimate,,NCDC sitrep 52 2020
30,2020,Cross River,0,2,0,0,seed_annual_estimate,,NCDC sitrep 52 2020
30,2020,Delta,1,6,0,0,seed_annual_estimate,,NCDC sitrep 52 2020
30,2020,Ebonyi,3,13,1,0,seed_annual_estimate,,NCDC sitrep 52 2020
30,2020,Edo,9,44,2,0,seed_annual_estimate,,NCDC sitrep 52 2020
30,2020,Enugu,1,3,0,0,seed_annual_estimate,,NCDC sitrep 52 2020
30,2020,Imo,0,1,0,0,seed_annual_estimate,,NCDC sitrep 52 2020
30,2020,Kogi,1,4,0,0,seed_annual_estimate,,NCDC sitrep 52 2020
30,2020,Nasarawa,1,4,0,0,seed_annual_estimate,,NCDC sitrep 52 2020
30,2020,Ondo,6,28,1,0,seed_annual_estimate,,NCDC sitrep 52 2020
30,2020,Plateau,1,3,0,0,seed_annual_estimate,,NCDC sitrep 52 2020
30,2020,Taraba,3,15,1,0,seed_annual_estimate,,NCDC sitrep 52 2020
31,2020,Adamawa,0,2,0,0,seed_annual_estimate,,NCDC sitrep 52 2020
31,2020,Anambra,1,6,0,0,seed_annual_estimate,,NCDC sitrep 52 2020
31,2020,Bauchi,4,17,1,0,seed_annual_estimate,,NCDC sitrep 52 2020
31,2020,Benue,1,5,0,0,seed_annual_estimate,,NCDC sitrep 52 2020
31,2020,Cross River,0,2,0,0,seed_annual_estimate,,NCDC sitrep 52 2020
31,2020,Delta,1,6,0,0,seed_annual_estimate,,NCDC sitrep 52 2020
31,2020,Ebonyi,3,13,1,0,seed_annual_estimate,,NCDC sitrep 52 2020
31,2020,Edo,9,44,2,0,seed_annual_estimate,,NCDC sitrep 52 2020
31,2020,Enugu,1,3,0,0,seed_annual_estimate,,NCDC sitrep 52 2020
31,2020,Imo,0,1,0,0,seed_annual_estimate,,NCDC sitrep 52 2020
31,2020,Kogi,1,4,0,0,seed_annual_estimate,,NCDC sitrep 52 2020
31,2020,Nasarawa,1,4,0,0,seed_annual_estimate,,NCDC sitrep 52 2020
31,2020,Ondo,6,28,1,0,seed_annual_estimate,,NCDC sitrep 52 2020
31,2020,Plateau,1,3,0,0,seed_annual_estimate,,NCDC sitrep 52 2020
31,2020,Taraba,3,15,1,0,seed_annual_estimate,,NCDC sitrep 52 2020
32,2020,Adamawa,0,2,0,0,seed_annual_estimate,,NCDC sitrep 52 2020
32,2020,Anambra,1,6,0,0,seed_annual_estimate,,NCDC sitrep 52 2020
32,2020,Bauchi,4,17,1,0,seed_annual_estimate,,NCDC sitrep 52 2020
32,2020,Benue,1,5,0,0,seed_annual_estimate,,NCDC sitrep 52 2020
32,2020,Cross River,0,2,0,0,seed_annual_estimate,,NCDC sitrep 52 2020
32,2020,Delta,1,6,0,0,seed_annual_estimate,,NCDC sitrep 52 2020
32,2020,Ebonyi,3,13,1,0,seed_annual_estimate,,NCDC sitrep 52 2020
32,2020,Edo,9,44,2,0,seed_annual_estimate,,NCDC sitrep 52 2020
32,2020,Enugu,1,3,0,0,seed_annual_estimate,,NCDC sitrep 52 2020
32,2020,Imo,0,1,0,0,seed_annual_estimate,,NCDC sitrep 52 2020
32,2020,Kogi,1,4,0,0,seed_annual_estimate,,NCDC sitrep 52 2020
32,2020,Nasarawa,1,4,0,0,seed_annual_estimate,,NCDC sitrep 52 2020
32,2020,Ondo,6,28,1,0,seed_annual_estimate,,NCDC sitrep 52 2020
32,2020,Plateau,1,3,0,0,seed_annual_estimate,,NCDC sitrep 52 2020
32,2020,Taraba,3,15,1,0,seed_annual_estimate,,NCDC sitrep 52 2020
33,2020,Adamawa,0,2,0,0,seed_annual_estimate,,NCDC sitrep 52 2020
33,2020,Anambra,1,6,0,0,seed_annual_estimate,,NCDC sitrep 52 2020
33,2020,Bauchi,4,17,1,0,seed_annual_estimate,,NCDC sitrep 52 2020
33,2020,Benue,1,5,0,0,seed_annual_estimate,,NCDC sitrep 52 2020
33,2020,Cross River,0,2,0,0,seed_annual_estimate,,NCDC sitrep 52 2020
33,2020,Delta,1,6,0,0,seed_annual_estimate,,NCDC sitrep 52 2020
33,2020,Ebonyi,3,13,1,0,seed_annual_estimate,,NCDC sitrep 52 2020
33,2020,Edo,9,44,2,0,seed_annual_estimate,,NCDC sitrep 52 2020
33,2020,Enugu,1,3,0,0,seed_annual_estimate,,NCDC sitrep 52 2020
33,2020,Imo,0,1,0,0,seed_annual_estimate,,NCDC sitrep 52 2020
33,2020,Kogi,1,4,0,0,seed_annual_estimate,,NCDC sitrep 52 2020
33,2020,Nasarawa,1,4,0,0,seed_annual_estimate,,NCDC sitrep 52 2020
33,2020,Ondo,6,28,1,0,seed_annual_estimate,,NCDC sitrep 52 2020
33,2020,Plateau,1,3,0,0,seed_annual_estimate,,NCDC sitrep 52 2020
33,2020,Taraba,3,15,1,0,seed_annual_estimate,,NCDC sitrep 52 2020
34,2020,Adamawa,0,2,0,0,seed_annual_estimate,,NCDC sitrep 52 2020
34,2020,Anambra,1,6,0,0,seed_annual_estimate,,NCDC sitrep 52 2020
34,2020,Bauchi,4,17,1,0,seed_annual_estimate,,NCDC sitrep 52 2020
34,2020,Benue,1,5,0,0,seed_annual_estimate,,NCDC sitrep 52 2020
34,2020,Cross River,0,2,0,0,seed_annual_estimate,,NCDC sitrep 52 2020
34,2020,Delta,1,6,0,0,seed_annual_estimate,,NCDC sitrep 52 2020
34,2020,Ebonyi,3,13,1,0,seed_annual_estimate,,NCDC sitrep 52 2020
34,2020,Edo,9,44,2,0,seed_annual_estimate,,NCDC sitrep 52 2020
34,2020,Enugu,1,3,0,0,seed_annual_estimate,,NCDC sitrep 52 2020
34,2020,Imo,0,1,0,0,seed_annual_estimate,,NCDC sitrep 52 2020
34,2020,Kogi,1,4,0,0,seed_annual_estimate,,NCDC sitrep 52 2020
34,2020,Nasarawa,1,4,0,0,seed_annual_estimate,,NCDC sitrep 52 2020
34,2020,Ondo,6,28,1,0,seed_annual_estimate,,NCDC sitrep 52 2020
34,2020,Plateau,1,3,0,0,seed_annual_estimate,,NCDC sitrep 52 2020
34,2020,Taraba,3,15,1,0,seed_annual_estimate,,NCDC sitrep 52 2020
35,2020,Adamawa,0,2,0,0,seed_annual_estimate,,NCDC sitrep 52 2020
35,2020,Anambra,1,6,0,0,seed_annual_estimate,,NCDC sitrep 52 2020
35,2020,Bauchi,4,17,1,0,seed_annual_estimate,,NCDC sitrep 52 2020
35,2020,Benue,1,5,0,0,seed_annual_estimate,,NCDC sitrep 52 2020
35,2020,Cross River,0,2,0,0,seed_annual_estimate,,NCDC sitrep 52 2020
35,2020,Delta,1,6,0,0,seed_annual_estimate,,NCDC sitrep 52 2020
35,2020,Ebonyi,3,13,1,0,seed_annual_estimate,,NCDC sitrep 52 2020
35,2020,Edo,9,44,2,0,seed_annual_estimate,,NCDC sitrep 52 2020
35,2020,Enugu,1,3,0,0,seed_annual_estimate,,NCDC sitrep 52 2020
35,2020,Imo,0,1,0,0,seed_annual_estimate,,NCDC sitrep 52 2020
35,2020,Kogi,1,4,0,0,seed_annual_estimate,,NCDC sitrep 52 2020
35,2020,Nasarawa,1,4,0,0,seed_annual_estimate,,NCDC sitrep 52 2020
35,2020,Ondo,6,28,1,0,seed_annual_estimate,,NCDC sitrep 52 2020
35,2020,Plateau,1,3,0,0,seed_annual_estimate,,NCDC sitrep 52 2020
35,2020,Taraba,3,15,1,0,seed_annual_estimate,,NCDC sitrep 52 2020
36,2020,Adamawa,0,2,0,0,seed_annual_estimate,,NCDC sitrep 52 2020
36,2020,Anambra,1,6,0,0,seed_annual_estimate,,NCDC sitrep 52 2020
36,2020,Bauchi,4,17,1,0,seed_annual_estimate,,NCDC sitrep 52 2020
36,2020,Benue,1,5,0,0,seed_annual_estimate,,NCDC sitrep 52 2020
36,2020,Cross River,0,2,0,0,seed_annual_estimate,,NCDC sitrep 52 2020
36,2020,Delta,1,6,0,0,seed_annual_estimate,,NCDC sitrep 52 2020
36,2020,Ebonyi,3,13,1,0,seed_annual_estimate,,NCDC sitrep 52 2020
36,2020,Edo,9,44,2,0,seed_annual_estimate,,NCDC sitrep 52 2020
36,2020,Enugu,1,3,0,0,seed_annual_estimate,,NCDC sitrep 52 2020
36,2020,Imo,0,1,0,0,seed_annual_estimate,,NCDC sitrep 52 2020
36,2020,Kogi,1,4,0,0,seed_annual_estimate,,NCDC sitrep 52 2020
36,2020,Nasarawa,1,4,0,0,seed_annual_estimate,,NCDC sitrep 52 2020
36,2020,Ondo,6,28,1,0,seed_annual_estimate,,NCDC sitrep 52 2020
36,2020,Plateau,1,3,0,0,seed_annual_estimate,,NCDC sitrep 52 2020
36,2020,Taraba,3,15,1,0,seed_annual_estimate,,NCDC sitrep 52 2020
37,2020,Adamawa,0,2,0,0,seed_annual_estimate,,NCDC sitrep 52 2020
37,2020,Anambra,1,6,0,0,seed_annual_estimate,,NCDC sitrep 52 2020
37,2020,Bauchi,4,17,1,0,seed_annual_estimate,,NCDC sitrep 52 2020
37,2020,Benue,1,5,0,0,seed_annual_estimate,,NCDC sitrep 52 2020
37,2020,Cross River,0,2,0,0,seed_annual_estimate,,NCDC sitrep 52 2020
37,2020,Delta,1,6,0,0,seed_annual_estimate,,NCDC sitrep 52 2020
37,2020,Ebonyi,3,13,1,0,seed_annual_estimate,,NCDC sitrep 52 2020
37,2020,Edo,9,44,2,0,seed_annual_estimate,,NCDC sitrep 52 2020
37,2020,Enugu,1,3,0,0,seed_annual_estimate,,NCDC sitrep 52 2020
37,2020,Imo,0,1,0,0,seed_annual_estimate,,NCDC sitrep 52 2020
37,2020,Kogi,1,4,0,0,seed_annual_estimate,,NCDC sitrep 52 2020
37,2020,Nasarawa,1,4,0,0,seed_annual_estimate,,NCDC sitrep 52 2020
37,2020,Ondo,6,28,1,0,seed_annual_estimate,,NCDC sitrep 52 2020
37,2020,Plateau,1,3,0,0,seed_annual_estimate,,NCDC sitrep 52 2020
37,2020,Taraba,3,15,1,0,seed_annual_estimate,,NCDC sitrep 52 2020
38,2020,Adamawa,0,2,0,0,seed_annual_estimate,,NCDC sitrep 52 2020
38,2020,Anambra,1,6,0,0,seed_annual_estimate,,NCDC sitrep 52 2020
38,2020,Bauchi,4,17,1,0,seed_annual_estimate,,NCDC sitrep 52 2020
38,2020,Benue,1,5,0,0,seed_annual_estimate,,NCDC sitrep 52 2020
38,2020,Cross River,0,2,0,0,seed_annual_estimate,,NCDC sitrep 52 2020
38,2020,Delta,1,6,0,0,seed_annual_estimate,,NCDC sitrep 52 2020
38,2020,Ebonyi,3,13,1,0,seed_annual_estimate,,NCDC sitrep 52 2020
38,2020,Edo,9,44,2,0,seed_annual_estimate,,NCDC sitrep 52 2020
38,2020,Enugu,1,3,0,0,seed_annual_estimate,,NCDC sitrep 52 2020
38,2020,Imo,0,1,0,0,seed_annual_estimate,,NCDC sitrep 52 2020
38,2020,Kogi,1,4,0,0,seed_annual_estimate,,NCDC sitrep 52 2020
38,2020,Nasarawa,1,4,0,0,seed_annual_estimate,,NCDC sitrep 52 2020
38,2020,Ondo,6,28,1,0,seed_annual_estimate,,NCDC sitrep 52 2020
38,2020,Plateau,1,3,0,0,seed_annual_estimate,,NCDC sitrep 52 2020
38,2020,Taraba,3,15,1,0,seed_annual_estimate,,NCDC sitrep 52 2020
39,2020,Adamawa,0,2,0,0,seed_annual_estimate,,NCDC sitrep 52 2020
39,2020,Anambra,1,6,0,0,seed_annual_estimate,,NCDC sitrep 52 2020
39,2020,Bauchi,4,17,1,0,seed_annual_estimate,,NCDC sitrep 52 2020
39,2020,Benue,1,5,0,0,seed_annual_estimate,,NCDC sitrep 52 2020
39,2020,Cross River,0,2,0,0,seed_annual_estimate,,NCDC sitrep 52 2020
39,2020,Delta,1,6,0,0,seed_annual_estimate,,NCDC sitrep 52 2020
39,2020,Ebonyi,3,13,1,0,seed_annual_estimate,,NCDC sitrep 52 2020
39,2020,Edo,9,44,2,0,seed_annual_estimate,,NCDC sitrep 52 2020
39,2020,Enugu,1,3,0,0,seed_annual_estimate,,NCDC sitrep 52 2020
39,2020,Imo,0,1,0,0,seed_annual_estimate,,NCDC sitrep 52 2020
39,2020,Kogi,1,4,0,0,seed_annual_estimate,,NCDC sitrep 52 2020
39,2020,Nasarawa,1,4,0,0,seed_annual_estimate,,NCDC sitrep 52 2020
39,2020,Ondo,6,28,1,0,seed_annual_estimate,,NCDC sitrep 52 2020
39,2020,Plateau,1,3,0,0,seed_annual_estimate,,NCDC sitrep 52 2020
39,2020,Taraba,3,15,1,0,seed_annual_estimate,,NCDC sitrep 52 2020
40,2020,Adamawa,0,2,0,0,seed_annual_estimate,,NCDC sitrep 52 2020
40,2020,Anambra,1,6,0,0,seed_annual_estimate,,NCDC sitrep 52 2020
40,2020,Bauchi,4,17,1,0,seed_annual_estimate,,NCDC sitrep 52 2020
40,2020,Benue,1,5,0,0,seed_annual_estimate,,NCDC sitrep 52 2020
40,2020,Cross River,0,2,0,0,seed_annual_estimate,,NCDC sitrep 52 2020
40,2020,Delta,1,6,0,0,seed_annual_estimate,,NCDC sitrep 52 2020
40,2020,Ebonyi,3,13,1,0,seed_annual_estimate,,NCDC sitrep 52 2020
40,2020,Edo,9,44,2,0,seed_annual_estimate,,NCDC sitrep 52 2020
40,2020,Enugu,1,3,0,0,seed_annual_estimate,,NCDC sitrep 52 2020
40,2020,Imo,0,1,0,0,seed_annual_estimate,,NCDC sitrep 52 2020
40,2020,Kogi,1,4,0,0,seed_annual_estimate,,NCDC sitrep 52 2020
40,2020,Nasarawa,1,4,0,0,seed_annual_estimate,,NCDC sitrep 52 2020
40,2020,Ondo,6,28,1,0,seed_annual_estimate,,NCDC sitrep 52 2020
40,2020,Plateau,1,3,0,0,seed_annual_estimate,,NCDC sitrep 52 2020
40,2020,Taraba,3,15,1,0,seed_annual_estimate,,NCDC sitrep 52 2020
41,2020,Adamawa,0,2,0,0,seed_annual_estimate,,NCDC sitrep 52 2020
41,2020,Anambra,1,6,0,0,seed_annual_estimate,,NCDC sitrep 52 2020
41,2020,Bauchi,4,17,1,0,seed_annual_estimate,,NCDC sitrep 52 2020
41,2020,Benue,1,5,0,0,seed_annual_estimate,,NCDC sitrep 52 2020
41,2020,Cross River,0,2,0,0,seed_annual_estimate,,NCDC sitrep 52 2020
41,2020,Delta,1,6,0,0,seed_annual_estimate,,NCDC sitrep 52 2020
41,2020,Ebonyi,3,13,1,0,seed_annual_estimate,,NCDC sitrep 52 2020
41,2020,Edo,9,44,2,0,seed_annual_estimate,,NCDC sitrep 52 2020
41,2020,Enugu,1,3,0,0,seed_annual_estimate,,NCDC sitrep 52 2020
41,2020,Imo,0,1,0,0,seed_annual_estimate,,NCDC sitrep 52 2020
41,2020,Kogi,1,4,0,0,seed_annual_estimate,,NCDC sitrep 52 2020
41,2020,Nasarawa,1,4,0,0,seed_annual_estimate,,NCDC sitrep 52 2020
41,2020,Ondo,6,28,1,0,seed_annual_estimate,,NCDC sitrep 52 2020
41,2020,Plateau,1,3,0,0,seed_annual_estimate,,NCDC sitrep 52 2020
41,2020,Taraba,3,15,1,0,seed_annual_estimate,,NCDC sitrep 52 2020
42,2020,Adamawa,0,2,0,0,seed_annual_estimate,,NCDC sitrep 52 2020
42,2020,Anambra,1,6,0,0,seed_annual_estimate,,NCDC sitrep 52 2020
42,2020,Bauchi,4,17,1,0,seed_annual_estimate,,NCDC sitrep 52 2020
42,2020,Benue,1,5,0,0,seed_annual_estimate,,NCDC sitrep 52 2020
42,2020,Cross River,0,2,0,0,seed_annual_estimate,,NCDC sitrep 52 2020
42,2020,Delta,1,6,0,0,seed_annual_estimate,,NCDC sitrep 52 2020
42,2020,Ebonyi,3,13,1,0,seed_annual_estimate,,NCDC sitrep 52 2020
42,2020,Edo,9,44,2,0,seed_annual_estimate,,NCDC sitrep 52 2020
42,2020,Enugu,1,3,0,0,seed_annual_estimate,,NCDC sitrep 52 2020
42,2020,Imo,0,1,0,0,seed_annual_estimate,,NCDC sitrep 52 2020
42,2020,Kogi,1,4,0,0,seed_annual_estimate,,NCDC sitrep 52 2020
42,2020,Nasarawa,1,4,0,0,seed_annual_estimate,,NCDC sitrep 52 2020
42,2020,Ondo,6,28,1,0,seed_annual_estimate,,NCDC sitrep 52 2020
42,2020,Plateau,1,3,0,0,seed_annual_estimate,,NCDC sitrep 52 2020
42,2020,Taraba,3,15,1,0,seed_annual_estimate,,NCDC sitrep 52 2020
43,2020,Adamawa,0,2,0,0,seed_annual_estimate,,NCDC sitrep 52 2020
43,2020,Anambra,1,6,0,0,seed_annual_estimate,,NCDC sitrep 52 2020
43,2020,Bauchi,4,17,1,0,seed_annual_estimate,,NCDC sitrep 52 2020
43,2020,Benue,1,5,0,0,seed_annual_estimate,,NCDC sitrep 52 2020
43,2020,Cross River,0,2,0,0,seed_annual_estimate,,NCDC sitrep 52 2020
43,2020,Delta,1,6,0,0,seed_annual_estimate,,NCDC sitrep 52 2020
43,2020,Ebonyi,3,13,1,0,seed_annual_estimate,,NCDC sitrep 52 2020
43,2020,Edo,9,44,2,0,seed_annual_estimate,,NCDC sitrep 52 2020
43,2020,Enugu,1,3,0,0,seed_annual_estimate,,NCDC sitrep 52 2020
43,2020,Imo,0,1,0,0,seed_annual_estimate,,NCDC sitrep 52 2020
43,2020,Kogi,1,4,0,0,seed_annual_estimate,,NCDC sitrep 52 2020
43,2020,Nasarawa,1,4,0,0,seed_annual_estimate,,NCDC sitrep 52 2020
43,2020,Ondo,6,28,1,0,seed_annual_estimate,,NCDC sitrep 52 2020
43,2020,Plateau,1,3,0,0,seed_annual_estimate,,NCDC sitrep 52 2020
43,2020,Taraba,3,15,1,0,seed_annual_estimate,,NCDC sitrep 52 2020
44,2020,Adamawa,0,1,0,0,seed_annual_estimate,,NCDC sitrep 52 2020
44,2020,Anambra,1,3,0,0,seed_annual_estimate,,NCDC sitrep 52 2020
44,2020,Bauchi,2,8,0,0,seed_annual_estimate,,NCDC sitrep 52 2020
44,2020,Benue,0,2,0,0,seed_annual_estimate,,NCDC sitrep 52 2020
44,2020,Cross River,0,1,0,0,seed_annual_estimate,,NCDC sitrep 52 2020
44,2020,Delta,1,3,0,0,seed_annual_estimate,,NCDC sitrep 52 2020
44,2020,Ebonyi,1,6,0,0,seed_annual_estimate,,NCDC sitrep 52 2020
44,2020,Edo,4,20,1,0,seed_annual_estimate,,NCDC sitrep 52 2020
44,2020,Enugu,0,1,0,0,seed_annual_estimate,,NCDC sitrep 52 2020
44,2020,Imo,0,1,0,0,seed_annual_estimate,,NCDC sitrep 52 2020
44,2020,Kogi,0,2,0,0,seed_annual_estimate,,NCDC sitrep 52 2020
44,2020,Nasarawa,0,2,0,0,seed_annual_estimate,,NCDC sitrep 52 2020
44,2020,Ondo,3,13,1,0,seed_annual_estimate,,NCDC sitrep 52 2020
44,2020,Plateau,0,2,0,0,seed_annual_estimate,,NCDC sitrep 52 2020
44,2020,Taraba,1,7,0,0,seed_annual_estimate,,NCDC sitrep 52 2020
45,2020,Adamawa,0,1,0,0,seed_annual_estimate,,NCDC sitrep 52 2020
45,2020,Anambra,1,3,0,0,seed_annual_estimate,,NCDC sitrep 52 2020
45,2020,Bauchi,2,8,0,0,seed_annual_estimate,,NCDC sitrep 52 2020
45,2020,Benue,0,2,0,0,seed_annual_estimate,,NCDC sitrep 52 2020
45,2020,Cross River,0,1,0,0,seed_annual_estimate,,NCDC sitrep 52 2020
45,2020,Delta,1,3,0,0,seed_annual_estimate,,NCDC sitrep 52 2020
45,2020,Ebonyi,1,6,0,0,seed_annual_estimate,,NCDC sitrep 52 2020
45,2020,Edo,4,20,1,0,seed_annual_estimate,,NCDC sitrep 52 2020
45,2020,Enugu,0,1,0,0,seed_annual_estimate,,NCDC sitrep 52 2020
45,2020,Imo,0,1,0,0,seed_annual_estimate,,NCDC sitrep 52 2020
45,2020,Kogi,0,2,0,0,seed_annual_estimate,,NCDC sitrep 52 2020
45,2020,Nasarawa,0,2,0,0,seed_annual_estimate,,NCDC sitrep 52 2020
45,2020,Ondo,3,13,1,0,seed_annual_estimate,,NCDC sitrep 52 2020
45,2020,Plateau,0,2,0,0,seed_annual_estimate,,NCDC sitrep 52 2020
45,2020,Taraba,1,7,0,0,seed_annual_estimate,,NCDC sitrep 52 2020
46,2020,Adamawa,0,1,0,0,seed_annual_estimate,,NCDC sitrep 52 2020
46,2020,Anambra,1,3,0,0,seed_annual_estimate,,NCDC sitrep 52 2020
46,2020,Bauchi,2,8,0,0,seed_annual_estimate,,NCDC sitrep 52 2020
46,2020,Benue,0,2,0,0,seed_annual_estimate,,NCDC sitrep 52 2020
46,2020,Cross River,0,1,0,0,seed_annual_estimate,,NCDC sitrep 52 2020
46,2020,Delta,1,3,0,0,seed_annual_estimate,,NCDC sitrep 52 2020
46,2020,Ebonyi,1,6,0,0,seed_annual_estimate,,NCDC sitrep 52 2020
46,2020,Edo,4,20,1,0,seed_annual_estimate,,NCDC sitrep 52 2020
46,2020,Enugu,0,1,0,0,seed_annual_estimate,,NCDC sitrep 52 2020
46,2020,Imo,0,1,0,0,seed_annual_estimate,,NCDC sitrep 52 2020
46,2020,Kogi,0,2,0,0,seed_annual_estimate,,NCDC sitrep 52 2020
46,2020,Nasarawa,0,2,0,0,seed_annual_estimate,,NCDC sitrep 52 2020
46,2020,Ondo,3,13,1,0,seed_annual_estimate,,NCDC sitrep 52 2020
46,2020,Plateau,0,2,0,0,seed_annual_estimate,,NCDC sitrep 52 2020
46,2020,Taraba,1,7,0,0,seed_annual_estimate,,NCDC sitrep 52 2020
47,2020,Adamawa,0,1,0,0,seed_annual_estimate,,NCDC sitrep 52 2020
47,2020,Anambra,1,3,0,0,seed_annual_estimate,,NCDC sitrep 52 2020
47,2020,Bauchi,2,8,0,0,seed_annual_estimate,,NCDC sitrep 52 2020
47,2020,Benue,0,2,0,0,seed_annual_estimate,,NCDC sitrep 52 2020
47,2020,Cross River,0,1,0,0,seed_annual_estimate,,NCDC sitrep 52 2020
47,2020,Delta,1,3,0,0,seed_annual_estimate,,NCDC sitrep 52 2020
47,2020,Ebonyi,1,6,0,0,seed_annual_estimate,,NCDC sitrep 52 2020
47,2020,Edo,4,20,1,0,seed_annual_estimate,,NCDC sitrep 52 2020
47,2020,Enugu,0,1,0,0,seed_annual_estimate,,NCDC sitrep 52 2020
47,2020,Imo,0,1,0,0,seed_annual_estimate,,NCDC sitrep 52 2020
47,2020,Kogi,0,2,0,0,seed_annual_estimate,,NCDC sitrep 52 2020
47,2020,Nasarawa,0,2,0,0,seed_annual_estimate,,NCDC sitrep 52 2020
47,2020,Ondo,3,13,1,0,seed_annual_estimate,,NCDC sitrep 52 2020
47,2020,Plateau,0,2,0,0,seed_annual_estimate,,NCDC sitrep 52 2020
47,2020,Taraba,1,7,0,0,seed_annual_estimate,,NCDC sitrep 52 2020
48,2020,Adamawa,0,1,0,0,seed_annual_estimate,,NCDC sitrep 52 2020
48,2020,Anambra,1,3,0,0,seed_annual_estimate,,NCDC sitrep 52 2020
48,2020,Bauchi,2,8,0,0,seed_annual_estimate,,NCDC sitrep 52 2020
48,2020,Benue,0,2,0,0,seed_annual_estimate,,NCDC sitrep 52 2020
48,2020,Cross River,0,1,0,0,seed_annual_estimate,,NCDC sitrep 52 2020
48,2020,Delta,1,3,0,0,seed_annual_estimate,,NCDC sitrep 52 2020
48,2020,Ebonyi,1,6,0,0,seed_annual_estimate,,NCDC sitrep 52 2020
48,2020,Edo,4,20,1,0,seed_annual_estimate,,NCDC sitrep 52 2020
48,2020,Enugu,0,1,0,0,seed_annual_estimate,,NCDC sitrep 52 2020
48,2020,Imo,0,1,0,0,seed_annual_estimate,,NCDC sitrep 52 2020
48,2020,Kogi,0,2,0,0,seed_annual_estimate,,NCDC sitrep 52 2020
48,2020,Nasarawa,0,2,0,0,seed_annual_estimate,,NCDC sitrep 52 2020
48,2020,Ondo,3,13,1,0,seed_annual_estimate,,NCDC sitrep 52 2020
48,2020,Plateau,0,2,0,0,seed_annual_estimate,,NCDC sitrep 52 2020
48,2020,Taraba,1,7,0,0,seed_annual_estimate,,NCDC sitrep 52 2020
49,2020,Adamawa,0,1,0,0,seed_annual_estimate,,NCDC sitrep 52 2020
49,2020,Anambra,1,3,0,0,seed_annual_estimate,,NCDC sitrep 52 2020
49,2020,Bauchi,2,8,0,0,seed_annual_estimate,,NCDC sitrep 52 2020
49,2020,Benue,0,2,0,0,seed_annual_estimate,,NCDC sitrep 52 2020
49,2020,Cross River,0,1,0,0,seed_annual_estimate,,NCDC sitrep 52 2020
49,2020,Delta,1,3,0,0,seed_annual_estimate,,NCDC sitrep 52 2020
49,2020,Ebonyi,1,6,0,0,seed_annual_estimate,,NCDC sitrep 52 2020
49,2020,Edo,4,20,1,0,seed_annual_estimate,,NCDC sitrep 52 2020
49,2020,Enugu,0,1,0,0,seed_annual_estimate,,NCDC sitrep 52 2020
49,2020,Imo,0,1,0,0,seed_annual_estimate,,NCDC sitrep 52 2020
49,2020,Kogi,0,2,0,0,seed_annual_estimate,,NCDC sitrep 52 2020
49,2020,Nasarawa,0,2,0,0,seed_annual_estimate,,NCDC sitrep 52 2020
49,2020,Ondo,3,13,1,0,seed_annual_estimate,,NCDC sitrep 52 2020
49,2020,Plateau,0,2,0,0,seed_annual_estimate,,NCDC sitrep 52 2020
49,2020,Taraba,1,7,0,0,seed_annual_estimate,,NCDC sitrep 52 2020
50,2020,Adamawa,0,1,0,0,seed_annual_estimate,,NCDC sitrep 52 2020
50,2020,Anambra,1,3,0,0,seed_annual_estimate,,NCDC sitrep 52 2020
50,2020,Bauchi,2,8,0,0,seed_annual_estimate,,NCDC sitrep 52 2020
50,2020,Benue,0,2,0,0,seed_annual_estimate,,NCDC sitrep 52 2020
50,2020,Cross River,0,1,0,0,seed_annual_estimate,,NCDC sitrep 52 2020
50,2020,Delta,1,3,0,0,seed_annual_estimate,,NCDC sitrep 52 2020
50,2020,Ebonyi,1,6,0,0,seed_annual_estimate,,NCDC sitrep 52 2020
50,2020,Edo,4,20,1,0,seed_annual_estimate,,NCDC sitrep 52 2020
50,2020,Enugu,0,1,0,0,seed_annual_estimate,,NCDC sitrep 52 2020
50,2020,Imo,0,1,0,0,seed_annual_estimate,,NCDC sitrep 52 2020
50,2020,Kogi,0,2,0,0,seed_annual_estimate,,NCDC sitrep 52 2020
50,2020,Nasarawa,0,2,0,0,seed_annual_estimate,,NCDC sitrep 52 2020
50,2020,Ondo,3,13,1,0,seed_annual_estimate,,NCDC sitrep 52 2020
50,2020,Plateau,0,2,0,0,seed_annual_estimate,,NCDC sitrep 52 2020
50,2020,Taraba,1,7,0,0,seed_annual_estimate,,NCDC sitrep 52 2020
51,2020,Adamawa,0,1,0,0,seed_annual_estimate,,NCDC sitrep 52 2020
51,2020,Anambra,1,3,0,0,seed_annual_estimate,,NCDC sitrep 52 2020
51,2020,Bauchi,2,8,0,0,seed_annual_estimate,,NCDC sitrep 52 2020
51,2020,Benue,0,2,0,0,seed_annual_estimate,,NCDC sitrep 52 2020
51,2020,Cross River,0,1,0,0,seed_annual_estimate,,NCDC sitrep 52 2020
51,2020,Delta,1,3,0,0,seed_annual_estimate,,NCDC sitrep 52 2020
51,2020,Ebonyi,1,6,0,0,seed_annual_estimate,,NCDC sitrep 52 2020
51,2020,Edo,4,20,1,0,seed_annual_estimate,,NCDC sitrep 52 2020
51,2020,Enugu,0,1,0,0,seed_annual_estimate,,NCDC sitrep 52 2020
51,2020,Imo,0,1,0,0,seed_annual_estimate,,NCDC sitrep 52 2020
51,2020,Kogi,0,2,0,0,seed_annual_estimate,,NCDC sitrep 52 2020
51,2020,Nasarawa,0,2,0,0,seed_annual_estimate,,NCDC sitrep 52 2020
51,2020,Ondo,3,13,1,0,seed_annual_estimate,,NCDC sitrep 52 2020
51,2020,Plateau,0,2,0,0,seed_annual_estimate,,NCDC sitrep 52 2020
51,2020,Taraba,1,7,0,0,seed_annual_estimate,,NCDC sitrep 52 2020
52,2020,Adamawa,0,1,0,0,seed_annual_estimate,,NCDC sitrep 52 2020
52,2020,Anambra,1,3,0,0,seed_annual_estimate,,NCDC sitrep 52 2020
52,2020,Bauchi,2,8,0,0,seed_annual_estimate,,NCDC sitrep 52 2020
52,2020,Benue,0,2,0,0,seed_annual_estimate,,NCDC sitrep 52 2020
52,2020,Cross River,0,1,0,0,seed_annual_estimate,,NCDC sitrep 52 2020
52,2020,Delta,1,3,0,0,seed_annual_estimate,,NCDC sitrep 52 2020
52,2020,Ebonyi,1,6,0,0,seed_annual_estimate,,NCDC sitrep 52 2020
52,2020,Edo,4,20,1,0,seed_annual_estimate,,NCDC sitrep 52 2020
52,2020,Enugu,0,1,0,0,seed_annual_estimate,,NCDC sitrep 52 2020
52,2020,Imo,0,1,0,0,seed_annual_estimate,,NCDC sitrep 52 2020
52,2020,Kogi,0,2,0,0,seed_annual_estimate,,NCDC sitrep 52 2020
52,2020,Nasarawa,0,2,0,0,seed_annual_estimate,,NCDC sitrep 52 2020
52,2020,Ondo,3,13,1,0,seed_annual_estimate,,NCDC sitrep 52 2020
52,2020,Plateau,0,2,0,0,seed_annual_estimate,,NCDC sitrep 52 2020
52,2020,Taraba,1,7,0,0,seed_annual_estimate,,NCDC sitrep 52 2020
1,2021,Adamawa,0,1,0,0,seed_annual_estimate,,NCDC sitrep 52 2021
1,2021,Anambra,0,2,0,0,seed_annual_estimate,,NCDC sitrep 52 2021
1,2021,Bauchi,1,7,0,0,seed_annual_estimate,,NCDC sitrep 52 2021
1,2021,Benue,0,2,0,0,seed_annual_estimate,,NCDC sitrep 52 2021
1,2021,Cross River,0,1,0,0,seed_annual_estimate,,NCDC sitrep 52 2021
1,2021,Delta,0,2,0,0,seed_annual_estimate,,NCDC sitrep 52 2021
1,2021,Ebonyi,1,5,0,0,seed_annual_estimate,,NCDC sitrep 52 2021
1,2021,Edo,3,17,1,0,seed_annual_estimate,,NCDC sitrep 52 2021
1,2021,Enugu,0,1,0,0,seed_annual_estimate,,NCDC sitrep 52 2021
1,2021,Imo,0,1,0,0,seed_annual_estimate,,NCDC sitrep 52 2021
1,2021,Kogi,0,2,0,0,seed_annual_estimate,,NCDC sitrep 52 2021
1,2021,Nasarawa,0,1,0,0,seed_annual_estimate,,NCDC sitrep 52 2021
1,2021,Ondo,2,11,0,0,seed_annual_estimate,,NCDC sitrep 52 2021
1,2021,Plateau,0,1,0,0,seed_annual_estimate,,NCDC sitrep 52 2021
1,2021,Taraba,1,6,0,0,seed_annual_estimate,,NCDC sitrep 52 2021
2,2021,Adamawa,0,1,0,0,seed_annual_estimate,,NCDC sitrep 52 2021
2,2021,Anambra,0,2,0,0,seed_annual_estimate,,NCDC sitrep 52 2021
2,2021,Bauchi,1,7,0,0,seed_annual_estimate,,NCDC sitrep 52 2021
2,2021,Benue,0,2,0,0,seed_annual_estimate,,NCDC sitrep 52 2021
2,2021,Cross River,0,1,0,0,seed_annual_estimate,,NCDC sitrep 52 2021
2,2021,Delta,0,2,0,0,seed_annual_estimate,,NCDC sitrep 52 2021
2,2021,Ebonyi,1,5,0,0,seed_annual_estimate,,NCDC sitrep 52 2021
2,2021,Edo,3,17,1,0,seed_annual_estimate,,NCDC sitrep 52 2021
2,2021,Enugu,0,1,0,0,seed_annual_estimate,,NCDC sitrep 52 2021
2,2021,Imo,0,1,0,0,seed_annual_estimate,,NCDC sitrep 52 2021
2,2021,Kogi,0,2,0,0,seed_annual_estimate,,NCDC sitrep 52 2021
2,2021,Nasarawa,0,1,0,0,seed_annual_estimate,,NCDC sitrep 52 2021
2,2021,Ondo,2,11,0,0,seed_annual_estimate,,NCDC sitrep 52 2021
2,2021,Plateau,0,1,0,0,seed_annual_estimate,,NCDC sitrep 52 2021
2,2021,Taraba,1,6,0,0,seed_annual_estimate,,NCDC sitrep 52 2021
3,2021,Adamawa,0,1,0,0,seed_annual_estimate,,NCDC sitrep 52 2021
3,2021,Anambra,0,2,0,0,seed_annual_estimate,,NCDC sitrep 52 2021
3,2021,Bauchi,1,7,0,0,seed_annual_estimate,,NCDC sitrep 52 2021
3,2021,Benue,0,2,0,0,seed_annual_estimate,,NCDC sitrep 52 2021
3,2021,Cross River,0,1,0,0,seed_annual_estimate,,NCDC sitrep 52 2021
3,2021,Delta,0,2,0,0,seed_annual_estimate,,NCDC sitrep 52 2021
3,2021,Ebonyi,1,5,0,0,seed_annual_estimate,,NCDC sitrep 52 2021
3,2021,Edo,3,17,1,0,seed_annual_estimate,,NCDC sitrep 52 2021
3,2021,Enugu,0,1,0,0,seed_annual_estimate,,NCDC sitrep 52 2021
3,2021,Imo,0,1,0,0,seed_annual_estimate,,NCDC sitrep 52 2021
3,2021,Kogi,0,2,0,0,seed_annual_estimate,,NCDC sitrep 52 2021
3,2021,Nasarawa,0,1,0,0,seed_annual_estimate,,NCDC sitrep 52 2021
3,2021,Ondo,2,11,0,0,seed_annual_estimate,,NCDC sitrep 52 2021
3,2021,Plateau,0,1,0,0,seed_annual_estimate,,NCDC sitrep 52 2021
3,2021,Taraba,1,6,0,0,seed_annual_estimate,,NCDC sitrep 52 2021
4,2021,Adamawa,0,1,0,0,seed_annual_estimate,,NCDC sitrep 52 2021
4,2021,Anambra,0,2,0,0,seed_annual_estimate,,NCDC sitrep 52 2021
4,2021,Bauchi,1,7,0,0,seed_annual_estimate,,NCDC sitrep 52 2021
4,2021,Benue,0,2,0,0,seed_annual_estimate,,NCDC sitrep 52 2021
4,2021,Cross River,0,1,0,0,seed_annual_estimate,,NCDC sitrep 52 2021
4,2021,Delta,0,2,0,0,seed_annual_estimate,,NCDC sitrep 52 2021
4,2021,Ebonyi,1,5,0,0,seed_annual_estimate,,NCDC sitrep 52 2021
4,2021,Edo,3,17,1,0,seed_annual_estimate,,NCDC sitrep 52 2021
4,2021,Enugu,0,1,0,0,seed_annual_estimate,,NCDC sitrep 52 2021
4,2021,Imo,0,1,0,0,seed_annual_estimate,,NCDC sitrep 52 2021
4,2021,Kogi,0,2,0,0,seed_annual_estimate,,NCDC sitrep 52 2021
4,2021,Nasarawa,0,1,0,0,seed_annual_estimate,,NCDC sitrep 52 2021
4,2021,Ondo,2,11,0,0,seed_annual_estimate,,NCDC sitrep 52 2021
4,2021,Plateau,0,1,0,0,seed_annual_estimate,,NCDC sitrep 52 2021
4,2021,Taraba,1,6,0,0,seed_annual_estimate,,NCDC sitrep 52 2021
5,2021,Adamawa,0,1,0,0,seed_annual_estimate,,NCDC sitrep 52 2021
5,2021,Anambra,0,2,0,0,seed_annual_estimate,,NCDC sitrep 52 2021
5,2021,Bauchi,1,7,0,0,seed_annual_estimate,,NCDC sitrep 52 2021
5,2021,Benue,0,2,0,0,seed_annual_estimate,,NCDC sitrep 52 2021
5,2021,Cross River,0,1,0,0,seed_annual_estimate,,NCDC sitrep 52 2021
5,2021,Delta,0,2,0,0,seed_annual_estimate,,NCDC sitrep 52 2021
5,2021,Ebonyi,1,5,0,0,seed_annual_estimate,,NCDC sitrep 52 2021
5,2021,Edo,3,17,1,0,seed_annual_estimate,,NCDC sitrep 52 2021
5,2021,Enugu,0,1,0,0,seed_annual_estimate,,NCDC sitrep 52 2021
5,2021,Imo,0,1,0,0,seed_annual_estimate,,NCDC sitrep 52 2021
5,2021,Kogi,0,2,0,0,seed_annual_estimate,,NCDC sitrep 52 2021
5,2021,Nasarawa,0,1,0,0,seed_annual_estimate,,NCDC sitrep 52 2021
5,2021,Ondo,2,11,0,0,seed_annual_estimate,,NCDC sitrep 52 2021
5,2021,Plateau,0,1,0,0,seed_annual_estimate,,NCDC sitrep 52 2021
5,2021,Taraba,1,6,0,0,seed_annual_estimate,,NCDC sitrep 52 2021
6,2021,Adamawa,0,1,0,0,seed_annual_estimate,,NCDC sitrep 52 2021
6,2021,Anambra,0,2,0,0,seed_annual_estimate,,NCDC sitrep 52 2021
6,2021,Bauchi,1,7,0,0,seed_annual_estimate,,NCDC sitrep 52 2021
6,2021,Benue,0,2,0,0,seed_annual_estimate,,NCDC sitrep 52 2021
6,2021,Cross River,0,1,0,0,seed_annual_estimate,,NCDC sitrep 52 2021
6,2021,Delta,0,2,0,0,seed_annual_estimate,,NCDC sitrep 52 2021
6,2021,Ebonyi,1,5,0,0,seed_annual_estimate,,NCDC sitrep 52 2021
6,2021,Edo,3,17,1,0,seed_annual_estimate,,NCDC sitrep 52 2021
6,2021,Enugu,0,1,0,0,seed_annual_estimate,,NCDC sitrep 52 2021
6,2021,Imo,0,1,0,0,seed_annual_estimate,,NCDC sitrep 52 2021
6,2021,Kogi,0,2,0,0,seed_annual_estimate,,NCDC sitrep 52 2021
6,2021,Nasarawa,0,1,0,0,seed_annual_estimate,,NCDC sitrep 52 2021
6,2021,Ondo,2,11,0,0,seed_annual_estimate,,NCDC sitrep 52 2021
6,2021,Plateau,0,1,0,0,seed_annual_estimate,,NCDC sitrep 52 2021
6,2021,Taraba,1,6,0,0,seed_annual_estimate,,NCDC sitrep 52 2021
7,2021,Adamawa,0,1,0,0,seed_annual_estimate,,NCDC sitrep 52 2021
7,2021,Anambra,0,2,0,0,seed_annual_estimate,,NCDC sitrep 52 2021
7,2021,Bauchi,1,7,0,0,seed_annual_estimate,,NCDC sitrep 52 2021
7,2021,Benue,0,2,0,0,seed_annual_estimate,,NCDC sitrep 52 2021
7,2021,Cross River,0,1,0,0,seed_annual_estimate,,NCDC sitrep 52 2021
7,2021,Delta,0,2,0,0,seed_annual_estimate,,NCDC sitrep 52 2021
7,2021,Ebonyi,1,5,0,0,seed_annual_estimate,,NCDC sitrep 52 2021
7,2021,Edo,3,17,1,0,seed_annual_estimate,,NCDC sitrep 52 2021
7,2021,Enugu,0,1,0,0,seed_annual_estimate,,NCDC sitrep 52 2021
7,2021,Imo,0,1,0,0,seed_annual_estimate,,NCDC sitrep 52 2021
7,2021,Kogi,0,2,0,0,seed_annual_estimate,,NCDC sitrep 52 2021
7,2021,Nasarawa,0,1,0,0,seed_annual_estimate,,NCDC sitrep 52 2021
7,2021,Ondo,2,11,0,0,seed_annual_estimate,,NCDC sitrep 52 2021
7,2021,Plateau,0,1,0,0,seed_annual_estimate,,NCDC sitrep 52 2021
7,2021,Taraba,1,6,0,0,seed_annual_estimate,,NCDC sitrep 52 2021
8,2021,Adamawa,0,1,0,0,seed_annual_estimate,,NCDC sitrep 52 2021
8,2021,Anambra,0,2,0,0,seed_annual_estimate,,NCDC sitrep 52 2021
8,2021,Bauchi,1,7,0,0,seed_annual_estimate,,NCDC sitrep 52 2021
8,2021,Benue,0,2,0,0,seed_annual_estimate,,NCDC sitrep 52 2021
8,2021,Cross River,0,1,0,0,seed_annual_estimate,,NCDC sitrep 52 2021
8,2021,Delta,0,2,0,0,seed_annual_estimate,,NCDC sitrep 52 2021
8,2021,Ebonyi,1,5,0,0,seed_annual_estimate,,NCDC sitrep 52 2021
8,2021,Edo,3,17,1,0,seed_annual_estimate,,NCDC sitrep 52 2021
8,2021,Enugu,0,1,0,0,seed_annual_estimate,,NCDC sitrep 52 2021
8,2021,Imo,0,1,0,0,seed_annual_estimate,,NCDC sitrep 52 2021
8,2021,Kogi,0,2,0,0,seed_annual_estimate,,NCDC sitrep 52 2021
8,2021,Nasarawa,0,1,0,0,seed_annual_estimate,,NCDC sitrep 52 2021
8,2021,Ondo,2,11,0,0,seed_annual_estimate,,NCDC sitrep 52 2021
8,2021,Plateau,0,1,0,0,seed_annual_estimate,,NCDC sitrep 52 2021
8,2021,Taraba,1,6,0,0,seed_annual_estimate,,NCDC sitrep 52 2021
9,2021,Adamawa,0,1,0,0,seed_annual_estimate,,NCDC sitrep 52 2021
9,2021,Anambra,0,2,0,0,seed_annual_estimate,,NCDC sitrep 52 2021
9,2021,Bauchi,1,7,0,0,seed_annual_estimate,,NCDC sitrep 52 2021
9,2021,Benue,0,2,0,0,seed_annual_estimate,,NCDC sitrep 52 2021
9,2021,Cross River,0,1,0,0,seed_annual_estimate,,NCDC sitrep 52 2021
9,2021,Delta,0,2,0,0,seed_annual_estimate,,NCDC sitrep 52 2021
9,2021,Ebonyi,1,5,0,0,seed_annual_estimate,,NCDC sitrep 52 2021
9,2021,Edo,3,17,1,0,seed_annual_estimate,,NCDC sitrep 52 2021
9,2021,Enugu,0,1,0,0,seed_annual_estimate,,NCDC sitrep 52 2021
9,2021,Imo,0,1,0,0,seed_annual_estimate,,NCDC sitrep 52 2021
9,2021,Kogi,0,2,0,0,seed_annual_estimate,,NCDC sitrep 52 2021
9,2021,Nasarawa,0,1,0,0,seed_annual_estimate,,NCDC sitrep 52 2021
9,2021,Ondo,2,11,0,0,seed_annual_estimate,,NCDC sitrep 52 2021
9,2021,Plateau,0,1,0,0,seed_annual_estimate,,NCDC sitrep 52 2021
9,2021,Taraba,1,6,0,0,seed_annual_estimate,,NCDC sitrep 52 2021
10,2021,Adamawa,0,1,0,0,seed_annual_estimate,,NCDC sitrep 52 2021
10,2021,Anambra,0,2,0,0,seed_annual_estimate,,NCDC sitrep 52 2021
10,2021,Bauchi,1,7,0,0,seed_annual_estimate,,NCDC sitrep 52 2021
10,2021,Benue,0,2,0,0,seed_annual_estimate,,NCDC sitrep 52 2021
10,2021,Cross River,0,1,0,0,seed_annual_estimate,,NCDC sitrep 52 2021
10,2021,Delta,0,2,0,0,seed_annual_estimate,,NCDC sitrep 52 2021
10,2021,Ebonyi,1,5,0,0,seed_annual_estimate,,NCDC sitrep 52 2021
10,2021,Edo,3,17,1,0,seed_annual_estimate,,NCDC sitrep 52 2021
10,2021,Enugu,0,1,0,0,seed_annual_estimate,,NCDC sitrep 52 2021
10,2021,Imo,0,1,0,0,seed_annual_estimate,,NCDC sitrep 52 2021
10,2021,Kogi,0,2,0,0,seed_annual_estimate,,NCDC sitrep 52 2021
10,2021,Nasarawa,0,1,0,0,seed_annual_estimate,,NCDC sitrep 52 2021
10,2021,Ondo,2,11,0,0,seed_annual_estimate,,NCDC sitrep 52 2021
10,2021,Plateau,0,1,0,0,seed_annual_estimate,,NCDC sitrep 52 2021
10,2021,Taraba,1,6,0,0,seed_annual_estimate,,NCDC sitrep 52 2021
11,2021,Adamawa,0,1,0,0,seed_annual_estimate,,NCDC sitrep 52 2021
11,2021,Anambra,0,2,0,0,seed_annual_estimate,,NCDC sitrep 52 2021
11,2021,Bauchi,1,7,0,0,seed_annual_estimate,,NCDC sitrep 52 2021
11,2021,Benue,0,2,0,0,seed_annual_estimate,,NCDC sitrep 52 2021
11,2021,Cross River,0,1,0,0,seed_annual_estimate,,NCDC sitrep 52 2021
11,2021,Delta,0,2,0,0,seed_annual_estimate,,NCDC sitrep 52 2021
11,2021,Ebonyi,1,5,0,0,seed_annual_estimate,,NCDC sitrep 52 2021
11,2021,Edo,3,17,1,0,seed_annual_estimate,,NCDC sitrep 52 2021
11,2021,Enugu,0,1,0,0,seed_annual_estimate,,NCDC sitrep 52 2021
11,2021,Imo,0,1,0,0,seed_annual_estimate,,NCDC sitrep 52 2021
11,2021,Kogi,0,2,0,0,seed_annual_estimate,,NCDC sitrep 52 2021
11,2021,Nasarawa,0,1,0,0,seed_annual_estimate,,NCDC sitrep 52 2021
11,2021,Ondo,2,11,0,0,seed_annual_estimate,,NCDC sitrep 52 2021
11,2021,Plateau,0,1,0,0,seed_annual_estimate,,NCDC sitrep 52 2021
11,2021,Taraba,1,6,0,0,seed_annual_estimate,,NCDC sitrep 52 2021
12,2021,Adamawa,0,1,0,0,seed_annual_estimate,,NCDC sitrep 52 2021
12,2021,Anambra,0,2,0,0,seed_annual_estimate,,NCDC sitrep 52 2021
12,2021,Bauchi,1,7,0,0,seed_annual_estimate,,NCDC sitrep 52 2021
12,2021,Benue,0,2,0,0,seed_annual_estimate,,NCDC sitrep 52 2021
12,2021,Cross River,0,1,0,0,seed_annual_estimate,,NCDC sitrep 52 2021
12,2021,Delta,0,2,0,0,seed_annual_estimate,,NCDC sitrep 52 2021
12,2021,Ebonyi,1,5,0,0,seed_annual_estimate,,NCDC sitrep 52 2021
12,2021,Edo,3,17,1,0,seed_annual_estimate,,NCDC sitrep 52 2021
12,2021,Enugu,0,1,0,0,seed_annual_estimate,,NCDC sitrep 52 2021
12,2021,Imo,0,1,0,0,seed_annual_estimate,,NCDC sitrep 52 2021
12,2021,Kogi,0,2,0,0,seed_annual_estimate,,NCDC sitrep 52 2021
12,2021,Nasarawa,0,1,0,0,seed_annual_estimate,,NCDC sitrep 52 2021
12,2021,Ondo,2,11,0,0,seed_annual_estimate,,NCDC sitrep 52 2021
12,2021,Plateau,0,1,0,0,seed_annual_estimate,,NCDC sitrep 52 2021
12,2021,Taraba,1,6,0,0,seed_annual_estimate,,NCDC sitrep 52 2021
13,2021,Adamawa,0,1,0,0,seed_annual_estimate,,NCDC sitrep 52 2021
13,2021,Anambra,0,2,0,0,seed_annual_estimate,,NCDC sitrep 52 2021
13,2021,Bauchi,1,7,0,0,seed_annual_estimate,,NCDC sitrep 52 2021
13,2021,Benue,0,2,0,0,seed_annual_estimate,,NCDC sitrep 52 2021
13,2021,Cross River,0,1,0,0,seed_annual_estimate,,NCDC sitrep 52 2021
13,2021,Delta,0,2,0,0,seed_annual_estimate,,NCDC sitrep 52 2021
13,2021,Ebonyi,1,5,0,0,seed_annual_estimate,,NCDC sitrep 52 2021
13,2021,Edo,3,17,1,0,seed_annual_estimate,,NCDC sitrep 52 2021
13,2021,Enugu,0,1,0,0,seed_annual_estimate,,NCDC sitrep 52 2021
13,2021,Imo,0,1,0,0,seed_annual_estimate,,NCDC sitrep 52 2021
13,2021,Kogi,0,2,0,0,seed_annual_estimate,,NCDC sitrep 52 2021
13,2021,Nasarawa,0,1,0,0,seed_annual_estimate,,NCDC sitrep 52 2021
13,2021,Ondo,2,11,0,0,seed_annual_estimate,,NCDC sitrep 52 2021
13,2021,Plateau,0,1,0,0,seed_annual_estimate,,NCDC sitrep 52 2021
13,2021,Taraba,1,6,0,0,seed_annual_estimate,,NCDC sitrep 52 2021
14,2021,Adamawa,0,1,0,0,seed_annual_estimate,,NCDC sitrep 52 2021
14,2021,Anambra,0,2,0,0,seed_annual_estimate,,NCDC sitrep 52 2021
14,2021,Bauchi,1,7,0,0,seed_annual_estimate,,NCDC sitrep 52 2021
14,2021,Benue,0,2,0,0,seed_annual_estimate,,NCDC sitrep 52 2021
14,2021,Cross River,0,1,0,0,seed_annual_estimate,,NCDC sitrep 52 2021
14,2021,Delta,0,2,0,0,seed_annual_estimate,,NCDC sitrep 52 2021
14,2021,Ebonyi,1,5,0,0,seed_annual_estimate,,NCDC sitrep 52 2021
14,2021,Edo,3,17,1,0,seed_annual_estimate,,NCDC sitrep 52 2021
14,2021,Enugu,0,1,0,0,seed_annual_estimate,,NCDC sitrep 52 2021
14,2021,Imo,0,1,0,0,seed_annual_estimate,,NCDC sitrep 52 2021
14,2021,Kogi,0,2,0,0,seed_annual_estimate,,NCDC sitrep 52 2021
14,2021,Nasarawa,0,1,0,0,seed_annual_estimate,,NCDC sitrep 52 2021
14,2021,Ondo,2,11,0,0,seed_annual_estimate,,NCDC sitrep 52 2021
14,2021,Plateau,0,1,0,0,seed_annual_estimate,,NCDC sitrep 52 2021
14,2021,Taraba,1,6,0,0,seed_annual_estimate,,NCDC sitrep 52 2021
15,2021,Adamawa,0,1,0,0,seed_annual_estimate,,NCDC sitrep 52 2021
15,2021,Anambra,0,2,0,0,seed_annual_estimate,,NCDC sitrep 52 2021
15,2021,Bauchi,1,7,0,0,seed_annual_estimate,,NCDC sitrep 52 2021
15,2021,Benue,0,2,0,0,seed_annual_estimate,,NCDC sitrep 52 2021
15,2021,Cross River,0,1,0,0,seed_annual_estimate,,NCDC sitrep 52 2021
15,2021,Delta,0,2,0,0,seed_annual_estimate,,NCDC sitrep 52 2021
15,2021,Ebonyi,1,5,0,0,seed_annual_estimate,,NCDC sitrep 52 2021
15,2021,Edo,3,17,1,0,seed_annual_estimate,,NCDC sitrep 52 2021
15,2021,Enugu,0,1,0,0,seed_annual_estimate,,NCDC sitrep 52 2021
15,2021,Imo,0,1,0,0,seed_annual_estimate,,NCDC sitrep 52 2021
15,2021,Kogi,0,2,0,0,seed_annual_estimate,,NCDC sitrep 52 2021
15,2021,Nasarawa,0,1,0,0,seed_annual_estimate,,NCDC sitrep 52 2021
15,2021,Ondo,2,11,0,0,seed_annual_estimate,,NCDC sitrep 52 2021
15,2021,Plateau,0,1,0,0,seed_annual_estimate,,NCDC sitrep 52 2021
15,2021,Taraba,1,6,0,0,seed_annual_estimate,,NCDC sitrep 52 2021
16,2021,Adamawa,0,1,0,0,seed_annual_estimate,,NCDC sitrep 52 2021
16,2021,Anambra,0,2,0,0,seed_annual_estimate,,NCDC sitrep 52 2021
16,2021,Bauchi,1,7,0,0,seed_annual_estimate,,NCDC sitrep 52 2021
16,2021,Benue,0,2,0,0,seed_annual_estimate,,NCDC sitrep 52 2021
16,2021,Cross River,0,1,0,0,seed_annual_estimate,,NCDC sitrep 52 2021
16,2021,Delta,0,2,0,0,seed_annual_estimate,,NCDC sitrep 52 2021
16,2021,Ebonyi,1,5,0,0,seed_annual_estimate,,NCDC sitrep 52 2021
16,2021,Edo,3,17,1,0,seed_annual_estimate,,NCDC sitrep 52 2021
16,2021,Enugu,0,1,0,0,seed_annual_estimate,,NCDC sitrep 52 2021
16,2021,Imo,0,1,0,0,seed_annual_estimate,,NCDC sitrep 52 2021
16,2021,Kogi,0,2,0,0,seed_annual_estimate,,NCDC sitrep 52 2021
16,2021,Nasarawa,0,1,0,0,seed_annual_estimate,,NCDC sitrep 52 2021
16,2021,Ondo,2,11,0,0,seed_annual_estimate,,NCDC sitrep 52 2021
16,2021,Plateau,0,1,0,0,seed_annual_estimate,,NCDC sitrep 52 2021
16,2021,Taraba,1,6,0,0,seed_annual_estimate,,NCDC sitrep 52 2021
17,2021,Adamawa,0,1,0,0,seed_annual_estimate,,NCDC sitrep 52 2021
17,2021,Anambra,0,2,0,0,seed_annual_estimate,,NCDC sitrep 52 2021
17,2021,Bauchi,1,7,0,0,seed_annual_estimate,,NCDC sitrep 52 2021
17,2021,Benue,0,2,0,0,seed_annual_estimate,,NCDC sitrep 52 2021
17,2021,Cross River,0,1,0,0,seed_annual_estimate,,NCDC sitrep 52 2021
17,2021,Delta,0,2,0,0,seed_annual_estimate,,NCDC sitrep 52 2021
17,2021,Ebonyi,1,5,0,0,seed_annual_estimate,,NCDC sitrep 52 2021
17,2021,Edo,3,17,1,0,seed_annual_estimate,,NCDC sitrep 52 2021
17,2021,Enugu,0,1,0,0,seed_annual_estimate,,NCDC sitrep 52 2021
17,2021,Imo,0,1,0,0,seed_annual_estimate,,NCDC sitrep 52 2021
17,2021,Kogi,0,2,0,0,seed_annual_estimate,,NCDC sitrep 52 2021
17,2021,Nasarawa,0,1,0,0,seed_annual_estimate,,NCDC sitrep 52 2021
17,2021,Ondo,2,11,0,0,seed_annual_estimate,,NCDC sitrep 52 2021
17,2021,Plateau,0,1,0,0,seed_annual_estimate,,NCDC sitrep 52 2021
17,2021,Taraba,1,6,0,0,seed_annual_estimate,,NCDC sitrep 52 2021
18,2021,Adamawa,0,2,0,0,seed_annual_estimate,,NCDC sitrep 52 2021
18,2021,Anambra,1,6,0,0,seed_annual_estimate,,NCDC sitrep 52 2021
18,2021,Bauchi,3,15,0,0,seed_annual_estimate,,NCDC sitrep 52 2021
18,2021,Benue,1,4,0,0,seed_annual_estimate,,NCDC sitrep 52 2021
18,2021,Cross River,0,2,0,0,seed_annual_estimate,,NCDC sitrep 52 2021
18,2021,Delta,1,5,0,0,seed_annual_estimate,,NCDC sitrep 52 2021
18,2021,Ebonyi,2,11,0,0,seed_annual_estimate,,NCDC sitrep 52 2021
18,2021,Edo,6,38,1,0,seed_annual_estimate,,NCDC sitrep 52 2021
18,2021,Enugu,0,3,0,0,seed_annual_estimate,,NCDC sitrep 52 2021
18,2021,Imo,0,1,0,0,seed_annual_estimate,,NCDC sitrep 52 2021
18,2021,Kogi,1,4,0,0,seed_annual_estimate,,NCDC sitrep 52 2021
18,2021,Nasarawa,1,3,0,0,seed_annual_estimate,,NCDC sitrep 52 2021
18,2021,Ondo,4,24,1,0,seed_annual_estimate,,NCDC sitrep 52 2021
18,2021,Plateau,0,3,0,0,seed_annual_estimate,,NCDC sitrep 52 2021
18,2021,Taraba,2,13,0,0,seed_annual_estimate,,NCDC sitrep 52 2021
19,2021,Adamawa,0,2,0,0,seed_annual_estimate,,NCDC sitrep 52 2021
19,2021,Anambra,1,6,0,0,seed_annual_estimate,,NCDC sitrep 52 2021
19,2021,Bauchi,3,15,0,0,seed_annual_estimate,,NCDC sitrep 52 2021
19,2021,Benue,1,4,0,0,seed_annual_estimate,,NCDC sitrep 52 2021
19,2021,Cross River,0,2,0,0,seed_annual_estimate,,NCDC sitrep 52 2021
19,2021,Delta,1,5,0,0,seed_annual_estimate,,NCDC sitrep 52 2021
19,2021,Ebonyi,2,11,0,0,seed_annual_estimate,,NCDC sitrep 52 2021
19,2021,Edo,6,38,1,0,seed_annual_estimate,,NCDC sitrep 52 2021
19,2021,Enugu,0,3,0,0,seed_annual_estimate,,NCDC sitrep 52 2021
19,2021,Imo,0,1,0,0,seed_annual_estimate,,NCDC sitrep 52 2021
19,2021,Kogi,1,4,0,0,seed_annual_estimate,,NCDC sitrep 52 2021
19,2021,Nasarawa,1,3,0,0,seed_annual_estimate,,NCDC sitrep 52 2021
19,2021,Ondo,4,24,1,0,seed_annual_estimate,,NCDC sitrep 52 2021
19,2021,Plateau,0,3,0,0,seed_annual_estimate,,NCDC sitrep 52 2021
19,2021,Taraba,2,13,0,0,seed_annual_estimate,,NCDC sitrep 52 2021
20,2021,Adamawa,0,2,0,0,seed_annual_estimate,,NCDC sitrep 52 2021
20,2021,Anambra,1,6,0,0,seed_annual_estimate,,NCDC sitrep 52 2021
20,2021,Bauchi,3,15,0,0,seed_annual_estimate,,NCDC sitrep 52 2021
20,2021,Benue,1,4,0,0,seed_annual_estimate,,NCDC sitrep 52 2021
20,2021,Cross River,0,2,0,0,seed_annual_estimate,,NCDC sitrep 52 2021
20,2021,Delta,1,5,0,0,seed_annual_estimate,,NCDC sitrep 52 2021
20,2021,Ebonyi,2,11,0,0,seed_annual_estimate,,NCDC sitrep 52 2021
20,2021,Edo,6,38,1,0,seed_annual_estimate,,NCDC sitrep 52 2021
20,2021,Enugu,0,3,0,0,seed_annual_estimate,,NCDC sitrep 52 2021
20,2021,Imo,0,1,0,0,seed_annual_estimate,,NCDC sitrep 52 2021
20,2021,Kogi,1,4,0,0,seed_annual_estimate,,NCDC sitrep 52 2021
20,2021,Nasarawa,1,3,0,0,seed_annual_estimate,,NCDC sitrep 52 2021
20,2021,Ondo,4,24,1,0,seed_annual_estimate,,NCDC sitrep 52 2021
20,2021,Plateau,0,3,0,0,seed_annual_estimate,,NCDC sitrep 52 2021
20,2021,Taraba,2,13,0,0,seed_annual_estimate,,NCDC sitrep 52 2021
21,2021,Adamawa,0,2,0,0,seed_annual_estimate,,NCDC sitrep 52 2021
21,2021,Anambra,1,6,0,0,seed_annual_estimate,,NCDC sitrep 52 2021
21,2021,Bauchi,3,15,0,0,seed_annual_estimate,,NCDC sitrep 52 2021
21,2021,Benue,1,4,0,0,seed_annual_estimate,,NCDC sitrep 52 2021
21,2021,Cross River,0,2,0,0,seed_annual_estimate,,NCDC sitrep 52 2021
21,2021,Delta,1,5,0,0,seed_annual_estimate,,NCDC sitrep 52 2021
21,2021,Ebonyi,2,11,0,0,seed_annual_estimate,,NCDC sitrep 52 2021
21,2021,Edo,6,38,1,0,seed_annual_estimate,,NCDC sitrep 52 2021
21,2021,Enugu,0,3,0,0,seed_annual_estimate,,NCDC sitrep 52 2021
21,2021,Imo,0,1,0,0,seed_annual_estimate,,NCDC sitrep 52 2021
21,2021,Kogi,1,4,0,0,seed_annual_estimate,,NCDC sitrep 52 2021
21,2021,Nasarawa,1,3,0,0,seed_annual_estimate,,NCDC sitrep 52 2021
21,2021,Ondo,4,24,1,0,seed_annual_estimate,,NCDC sitrep 52 2021
21,2021,Plateau,0,3,0,0,seed_annual_estimate,,NCDC sitrep 52 2021
21,2021,Taraba,2,13,0,0,seed_annual_estimate,,NCDC sitrep 52 2021
22,2021,Adamawa,0,2,0,0,seed_annual_estimate,,NCDC sitrep 52 2021
22,2021,Anambra,1,6,0,0,seed_annual_estimate,,NCDC sitrep 52 2021
22,2021,Bauchi,3,15,0,0,seed_annual_estimate,,NCDC sitrep 52 2021
22,2021,Benue,1,4,0,0,seed_annual_estimate,,NCDC sitrep 52 2021
22,2021,Cross River,0,2,0,0,seed_annual_estimate,,NCDC sitrep 52 2021
22,2021,Delta,1,5,0,0,seed_annual_estimate,,NCDC sitrep 52 2021
22,2021,Ebonyi,2,11,0,0,seed_annual_estimate,,NCDC sitrep 52 2021
22,2021,Edo,6,38,1,0,seed_annual_estimate,,NCDC sitrep 52 2021
22,2021,Enugu,0,3,0,0,seed_annual_estimate,,NCDC sitrep 52 2021
22,2021,Imo,0,1,0,0,seed_annual_estimate,,NCDC sitrep 52 2021
22,2021,Kogi,1,4,0,0,seed_annual_estimate,,NCDC sitrep 52 2021
22,2021,Nasarawa,1,3,0,0,seed_annual_estimate,,NCDC sitrep 52 2021
22,2021,Ondo,4,24,1,0,seed_annual_estimate,,NCDC sitrep 52 2021
22,2021,Plateau,0,3,0,0,seed_annual_estimate,,NCDC sitrep 52 2021
22,2021,Taraba,2,13,0,0,seed_annual_estimate,,NCDC sitrep 52 2021
23,2021,Adamawa,0,2,0,0,seed_annual_estimate,,NCDC sitrep 52 2021
23,2021,Anambra,1,6,0,0,seed_annual_estimate,,NCDC sitrep 52 2021
23,2021,Bauchi,3,15,0,0,seed_annual_estimate,,NCDC sitrep 52 2021
23,2021,Benue,1,4,0,0,seed_annual_estimate,,NCDC sitrep 52 2021
23,2021,Cross River,0,2,0,0,seed_annual_estimate,,NCDC sitrep 52 2021
23,2021,Delta,1,5,0,0,seed_annual_estimate,,NCDC sitrep 52 2021
23,2021,Ebonyi,2,11,0,0,seed_annual_estimate,,NCDC sitrep 52 2021
23,2021,Edo,6,38,1,0,seed_annual_estimate,,NCDC sitrep 52 2021
23,2021,Enugu,0,3,0,0,seed_annual_estimate,,NCDC sitrep 52 2021
23,2021,Imo,0,1,0,0,seed_annual_estimate,,NCDC sitrep 52 2021
23,2021,Kogi,1,4,0,0,seed_annual_estimate,,NCDC sitrep 52 2021
23,2021,Nasarawa,1,3,0,0,seed_annual_estimate,,NCDC sitrep 52 2021
23,2021,Ondo,4,24,1,0,seed_annual_estimate,,NCDC sitrep 52 2021
23,2021,Plateau,0,3,0,0,seed_annual_estimate,,NCDC sitrep 52 2021
23,2021,Taraba,2,13,0,0,seed_annual_estimate,,NCDC sitrep 52 2021
24,2021,Adamawa,0,2,0,0,seed_annual_estimate,,NCDC sitrep 52 2021
24,2021,Anambra,1,6,0,0,seed_annual_estimate,,NCDC sitrep 52 2021
24,2021,Bauchi,3,15,0,0,seed_annual_estimate,,NCDC sitrep 52 2021
24,2021,Benue,1,4,0,0,seed_annual_estimate,,NCDC sitrep 52 2021
24,2021,Cross River,0,2,0,0,seed_annual_estimate,,NCDC sitrep 52 2021
24,2021,Delta,1,5,0,0,seed_annual_estimate,,NCDC sitrep 52 2021
24,2021,Ebonyi,2,11,0,0,seed_annual_estimate,,NCDC sitrep 52 2021
24,2021,Edo,6,38,1,0,seed_annual_estimate,,NCDC sitrep 52 2021
24,2021,Enugu,0,3,0,0,seed_annual_estimate,,NCDC sitrep 52 2021
24,2021,Imo,0,1,0,0,seed_annual_estimate,,NCDC sitrep 52 2021
24,2021,Kogi,1,4,0,0,seed_annual_estimate,,NCDC sitrep 52 2021
24,2021,Nasarawa,1,3,0,0,seed_annual_estimate,,NCDC sitrep 52 2021
24,2021,Ondo,4,24,1,0,seed_annual_estimate,,NCDC sitrep 52 2021
24,2021,Plateau,0,3,0,0,seed_annual_estimate,,NCDC sitrep 52 2021
24,2021,Taraba,2,13,0,0,seed_annual_estimate,,NCDC sitrep 52 2021
25,2021,Adamawa,0,2,0,0,seed_annual_estimate,,NCDC sitrep 52 2021
25,2021,Anambra,1,6,0,0,seed_annual_estimate,,NCDC sitrep 52 2021
25,2021,Bauchi,3,15,0,0,seed_annual_estimate,,NCDC sitrep 52 2021
25,2021,Benue,1,4,0,0,seed_annual_estimate,,NCDC sitrep 52 2021
25,2021,Cross River,0,2,0,0,seed_annual_estimate,,NCDC sitrep 52 2021
25,2021,Delta,1,5,0,0,seed_annual_estimate,,NCDC sitrep 52 2021
25,2021,Ebonyi,2,11,0,0,seed_annual_estimate,,NCDC sitrep 52 2021
25,2021,Edo,6,38,1,0,seed_annual_estimate,,NCDC sitrep 52 2021
25,2021,Enugu,0,3,0,0,seed_annual_estimate,,NCDC sitrep 52 2021
25,2021,Imo,0,1,0,0,seed_annual_estimate,,NCDC sitrep 52 2021
25,2021,Kogi,1,4,0,0,seed_annual_estimate,,NCDC sitrep 52 2021
25,2021,Nasarawa,1,3,0,0,seed_annual_estimate,,NCDC sitrep 52 2021
25,2021,Ondo,4,24,1,0,seed_annual_estimate,,NCDC sitrep 52 2021
25,2021,Plateau,0,3,0,0,seed_annual_estimate,,NCDC sitrep 52 2021
25,2021,Taraba,2,13,0,0,seed_annual_estimate,,NCDC sitrep 52 2021
26,2021,Adamawa,0,2,0,0,seed_annual_estimate,,NCDC sitrep 52 2021
26,2021,Anambra,1,6,0,0,seed_annual_estimate,,NCDC sitrep 52 2021
26,2021,Bauchi,3,15,0,0,seed_annual_estimate,,NCDC sitrep 52 2021
26,2021,Benue,1,4,0,0,seed_annual_estimate,,NCDC sitrep 52 2021
26,2021,Cross River,0,2,0,0,seed_annual_estimate,,NCDC sitrep 52 2021
26,2021,Delta,1,5,0,0,seed_annual_estimate,,NCDC sitrep 52 2021
26,2021,Ebonyi,2,11,0,0,seed_annual_estimate,,NCDC sitrep 52 2021
26,2021,Edo,6,38,1,0,seed_annual_estimate,,NCDC sitrep 52 2021
26,2021,Enugu,0,3,0,0,seed_annual_estimate,,NCDC sitrep 52 2021
26,2021,Imo,0,1,0,0,seed_annual_estimate,,NCDC sitrep 52 2021
26,2021,Kogi,1,4,0,0,seed_annual_estimate,,NCDC sitrep 52 2021
26,2021,Nasarawa,1,3,0,0,seed_annual_estimate,,NCDC sitrep 52 2021
26,2021,Ondo,4,24,1,0,seed_annual_estimate,,NCDC sitrep 52 2021
26,2021,Plateau,0,3,0,0,seed_annual_estimate,,NCDC sitrep 52 2021
26,2021,Taraba,2,13,0,0,seed_annual_estimate,,NCDC sitrep 52 2021
27,2021,Adamawa,0,2,0,0,seed_annual_estimate,,NCDC sitrep 52 2021
27,2021,Anambra,1,6,0,0,seed_annual_estimate,,NCDC sitrep 52 2021
27,2021,Bauchi,3,15,0,0,seed_annual_estimate,,NCDC sitrep 52 2021
27,2021,Benue,1,4,0,0,seed_annual_estimate,,NCDC sitrep 52 2021
27,2021,Cross River,0,2,0,0,seed_annual_estimate,,NCDC sitrep 52 2021
27,2021,Delta,1,5,0,0,seed_annual_estimate,,NCDC sitrep 52 2021
27,2021,Ebonyi,2,11,0,0,seed_annual_estimate,,NCDC sitrep 52 2021
27,2021,Edo,6,38,1,0,seed_annual_estimate,,NCDC sitrep 52 2021
27,2021,Enugu,0,3,0,0,seed_annual_estimate,,NCDC sitrep 52 2021
27,2021,Imo,0,1,0,0,seed_annual_estimate,,NCDC sitrep 52 2021
27,2021,Kogi,1,4,0,0,seed_annual_estimate,,NCDC sitrep 52 2021
27,2021,Nasarawa,1,3,0,0,seed_annual_estimate,,NCDC sitrep 52 2021
27,2021,Ondo,4,24,1,0,seed_annual_estimate,,NCDC sitrep 52 2021
27,2021,Plateau,0,3,0,0,seed_annual_estimate,,NCDC sitrep 52 2021
27,2021,Taraba,2,13,0,0,seed_annual_estimate,,NCDC sitrep 52 2021
28,2021,Adamawa,0,2,0,0,seed_annual_estimate,,NCDC sitrep 52 2021
28,2021,Anambra,1,6,0,0,seed_annual_estimate,,NCDC sitrep 52 2021
28,2021,Bauchi,3,15,0,0,seed_annual_estimate,,NCDC sitrep 52 2021
28,2021,Benue,1,4,0,0,seed_annual_estimate,,NCDC sitrep 52 2021
28,2021,Cross River,0,2,0,0,seed_annual_estimate,,NCDC sitrep 52 2021
28,2021,Delta,1,5,0,0,seed_annual_estimate,,NCDC sitrep 52 2021
28,2021,Ebonyi,2,11,0,0,seed_annual_estimate,,NCDC sitrep 52 2021
28,2021,Edo,6,38,1,0,seed_annual_estimate,,NCDC sitrep 52 2021
28,2021,Enugu,0,3,0,0,seed_annual_estimate,,NCDC sitrep 52 2021
28,2021,Imo,0,1,0,0,seed_annual_estimate,,NCDC sitrep 52 2021
28,2021,Kogi,1,4,0,0,seed_annual_estimate,,NCDC sitrep 52 2021
28,2021,Nasarawa,1,3,0,0,seed_annual_estimate,,NCDC sitrep 52 2021
28,2021,Ondo,4,24,1,0,seed_annual_estimate,,NCDC sitrep 52 2021
28,2021,Plateau,0,3,0,0,seed_annual_estimate,,NCDC sitrep 52 2021
28,2021,Taraba,2,13,0,0,seed_annual_estimate,,NCDC sitrep 52 2021
29,2021,Adamawa,0,2,0,0,seed_annual_estimate,,NCDC sitrep 52 2021
29,2021,Anambra,1,6,0,0,seed_annual_estimate,,NCDC sitrep 52 2021
29,2021,Bauchi,3,15,0,0,seed_annual_estimate,,NCDC sitrep 52 2021
29,2021,Benue,1,4,0,0,seed_annual_estimate,,NCDC sitrep 52 2021
29,2021,Cross River,0,2,0,0,seed_annual_estimate,,NCDC sitrep 52 2021
29,2021,Delta,1,5,0,0,seed_annual_estimate,,NCDC sitrep 52 2021
29,2021,Ebonyi,2,11,0,0,seed_annual_estimate,,NCDC sitrep 52 2021
29,2021,Edo,6,38,1,0,seed_annual_estimate,,NCDC sitrep 52 2021
29,2021,Enugu,0,3,0,0,seed_annual_estimate,,NCDC sitrep 52 2021
29,2021,Imo,0,1,0,0,seed_annual_estimate,,NCDC sitrep 52 2021
29,2021,Kogi,1,4,0,0,seed_annual_estimate,,NCDC sitrep 52 2021
29,2021,Nasarawa,1,3,0,0,seed_annual_estimate,,NCDC sitrep 52 2021
29,2021,Ondo,4,24,1,0,seed_annual_estimate,,NCDC sitrep 52 2021
29,2021,Plateau,0,3,0,0,seed_annual_estimate,,NCDC sitrep 52 2021
29,2021,Taraba,2,13,0,0,seed_annual_estimate,,NCDC sitrep 52 2021
30,2021,Adamawa,0,2,0,0,seed_annual_estimate,,NCDC sitrep 52 2021
30,2021,Anambra,1,6,0,0,seed_annual_estimate,,NCDC sitrep 52 2021
30,2021,Bauchi,3,15,0,0,seed_annual_estimate,,NCDC sitrep 52 2021
30,2021,Benue,1,4,0,0,seed_annual_estimate,,NCDC sitrep 52 2021
30,2021,Cross River,0,2,0,0,seed_annual_estimate,,NCDC sitrep 52 2021
30,2021,Delta,1,5,0,0,seed_annual_estimate,,NCDC sitrep 52 2021
30,2021,Ebonyi,2,11,0,0,seed_annual_estimate,,NCDC sitrep 52 2021
30,2021,Edo,6,38,1,0,seed_annual_estimate,,NCDC sitrep 52 2021
30,2021,Enugu,0,3,0,0,seed_annual_estimate,,NCDC sitrep 52 2021
30,2021,Imo,0,1,0,0,seed_annual_estimate,,NCDC sitrep 52 2021
30,2021,Kogi,1,4,0,0,seed_annual_estimate,,NCDC sitrep 52 2021
30,2021,Nasarawa,1,3,0,0,seed_annual_estimate,,NCDC sitrep 52 2021
30,2021,Ondo,4,24,1,0,seed_annual_estimate,,NCDC sitrep 52 2021
30,2021,Plateau,0,3,0,0,seed_annual_estimate,,NCDC sitrep 52 2021
30,2021,Taraba,2,13,0,0,seed_annual_estimate,,NCDC sitrep 52 2021
31,2021,Adamawa,0,2,0,0,seed_annual_estimate,,NCDC sitrep 52 2021
31,2021,Anambra,1,6,0,0,seed_annual_estimate,,NCDC sitrep 52 2021
31,2021,Bauchi,3,15,0,0,seed_annual_estimate,,NCDC sitrep 52 2021
31,2021,Benue,1,4,0,0,seed_annual_estimate,,NCDC sitrep 52 2021
31,2021,Cross River,0,2,0,0,seed_annual_estimate,,NCDC sitrep 52 2021
31,2021,Delta,1,5,0,0,seed_annual_estimate,,NCDC sitrep 52 2021
31,2021,Ebonyi,2,11,0,0,seed_annual_estimate,,NCDC sitrep 52 2021
31,2021,Edo,6,38,1,0,seed_annual_estimate,,NCDC sitrep 52 2021
31,2021,Enugu,0,3,0,0,seed_annual_estimate,,NCDC sitrep 52 2021
31,2021,Imo,0,1,0,0,seed_annual_estimate,,NCDC sitrep 52 2021
31,2021,Kogi,1,4,0,0,seed_annual_estimate,,NCDC sitrep 52 2021
31,2021,Nasarawa,1,3,0,0,seed_annual_estimate,,NCDC sitrep 52 2021
31,2021,Ondo,4,24,1,0,seed_annual_estimate,,NCDC sitrep 52 2021
31,2021,Plateau,0,3,0,0,seed_annual_estimate,,NCDC sitrep 52 2021
31,2021,Taraba,2,13,0,0,seed_annual_estimate,,NCDC sitrep 52 2021
32,2021,Adamawa,0,2,0,0,seed_annual_estimate,,NCDC sitrep 52 2021
32,2021,Anambra,1,6,0,0,seed_annual_estimate,,NCDC sitrep 52 2021
32,2021,Bauchi,3,15,0,0,seed_annual_estimate,,NCDC sitrep 52 2021
32,2021,Benue,1,4,0,0,seed_annual_estimate,,NCDC sitrep 52 2021
32,2021,Cross River,0,2,0,0,seed_annual_estimate,,NCDC sitrep 52 2021
32,2021,Delta,1,5,0,0,seed_annual_estimate,,NCDC sitrep 52 2021
32,2021,Ebonyi,2,11,0,0,seed_annual_estimate,,NCDC sitrep 52 2021
32,2021,Edo,6,38,1,0,seed_annual_estimate,,NCDC sitrep 52 2021
32,2021,Enugu,0,3,0,0,seed_annual_estimate,,NCDC sitrep 52 2021
32,2021,Imo,0,1,0,0,seed_annual_estimate,,NCDC sitrep 52 2021
32,2021,Kogi,1,4,0,0,seed_annual_estimate,,NCDC sitrep 52 2021
32,2021,Nasarawa,1,3,0,0,seed_annual_estimate,,NCDC sitrep 52 2021
32,2021,Ondo,4,24,1,0,seed_annual_estimate,,NCDC sitrep 52 2021
32,2021,Plateau,0,3,0,0,seed_annual_estimate,,NCDC sitrep 52 2021
32,2021,Taraba,2,13,0,0,seed_annual_estimate,,NCDC sitrep 52 2021
33,2021,Adamawa,0,2,0,0,seed_annual_estimate,,NCDC sitrep 52 2021
33,2021,Anambra,1,6,0,0,seed_annual_estimate,,NCDC sitrep 52 2021
33,2021,Bauchi,3,15,0,0,seed_annual_estimate,,NCDC sitrep 52 2021
33,2021,Benue,1,4,0,0,seed_annual_estimate,,NCDC sitrep 52 2021
33,2021,Cross River,0,2,0,0,seed_annual_estimate,,NCDC sitrep 52 2021
33,2021,Delta,1,5,0,0,seed_annual_estimate,,NCDC sitrep 52 2021
33,2021,Ebonyi,2,11,0,0,seed_annual_estimate,,NCDC sitrep 52 2021
33,2021,Edo,6,38,1,0,seed_annual_estimate,,NCDC sitrep 52 2021
33,2021,Enugu,0,3,0,0,seed_annual_estimate,,NCDC sitrep 52 2021
33,2021,Imo,0,1,0,0,seed_annual_estimate,,NCDC sitrep 52 2021
33,2021,Kogi,1,4,0,0,seed_annual_estimate,,NCDC sitrep 52 2021
33,2021,Nasarawa,1,3,0,0,seed_annual_estimate,,NCDC sitrep 52 2021
33,2021,Ondo,4,24,1,0,seed_annual_estimate,,NCDC sitrep 52 2021
33,2021,Plateau,0,3,0,0,seed_annual_estimate,,NCDC sitrep 52 2021
33,2021,Taraba,2,13,0,0,seed_annual_estimate,,NCDC sitrep 52 2021
34,2021,Adamawa,0,2,0,0,seed_annual_estimate,,NCDC sitrep 52 2021
34,2021,Anambra,1,6,0,0,seed_annual_estimate,,NCDC sitrep 52 2021
34,2021,Bauchi,3,15,0,0,seed_annual_estimate,,NCDC sitrep 52 2021
34,2021,Benue,1,4,0,0,seed_annual_estimate,,NCDC sitrep 52 2021
34,2021,Cross River,0,2,0,0,seed_annual_estimate,,NCDC sitrep 52 2021
34,2021,Delta,1,5,0,0,seed_annual_estimate,,NCDC sitrep 52 2021
34,2021,Ebonyi,2,11,0,0,seed_annual_estimate,,NCDC sitrep 52 2021
34,2021,Edo,6,38,1,0,seed_annual_estimate,,NCDC sitrep 52 2021
34,2021,Enugu,0,3,0,0,seed_annual_estimate,,NCDC sitrep 52 2021
34,2021,Imo,0,1,0,0,seed_annual_estimate,,NCDC sitrep 52 2021
34,2021,Kogi,1,4,0,0,seed_annual_estimate,,NCDC sitrep 52 2021
34,2021,Nasarawa,1,3,0,0,seed_annual_estimate,,NCDC sitrep 52 2021
34,2021,Ondo,4,24,1,0,seed_annual_estimate,,NCDC sitrep 52 2021
34,2021,Plateau,0,3,0,0,seed_annual_estimate,,NCDC sitrep 52 2021
34,2021,Taraba,2,13,0,0,seed_annual_estimate,,NCDC sitrep 52 2021
35,2021,Adamawa,0,2,0,0,seed_annual_estimate,,NCDC sitrep 52 2021
35,2021,Anambra,1,6,0,0,seed_annual_estimate,,NCDC sitrep 52 2021
35,2021,Bauchi,3,15,0,0,seed_annual_estimate,,NCDC sitrep 52 2021
35,2021,Benue,1,4,0,0,seed_annual_estimate,,NCDC sitrep 52 2021
35,2021,Cross River,0,2,0,0,seed_annual_estimate,,NCDC sitrep 52 2021
35,2021,Delta,1,5,0,0,seed_annual_estimate,,NCDC sitrep 52 2021
35,2021,Ebonyi,2,11,0,0,seed_annual_estimate,,NCDC sitrep 52 2021
35,2021,Edo,6,38,1,0,seed_annual_estimate,,NCDC sitrep 52 2021
35,2021,Enugu,0,3,0,0,seed_annual_estimate,,NCDC sitrep 52 2021
35,2021,Imo,0,1,0,0,seed_annual_estimate,,NCDC sitrep 52 2021
35,2021,Kogi,1,4,0,0,seed_annual_estimate,,NCDC sitrep 52 2021
35,2021,Nasarawa,1,3,0,0,seed_annual_estimate,,NCDC sitrep 52 2021
35,2021,Ondo,4,24,1,0,seed_annual_estimate,,NCDC sitrep 52 2021
35,2021,Plateau,0,3,0,0,seed_annual_estimate,,NCDC sitrep 52 2021
35,2021,Taraba,2,13,0,0,seed_annual_estimate,,NCDC sitrep 52 2021
36,2021,Adamawa,0,2,0,0,seed_annual_estimate,,NCDC sitrep 52 2021
36,2021,Anambra,1,6,0,0,seed_annual_estimate,,NCDC sitrep 52 2021
36,2021,Bauchi,3,15,0,0,seed_annual_estimate,,NCDC sitrep 52 2021
36,2021,Benue,1,4,0,0,seed_annual_estimate,,NCDC sitrep 52 2021
36,2021,Cross River,0,2,0,0,seed_annual_estimate,,NCDC sitrep 52 2021
36,2021,Delta,1,5,0,0,seed_annual_estimate,,NCDC sitrep 52 2021
36,2021,Ebonyi,2,11,0,0,seed_annual_estimate,,NCDC sitrep 52 2021
36,2021,Edo,6,38,1,0,seed_annual_estimate,,NCDC sitrep 52 2021
36,2021,Enugu,0,3,0,0,seed_annual_estimate,,NCDC sitrep 52 2021
36,2021,Imo,0,1,0,0,seed_annual_estimate,,NCDC sitrep 52 2021
36,2021,Kogi,1,4,0,0,seed_annual_estimate,,NCDC sitrep 52 2021
36,2021,Nasarawa,1,3,0,0,seed_annual_estimate,,NCDC sitrep 52 2021
36,2021,Ondo,4,24,1,0,seed_annual_estimate,,NCDC sitrep 52 2021
36,2021,Plateau,0,3,0,0,seed_annual_estimate,,NCDC sitrep 52 2021
36,2021,Taraba,2,13,0,0,seed_annual_estimate,,NCDC sitrep 52 2021
37,2021,Adamawa,0,2,0,0,seed_annual_estimate,,NCDC sitrep 52 2021
37,2021,Anambra,1,6,0,0,seed_annual_estimate,,NCDC sitrep 52 2021
37,2021,Bauchi,3,15,0,0,seed_annual_estimate,,NCDC sitrep 52 2021
37,2021,Benue,1,4,0,0,seed_annual_estimate,,NCDC sitrep 52 2021
37,2021,Cross River,0,2,0,0,seed_annual_estimate,,NCDC sitrep 52 2021
37,2021,Delta,1,5,0,0,seed_annual_estimate,,NCDC sitrep 52 2021
37,2021,Ebonyi,2,11,0,0,seed_annual_estimate,,NCDC sitrep 52 2021
37,2021,Edo,6,38,1,0,seed_annual_estimate,,NCDC sitrep 52 2021
37,2021,Enugu,0,3,0,0,seed_annual_estimate,,NCDC sitrep 52 2021
37,2021,Imo,0,1,0,0,seed_annual_estimate,,NCDC sitrep 52 2021
37,2021,Kogi,1,4,0,0,seed_annual_estimate,,NCDC sitrep 52 2021
37,2021,Nasarawa,1,3,0,0,seed_annual_estimate,,NCDC sitrep 52 2021
37,2021,Ondo,4,24,1,0,seed_annual_estimate,,NCDC sitrep 52 2021
37,2021,Plateau,0,3,0,0,seed_annual_estimate,,NCDC sitrep 52 2021
37,2021,Taraba,2,13,0,0,seed_annual_estimate,,NCDC sitrep 52 2021
38,2021,Adamawa,0,2,0,0,seed_annual_estimate,,NCDC sitrep 52 2021
38,2021,Anambra,1,6,0,0,seed_annual_estimate,,NCDC sitrep 52 2021
38,2021,Bauchi,3,15,0,0,seed_annual_estimate,,NCDC sitrep 52 2021
38,2021,Benue,1,4,0,0,seed_annual_estimate,,NCDC sitrep 52 2021
38,2021,Cross River,0,2,0,0,seed_annual_estimate,,NCDC sitrep 52 2021
38,2021,Delta,1,5,0,0,seed_annual_estimate,,NCDC sitrep 52 2021
38,2021,Ebonyi,2,11,0,0,seed_annual_estimate,,NCDC sitrep 52 2021
38,2021,Edo,6,38,1,0,seed_annual_estimate,,NCDC sitrep 52 2021
38,2021,Enugu,0,3,0,0,seed_annual_estimate,,NCDC sitrep 52 2021
38,2021,Imo,0,1,0,0,seed_annual_estimate,,NCDC sitrep 52 2021
38,2021,Kogi,1,4,0,0,seed_annual_estimate,,NCDC sitrep 52 2021
38,2021,Nasarawa,1,3,0,0,seed_annual_estimate,,NCDC sitrep 52 2021
38,2021,Ondo,4,24,1,0,seed_annual_estimate,,NCDC sitrep 52 2021
38,2021,Plateau,0,3,0,0,seed_annual_estimate,,NCDC sitrep 52 2021
38,2021,Taraba,2,13,0,0,seed_annual_estimate,,NCDC sitrep 52 2021
39,2021,Adamawa,0,2,0,0,seed_annual_estimate,,NCDC sitrep 52 2021
39,2021,Anambra,1,6,0,0,seed_annual_estimate,,NCDC sitrep 52 2021
39,2021,Bauchi,3,15,0,0,seed_annual_estimate,,NCDC sitrep 52 2021
39,2021,Benue,1,4,0,0,seed_annual_estimate,,NCDC sitrep 52 2021
39,2021,Cross River,0,2,0,0,seed_annual_estimate,,NCDC sitrep 52 2021
39,2021,Delta,1,5,0,0,seed_annual_estimate,,NCDC sitrep 52 2021
39,2021,Ebonyi,2,11,0,0,seed_annual_estimate,,NCDC sitrep 52 2021
39,2021,Edo,6,38,1,0,seed_annual_estimate,,NCDC sitrep 52 2021
39,2021,Enugu,0,3,0,0,seed_annual_estimate,,NCDC sitrep 52 2021
39,2021,Imo,0,1,0,0,seed_annual_estimate,,NCDC sitrep 52 2021
39,2021,Kogi,1,4,0,0,seed_annual_estimate,,NCDC sitrep 52 2021
39,2021,Nasarawa,1,3,0,0,seed_annual_estimate,,NCDC sitrep 52 2021
39,2021,Ondo,4,24,1,0,seed_annual_estimate,,NCDC sitrep 52 2021
39,2021,Plateau,0,3,0,0,seed_annual_estimate,,NCDC sitrep 52 2021
39,2021,Taraba,2,13,0,0,seed_annual_estimate,,NCDC sitrep 52 2021
40,2021,Adamawa,0,2,0,0,seed_annual_estimate,,NCDC sitrep 52 2021
40,2021,Anambra,1,6,0,0,seed_annual_estimate,,NCDC sitrep 52 2021
40,2021,Bauchi,3,15,0,0,seed_annual_estimate,,NCDC sitrep 52 2021
40,2021,Benue,1,4,0,0,seed_annual_estimate,,NCDC sitrep 52 2021
40,2021,Cross River,0,2,0,0,seed_annual_estimate,,NCDC sitrep 52 2021
40,2021,Delta,1,5,0,0,seed_annual_estimate,,NCDC sitrep 52 2021
40,2021,Ebonyi,2,11,0,0,seed_annual_estimate,,NCDC sitrep 52 2021
40,2021,Edo,6,38,1,0,seed_annual_estimate,,NCDC sitrep 52 2021
40,2021,Enugu,0,3,0,0,seed_annual_estimate,,NCDC sitrep 52 2021
40,2021,Imo,0,1,0,0,seed_annual_estimate,,NCDC sitrep 52 2021
40,2021,Kogi,1,4,0,0,seed_annual_estimate,,NCDC sitrep 52 2021
40,2021,Nasarawa,1,3,0,0,seed_annual_estimate,,NCDC sitrep 52 2021
40,2021,Ondo,4,24,1,0,seed_annual_estimate,,NCDC sitrep 52 2021
40,2021,Plateau,0,3,0,0,seed_annual_estimate,,NCDC sitrep 52 2021
40,2021,Taraba,2,13,0,0,seed_annual_estimate,,NCDC sitrep 52 2021
41,2021,Adamawa,0,2,0,0,seed_annual_estimate,,NCDC sitrep 52 2021
41,2021,Anambra,1,6,0,0,seed_annual_estimate,,NCDC sitrep 52 2021
41,2021,Bauchi,3,15,0,0,seed_annual_estimate,,NCDC sitrep 52 2021
41,2021,Benue,1,4,0,0,seed_annual_estimate,,NCDC sitrep 52 2021
41,2021,Cross River,0,2,0,0,seed_annual_estimate,,NCDC sitrep 52 2021
41,2021,Delta,1,5,0,0,seed_annual_estimate,,NCDC sitrep 52 2021
41,2021,Ebonyi,2,11,0,0,seed_annual_estimate,,NCDC sitrep 52 2021
41,2021,Edo,6,38,1,0,seed_annual_estimate,,NCDC sitrep 52 2021
41,2021,Enugu,0,3,0,0,seed_annual_estimate,,NCDC sitrep 52 2021
41,2021,Imo,0,1,0,0,seed_annual_estimate,,NCDC sitrep 52 2021
41,2021,Kogi,1,4,0,0,seed_annual_estimate,,NCDC sitrep 52 2021
41,2021,Nasarawa,1,3,0,0,seed_annual_estimate,,NCDC sitrep 52 2021
41,2021,Ondo,4,24,1,0,seed_annual_estimate,,NCDC sitrep 52 2021
41,2021,Plateau,0,3,0,0,seed_annual_estimate,,NCDC sitrep 52 2021
41,2021,Taraba,2,13,0,0,seed_annual_estimate,,NCDC sitrep 52 2021
42,2021,Adamawa,0,2,0,0,seed_annual_estimate,,NCDC sitrep 52 2021
42,2021,Anambra,1,6,0,0,seed_annual_estimate,,NCDC sitrep 52 2021
42,2021,Bauchi,3,15,0,0,seed_annual_estimate,,NCDC sitrep 52 2021
42,2021,Benue,1,4,0,0,seed_annual_estimate,,NCDC sitrep 52 2021
42,2021,Cross River,0,2,0,0,seed_annual_estimate,,NCDC sitrep 52 2021
42,2021,Delta,1,5,0,0,seed_annual_estimate,,NCDC sitrep 52 2021
42,2021,Ebonyi,2,11,0,0,seed_annual_estimate,,NCDC sitrep 52 2021
42,2021,Edo,6,38,1,0,seed_annual_estimate,,NCDC sitrep 52 2021
42,2021,Enugu,0,3,0,0,seed_annual_estimate,,NCDC sitrep 52 2021
42,2021,Imo,0,1,0,0,seed_annual_estimate,,NCDC sitrep 52 2021
42,2021,Kogi,1,4,0,0,seed_annual_estimate,,NCDC sitrep 52 2021
42,2021,Nasarawa,1,3,0,0,seed_annual_estimate,,NCDC sitrep 52 2021
42,2021,Ondo,4,24,1,0,seed_annual_estimate,,NCDC sitrep 52 2021
42,2021,Plateau,0,3,0,0,seed_annual_estimate,,NCDC sitrep 52 2021
42,2021,Taraba,2,13,0,0,seed_annual_estimate,,NCDC sitrep 52 2021
43,2021,Adamawa,0,2,0,0,seed_annual_estimate,,NCDC sitrep 52 2021
43,2021,Anambra,1,6,0,0,seed_annual_estimate,,NCDC sitrep 52 2021
43,2021,Bauchi,3,15,0,0,seed_annual_estimate,,NCDC sitrep 52 2021
43,2021,Benue,1,4,0,0,seed_annual_estimate,,NCDC sitrep 52 2021
43,2021,Cross River,0,2,0,0,seed_annual_estimate,,NCDC sitrep 52 2021
43,2021,Delta,1,5,0,0,seed_annual_estimate,,NCDC sitrep 52 2021
43,2021,Ebonyi,2,11,0,0,seed_annual_estimate,,NCDC sitrep 52 2021
43,2021,Edo,6,38,1,0,seed_annual_estimate,,NCDC sitrep 52 2021
43,2021,Enugu,0,3,0,0,seed_annual_estimate,,NCDC sitrep 52 2021
43,2021,Imo,0,1,0,0,seed_annual_estimate,,NCDC sitrep 52 2021
43,2021,Kogi,1,4,0,0,seed_annual_estimate,,NCDC sitrep 52 2021
43,2021,Nasarawa,1,3,0,0,seed_annual_estimate,,NCDC sitrep 52 2021
43,2021,Ondo,4,24,1,0,seed_annual_estimate,,NCDC sitrep 52 2021
43,2021,Plateau,0,3,0,0,seed_annual_estimate,,NCDC sitrep 52 2021
43,2021,Taraba,2,13,0,0,seed_annual_estimate,,NCDC sitrep 52 2021
44,2021,Adamawa,0,1,0,0,seed_annual_estimate,,NCDC sitrep 52 2021
44,2021,Anambra,0,2,0,0,seed_annual_estimate,,NCDC sitrep 52 2021
44,2021,Bauchi,1,7,0,0,seed_annual_estimate,,NCDC sitrep 52 2021
44,2021,Benue,0,2,0,0,seed_annual_estimate,,NCDC sitrep 52 2021
44,2021,Cross River,0,1,0,0,seed_annual_estimate,,NCDC sitrep 52 2021
44,2021,Delta,0,2,0,0,seed_annual_estimate,,NCDC sitrep 52 2021
44,2021,Ebonyi,1,5,0,0,seed_annual_estimate,,NCDC sitrep 52 2021
44,2021,Edo,3,17,1,0,seed_annual_estimate,,NCDC sitrep 52 2021
44,2021,Enugu,0,1,0,0,seed_annual_estimate,,NCDC sitrep 52 2021
44,2021,Imo,0,1,0,0,seed_annual_estimate,,NCDC sitrep 52 2021
44,2021,Kogi,0,2,0,0,seed_annual_estimate,,NCDC sitrep 52 2021
44,2021,Nasarawa,0,1,0,0,seed_annual_estimate,,NCDC sitrep 52 2021
44,2021,Ondo,2,11,0,0,seed_annual_estimate,,NCDC sitrep 52 2021
44,2021,Plateau,0,1,0,0,seed_annual_estimate,,NCDC sitrep 52 2021
44,2021,Taraba,1,6,0,0,seed_annual_estimate,,NCDC sitrep 52 2021
45,2021,Adamawa,0,1,0,0,seed_annual_estimate,,NCDC sitrep 52 2021
45,2021,Anambra,0,2,0,0,seed_annual_estimate,,NCDC sitrep 52 2021
45,2021,Bauchi,1,7,0,0,seed_annual_estimate,,NCDC sitrep 52 2021
45,2021,Benue,0,2,0,0,seed_annual_estimate,,NCDC sitrep 52 2021
45,2021,Cross River,0,1,0,0,seed_annual_estimate,,NCDC sitrep 52 2021
45,2021,Delta,0,2,0,0,seed_annual_estimate,,NCDC sitrep 52 2021
45,2021,Ebonyi,1,5,0,0,seed_annual_estimate,,NCDC sitrep 52 2021
45,2021,Edo,3,17,1,0,seed_annual_estimate,,NCDC sitrep 52 2021
45,2021,Enugu,0,1,0,0,seed_annual_estimate,,NCDC sitrep 52 2021
45,2021,Imo,0,1,0,0,seed_annual_estimate,,NCDC sitrep 52 2021
45,2021,Kogi,0,2,0,0,seed_annual_estimate,,NCDC sitrep 52 2021
45,2021,Nasarawa,0,1,0,0,seed_annual_estimate,,NCDC sitrep 52 2021
45,2021,Ondo,2,11,0,0,seed_annual_estimate,,NCDC sitrep 52 2021
45,2021,Plateau,0,1,0,0,seed_annual_estimate,,NCDC sitrep 52 2021
45,2021,Taraba,1,6,0,0,seed_annual_estimate,,NCDC sitrep 52 2021
46,2021,Adamawa,0,1,0,0,seed_annual_estimate,,NCDC sitrep 52 2021
46,2021,Anambra,0,2,0,0,seed_annual_estimate,,NCDC sitrep 52 2021
46,2021,Bauchi,1,7,0,0,seed_annual_estimate,,NCDC sitrep 52 2021
46,2021,Benue,0,2,0,0,seed_annual_estimate,,NCDC sitrep 52 2021
46,2021,Cross River,0,1,0,0,seed_annual_estimate,,NCDC sitrep 52 2021
46,2021,Delta,0,2,0,0,seed_annual_estimate,,NCDC sitrep 52 2021
46,2021,Ebonyi,1,5,0,0,seed_annual_estimate,,NCDC sitrep 52 2021
46,2021,Edo,3,17,1,0,seed_annual_estimate,,NCDC sitrep 52 2021
46,2021,Enugu,0,1,0,0,seed_annual_estimate,,NCDC sitrep 52 2021
46,2021,Imo,0,1,0,0,seed_annual_estimate,,NCDC sitrep 52 2021
46,2021,Kogi,0,2,0,0,seed_annual_estimate,,NCDC sitrep 52 2021
46,2021,Nasarawa,0,1,0,0,seed_annual_estimate,,NCDC sitrep 52 2021
46,2021,Ondo,2,11,0,0,seed_annual_estimate,,NCDC sitrep 52 2021
46,2021,Plateau,0,1,0,0,seed_annual_estimate,,NCDC sitrep 52 2021
46,2021,Taraba,1,6,0,0,seed_annual_estimate,,NCDC sitrep 52 2021
47,2021,Adamawa,0,1,0,0,seed_annual_estimate,,NCDC sitrep 52 2021
47,2021,Anambra,0,2,0,0,seed_annual_estimate,,NCDC sitrep 52 2021
47,2021,Bauchi,1,7,0,0,seed_annual_estimate,,NCDC sitrep 52 2021
47,2021,Benue,0,2,0,0,seed_annual_estimate,,NCDC sitrep 52 2021
47,2021,Cross River,0,1,0,0,seed_annual_estimate,,NCDC sitrep 52 2021
47,2021,Delta,0,2,0,0,seed_annual_estimate,,NCDC sitrep 52 2021
47,2021,Ebonyi,1,5,0,0,seed_annual_estimate,,NCDC sitrep 52 2021
47,2021,Edo,3,17,1,0,seed_annual_estimate,,NCDC sitrep 52 2021
47,2021,Enugu,0,1,0,0,seed_annual_estimate,,NCDC sitrep 52 2021
47,2021,Imo,0,1,0,0,seed_annual_estimate,,NCDC sitrep 52 2021
47,2021,Kogi,0,2,0,0,seed_annual_estimate,,NCDC sitrep 52 2021
47,2021,Nasarawa,0,1,0,0,seed_annual_estimate,,NCDC sitrep 52 2021
47,2021,Ondo,2,11,0,0,seed_annual_estimate,,NCDC sitrep 52 2021
47,2021,Plateau,0,1,0,0,seed_annual_estimate,,NCDC sitrep 52 2021
47,2021,Taraba,1,6,0,0,seed_annual_estimate,,NCDC sitrep 52 2021
48,2021,Adamawa,0,1,0,0,seed_annual_estimate,,NCDC sitrep 52 2021
48,2021,Anambra,0,2,0,0,seed_annual_estimate,,NCDC sitrep 52 2021
48,2021,Bauchi,1,7,0,0,seed_annual_estimate,,NCDC sitrep 52 2021
48,2021,Benue,0,2,0,0,seed_annual_estimate,,NCDC sitrep 52 2021
48,2021,Cross River,0,1,0,0,seed_annual_estimate,,NCDC sitrep 52 2021
48,2021,Delta,0,2,0,0,seed_annual_estimate,,NCDC sitrep 52 2021
48,2021,Ebonyi,1,5,0,0,seed_annual_estimate,,NCDC sitrep 52 2021
48,2021,Edo,3,17,1,0,seed_annual_estimate,,NCDC sitrep 52 2021
48,2021,Enugu,0,1,0,0,seed_annual_estimate,,NCDC sitrep 52 2021
48,2021,Imo,0,1,0,0,seed_annual_estimate,,NCDC sitrep 52 2021
48,2021,Kogi,0,2,0,0,seed_annual_estimate,,NCDC sitrep 52 2021
48,2021,Nasarawa,0,1,0,0,seed_annual_estimate,,NCDC sitrep 52 2021
48,2021,Ondo,2,11,0,0,seed_annual_estimate,,NCDC sitrep 52 2021
48,2021,Plateau,0,1,0,0,seed_annual_estimate,,NCDC sitrep 52 2021
48,2021,Taraba,1,6,0,0,seed_annual_estimate,,NCDC sitrep 52 2021
49,2021,Adamawa,0,1,0,0,seed_annual_estimate,,NCDC sitrep 52 2021
49,2021,Anambra,0,2,0,0,seed_annual_estimate,,NCDC sitrep 52 2021
49,2021,Bauchi,1,7,0,0,seed_annual_estimate,,NCDC sitrep 52 2021
49,2021,Benue,0,2,0,0,seed_annual_estimate,,NCDC sitrep 52 2021
49,2021,Cross River,0,1,0,0,seed_annual_estimate,,NCDC sitrep 52 2021
49,2021,Delta,0,2,0,0,seed_annual_estimate,,NCDC sitrep 52 2021
49,2021,Ebonyi,1,5,0,0,seed_annual_estimate,,NCDC sitrep 52 2021
49,2021,Edo,3,17,1,0,seed_annual_estimate,,NCDC sitrep 52 2021
49,2021,Enugu,0,1,0,0,seed_annual_estimate,,NCDC sitrep 52 2021
49,2021,Imo,0,1,0,0,seed_annual_estimate,,NCDC sitrep 52 2021
49,2021,Kogi,0,2,0,0,seed_annual_estimate,,NCDC sitrep 52 2021
49,2021,Nasarawa,0,1,0,0,seed_annual_estimate,,NCDC sitrep 52 2021
49,2021,Ondo,2,11,0,0,seed_annual_estimate,,NCDC sitrep 52 2021
49,2021,Plateau,0,1,0,0,seed_annual_estimate,,NCDC sitrep 52 2021
49,2021,Taraba,1,6,0,0,seed_annual_estimate,,NCDC sitrep 52 2021
50,2021,Adamawa,0,1,0,0,seed_annual_estimate,,NCDC sitrep 52 2021
50,2021,Anambra,0,2,0,0,seed_annual_estimate,,NCDC sitrep 52 2021
50,2021,Bauchi,1,7,0,0,seed_annual_estimate,,NCDC sitrep 52 2021
50,2021,Benue,0,2,0,0,seed_annual_estimate,,NCDC sitrep 52 2021
50,2021,Cross River,0,1,0,0,seed_annual_estimate,,NCDC sitrep 52 2021
50,2021,Delta,0,2,0,0,seed_annual_estimate,,NCDC sitrep 52 2021
50,2021,Ebonyi,1,5,0,0,seed_annual_estimate,,NCDC sitrep 52 2021
50,2021,Edo,3,17,1,0,seed_annual_estimate,,NCDC sitrep 52 2021
50,2021,Enugu,0,1,0,0,seed_annual_estimate,,NCDC sitrep 52 2021
50,2021,Imo,0,1,0,0,seed_annual_estimate,,NCDC sitrep 52 2021
50,2021,Kogi,0,2,0,0,seed_annual_estimate,,NCDC sitrep 52 2021
50,2021,Nasarawa,0,1,0,0,seed_annual_estimate,,NCDC sitrep 52 2021
50,2021,Ondo,2,11,0,0,seed_annual_estimate,,NCDC sitrep 52 2021
50,2021,Plateau,0,1,0,0,seed_annual_estimate,,NCDC sitrep 52 2021
50,2021,Taraba,1,6,0,0,seed_annual_estimate,,NCDC sitrep 52 2021
51,2021,Adamawa,0,1,0,0,seed_annual_estimate,,NCDC sitrep 52 2021
51,2021,Anambra,0,2,0,0,seed_annual_estimate,,NCDC sitrep 52 2021
51,2021,Bauchi,1,7,0,0,seed_annual_estimate,,NCDC sitrep 52 2021
51,2021,Benue,0,2,0,0,seed_annual_estimate,,NCDC sitrep 52 2021
51,2021,Cross River,0,1,0,0,seed_annual_estimate,,NCDC sitrep 52 2021
51,2021,Delta,0,2,0,0,seed_annual_estimate,,NCDC sitrep 52 2021
51,2021,Ebonyi,1,5,0,0,seed_annual_estimate,,NCDC sitrep 52 2021
51,2021,Edo,3,17,1,0,seed_annual_estimate,,NCDC sitrep 52 2021
51,2021,Enugu,0,1,0,0,seed_annual_estimate,,NCDC sitrep 52 2021
51,2021,Imo,0,1,0,0,seed_annual_estimate,,NCDC sitrep 52 2021
51,2021,Kogi,0,2,0,0,seed_annual_estimate,,NCDC sitrep 52 2021
51,2021,Nasarawa,0,1,0,0,seed_annual_estimate,,NCDC sitrep 52 2021
51,2021,Ondo,2,11,0,0,seed_annual_estimate,,NCDC sitrep 52 2021
51,2021,Plateau,0,1,0,0,seed_annual_estimate,,NCDC sitrep 52 2021
51,2021,Taraba,1,6,0,0,seed_annual_estimate,,NCDC sitrep 52 2021
52,2021,Adamawa,0,1,0,0,seed_annual_estimate,,NCDC sitrep 52 2021
52,2021,Anambra,0,2,0,0,seed_annual_estimate,,NCDC sitrep 52 2021
52,2021,Bauchi,1,7,0,0,seed_annual_estimate,,NCDC sitrep 52 2021
52,2021,Benue,0,2,0,0,seed_annual_estimate,,NCDC sitrep 52 2021
52,2021,Cross River,0,1,0,0,seed_annual_estimate,,NCDC sitrep 52 2021
52,2021,Delta,0,2,0,0,seed_annual_estimate,,NCDC sitrep 52 2021
52,2021,Ebonyi,1,5,0,0,seed_annual_estimate,,NCDC sitrep 52 2021
52,2021,Edo,3,17,1,0,seed_annual_estimate,,NCDC sitrep 52 2021
52,2021,Enugu,0,1,0,0,seed_annual_estimate,,NCDC sitrep 52 2021
52,2021,Imo,0,1,0,0,seed_annual_estimate,,NCDC sitrep 52 2021
52,2021,Kogi,0,2,0,0,seed_annual_estimate,,NCDC sitrep 52 2021
52,2021,Nasarawa,0,1,0,0,seed_annual_estimate,,NCDC sitrep 52 2021
52,2021,Ondo,2,11,0,0,seed_annual_estimate,,NCDC sitrep 52 2021
52,2021,Plateau,0,1,0,0,seed_annual_estimate,,NCDC sitrep 52 2021
52,2021,Taraba,1,6,0,0,seed_annual_estimate,,NCDC sitrep 52 2021
1,2022,Adamawa,0,1,0,0,seed_annual_estimate,,NCDC sitrep 52 2022
1,2022,Anambra,1,4,0,0,seed_annual_estimate,,NCDC sitrep 52 2022
1,2022,Bauchi,1,10,0,0,seed_annual_estimate,,NCDC sitrep 52 2022
1,2022,Benue,0,3,0,0,seed_annual_estimate,,NCDC sitrep 52 2022
1,2022,Cross River,0,1,0,0,seed_annual_estimate,,NCDC sitrep 52 2022
1,2022,Delta,0,3,0,0,seed_annual_estimate,,NCDC sitrep 52 2022
1,2022,Ebonyi,1,7,0,0,seed_annual_estimate,,NCDC sitrep 52 2022
1,2022,Edo,4,25,1,0,seed_annual_estimate,,NCDC sitrep 52 2022
1,2022,Enugu,0,2,0,0,seed_annual_estimate,,NCDC sitrep 52 2022
1,2022,Imo,0,1,0,0,seed_annual_estimate,,NCDC sitrep 52 2022
1,2022,Kogi,0,2,0,0,seed_annual_estimate,,NCDC sitrep 52 2022
1,2022,Nasarawa,0,2,0,0,seed_annual_estimate,,NCDC sitrep 52 2022
1,2022,Ondo,2,16,0,0,seed_annual_estimate,,NCDC sitrep 52 2022
1,2022,Plateau,0,2,0,0,seed_annual_estimate,,NCDC sitrep 52 2022
1,2022,Taraba,1,9,0,0,seed_annual_estimate,,NCDC sitrep 52 2022
2,2022,Adamawa,0,1,0,0,seed_annual_estimate,,NCDC sitrep 52 2022
2,2022,Anambra,1,4,0,0,seed_annual_estimate,,NCDC sitrep 52 2022
2,2022,Bauchi,1,10,0,0,seed_annual_estimate,,NCDC sitrep 52 2022
2,2022,Benue,0,3,0,0,seed_annual_estimate,,NCDC sitrep 52 2022
2,2022,Cross River,0,1,0,0,seed_annual_estimate,,NCDC sitrep 52 2022
2,2022,Delta,0,3,0,0,seed_annual_estimate,,NCDC sitrep 52 2022
2,2022,Ebonyi,1,7,0,0,seed_annual_estimate,,NCDC sitrep 52 2022
2,2022,Edo,4,25,1,0,seed_annual_estimate,,NCDC sitrep 52 2022
2,2022,Enugu,0,2,0,0,seed_annual_estimate,,NCDC sitrep 52 2022
2,2022,Imo,0,1,0,0,seed_annual_estimate,,NCDC sitrep 52 2022
2,2022,Kogi,0,2,0,0,seed_annual_estimate,,NCDC sitrep 52 2022
2,2022,Nasarawa,0,2,0,0,seed_annual_estimate,,NCDC sitrep 52 2022
2,2022,Ondo,2,16,0,0,seed_annual_estimate,,NCDC sitrep 52 2022
2,2022,Plateau,0,2,0,0,seed_annual_estimate,,NCDC sitrep 52 2022
2,2022,Taraba,1,9,0,0,seed_annual_estimate,,NCDC sitrep 52 2022
3,2022,Adamawa,0,1,0,0,seed_annual_estimate,,NCDC sitrep 52 2022
3,2022,Anambra,1,4,0,0,seed_annual_estimate,,NCDC sitrep 52 2022
3,2022,Bauchi,1,10,0,0,seed_annual_estimate,,NCDC sitrep 52 2022
3,2022,Benue,0,3,0,0,seed_annual_estimate,,NCDC sitrep 52 2022
3,2022,Cross River,0,1,0,0,seed_annual_estimate,,NCDC sitrep 52 2022
3,2022,Delta,0,3,0,0,seed_annual_estimate,,NCDC sitrep 52 2022
3,2022,Ebonyi,1,7,0,0,seed_annual_estimate,,NCDC sitrep 52 2022
3,2022,Edo,4,25,1,0,seed_annual_estimate,,NCDC sitrep 52 2022
3,2022,Enugu,0,2,0,0,seed_annual_estimate,,NCDC sitrep 52 2022
3,2022,Imo,0,1,0,0,seed_annual_estimate,,NCDC sitrep 52 2022
3,2022,Kogi,0,2,0,0,seed_annual_estimate,,NCDC sitrep 52 2022
3,2022,Nasarawa,0,2,0,0,seed_annual_estimate,,NCDC sitrep 52 2022
3,2022,Ondo,2,16,0,0,seed_annual_estimate,,NCDC sitrep 52 2022
3,2022,Plateau,0,2,0,0,seed_annual_estimate,,NCDC sitrep 52 2022
3,2022,Taraba,1,9,0,0,seed_annual_estimate,,NCDC sitrep 52 2022
4,2022,Adamawa,0,1,0,0,seed_annual_estimate,,NCDC sitrep 52 2022
4,2022,Anambra,1,4,0,0,seed_annual_estimate,,NCDC sitrep 52 2022
4,2022,Bauchi,1,10,0,0,seed_annual_estimate,,NCDC sitrep 52 2022
4,2022,Benue,0,3,0,0,seed_annual_estimate,,NCDC sitrep 52 2022
4,2022,Cross River,0,1,0,0,seed_annual_estimate,,NCDC sitrep 52 2022
4,2022,Delta,0,3,0,0,seed_annual_estimate,,NCDC sitrep 52 2022
4,2022,Ebonyi,1,7,0,0,seed_annual_estimate,,NCDC sitrep 52 2022
4,2022,Edo,4,25,1,0,seed_annual_estimate,,NCDC sitrep 52 2022
4,2022,Enugu,0,2,0,0,seed_annual_estimate,,NCDC sitrep 52 2022
4,2022,Imo,0,1,0,0,seed_annual_estimate,,NCDC sitrep 52 2022
4,2022,Kogi,0,2,0,0,seed_annual_estimate,,NCDC sitrep 52 2022
4,2022,Nasarawa,0,2,0,0,seed_annual_estimate,,NCDC sitrep 52 2022
4,2022,Ondo,2,16,0,0,seed_annual_estimate,,NCDC sitrep 52 2022
4,2022,Plateau,0,2,0,0,seed_annual_estimate,,NCDC sitrep 52 2022
4,2022,Taraba,1,9,0,0,seed_annual_estimate,,NCDC sitrep 52 2022
5,2022,Adamawa,0,1,0,0,seed_annual_estimate,,NCDC sitrep 52 2022
5,2022,Anambra,1,4,0,0,seed_annual_estimate,,NCDC sitrep 52 2022
5,2022,Bauchi,1,10,0,0,seed_annual_estimate,,NCDC sitrep 52 2022
5,2022,Benue,0,3,0,0,seed_annual_estimate,,NCDC sitrep 52 2022
5,2022,Cross River,0,1,0,0,seed_annual_estimate,,NCDC sitrep 52 2022
5,2022,Delta,0,3,0,0,seed_annual_estimate,,NCDC sitrep 52 2022
5,2022,Ebonyi,1,7,0,0,seed_annual_estimate,,NCDC sitrep 52 2022
5,2022,Edo,4,25,1,0,seed_annual_estimate,,NCDC sitrep 52 2022
5,2022,Enugu,0,2,0,0,seed_annual_estimate,,NCDC sitrep 52 2022
5,2022,Imo,0,1,0,0,seed_annual_estimate,,NCDC sitrep 52 2022
5,2022,Kogi,0,2,0,0,seed_annual_estimate,,NCDC sitrep 52 2022
5,2022,Nasarawa,0,2,0,0,seed_annual_estimate,,NCDC sitrep 52 2022
5,2022,Ondo,2,16,0,0,seed_annual_estimate,,NCDC sitrep 52 2022
5,2022,Plateau,0,2,0,0,seed_annual_estimate,,NCDC sitrep 52 2022
5,2022,Taraba,1,9,0,0,seed_annual_estimate,,NCDC sitrep 52 2022
6,2022,Adamawa,0,1,0,0,seed_annual_estimate,,NCDC sitrep 52 2022
6,2022,Anambra,1,4,0,0,seed_annual_estimate,,NCDC sitrep 52 2022
6,2022,Bauchi,1,10,0,0,seed_annual_estimate,,NCDC sitrep 52 2022
6,2022,Benue,0,3,0,0,seed_annual_estimate,,NCDC sitrep 52 2022
6,2022,Cross River,0,1,0,0,seed_annual_estimate,,NCDC sitrep 52 2022
6,2022,Delta,0,3,0,0,seed_annual_estimate,,NCDC sitrep 52 2022
6,2022,Ebonyi,1,7,0,0,seed_annual_estimate,,NCDC sitrep 52 2022
6,2022,Edo,4,25,1,0,seed_annual_estimate,,NCDC sitrep 52 2022
6,2022,Enugu,0,2,0,0,seed_annual_estimate,,NCDC sitrep 52 2022
6,2022,Imo,0,1,0,0,seed_annual_estimate,,NCDC sitrep 52 2022
6,2022,Kogi,0,2,0,0,seed_annual_estimate,,NCDC sitrep 52 2022
6,2022,Nasarawa,0,2,0,0,seed_annual_estimate,,NCDC sitrep 52 2022
6,2022,Ondo,2,16,0,0,seed_annual_estimate,,NCDC sitrep 52 2022
6,2022,Plateau,0,2,0,0,seed_annual_estimate,,NCDC sitrep 52 2022
6,2022,Taraba,1,9,0,0,seed_annual_estimate,,NCDC sitrep 52 2022
7,2022,Adamawa,0,1,0,0,seed_annual_estimate,,NCDC sitrep 52 2022
7,2022,Anambra,1,4,0,0,seed_annual_estimate,,NCDC sitrep 52 2022
7,2022,Bauchi,1,10,0,0,seed_annual_estimate,,NCDC sitrep 52 2022
7,2022,Benue,0,3,0,0,seed_annual_estimate,,NCDC sitrep 52 2022
7,2022,Cross River,0,1,0,0,seed_annual_estimate,,NCDC sitrep 52 2022
7,2022,Delta,0,3,0,0,seed_annual_estimate,,NCDC sitrep 52 2022
7,2022,Ebonyi,1,7,0,0,seed_annual_estimate,,NCDC sitrep 52 2022
7,2022,Edo,4,25,1,0,seed_annual_estimate,,NCDC sitrep 52 2022
7,2022,Enugu,0,2,0,0,seed_annual_estimate,,NCDC sitrep 52 2022
7,2022,Imo,0,1,0,0,seed_annual_estimate,,NCDC sitrep 52 2022
7,2022,Kogi,0,2,0,0,seed_annual_estimate,,NCDC sitrep 52 2022
7,2022,Nasarawa,0,2,0,0,seed_annual_estimate,,NCDC sitrep 52 2022
7,2022,Ondo,2,16,0,0,seed_annual_estimate,,NCDC sitrep 52 2022
7,2022,Plateau,0,2,0,0,seed_annual_estimate,,NCDC sitrep 52 2022
7,2022,Taraba,1,9,0,0,seed_annual_estimate,,NCDC sitrep 52 2022
8,2022,Adamawa,0,1,0,0,seed_annual_estimate,,NCDC sitrep 52 2022
8,2022,Anambra,1,4,0,0,seed_annual_estimate,,NCDC sitrep 52 2022
8,2022,Bauchi,1,10,0,0,seed_annual_estimate,,NCDC sitrep 52 2022
8,2022,Benue,0,3,0,0,seed_annual_estimate,,NCDC sitrep 52 2022
8,2022,Cross River,0,1,0,0,seed_annual_estimate,,NCDC sitrep 52 2022
8,2022,Delta,0,3,0,0,seed_annual_estimate,,NCDC sitrep 52 2022
8,2022,Ebonyi,1,7,0,0,seed_annual_estimate,,NCDC sitrep 52 2022
8,2022,Edo,4,25,1,0,seed_annual_estimate,,NCDC sitrep 52 2022
8,2022,Enugu,0,2,0,0,seed_annual_estimate,,NCDC sitrep 52 2022
8,2022,Imo,0,1,0,0,seed_annual_estimate,,NCDC sitrep 52 2022
8,2022,Kogi,0,2,0,0,seed_annual_estimate,,NCDC sitrep 52 2022
8,2022,Nasarawa,0,2,0,0,seed_annual_estimate,,NCDC sitrep 52 2022
8,2022,Ondo,2,16,0,0,seed_annual_estimate,,NCDC sitrep 52 2022
8,2022,Plateau,0,2,0,0,seed_annual_estimate,,NCDC sitrep 52 2022
8,2022,Taraba,1,9,0,0,seed_annual_estimate,,NCDC sitrep 52 2022
9,2022,Adamawa,0,1,0,0,seed_annual_estimate,,NCDC sitrep 52 2022
9,2022,Anambra,1,4,0,0,seed_annual_estimate,,NCDC sitrep 52 2022
9,2022,Bauchi,1,10,0,0,seed_annual_estimate,,NCDC sitrep 52 2022
9,2022,Benue,0,3,0,0,seed_annual_estimate,,NCDC sitrep 52 2022
9,2022,Cross River,0,1,0,0,seed_annual_estimate,,NCDC sitrep 52 2022
9,2022,Delta,0,3,0,0,seed_annual_estimate,,NCDC sitrep 52 2022
9,2022,Ebonyi,1,7,0,0,seed_annual_estimate,,NCDC sitrep 52 2022
9,2022,Edo,4,25,1,0,seed_annual_estimate,,NCDC sitrep 52 2022
9,2022,Enugu,0,2,0,0,seed_annual_estimate,,NCDC sitrep 52 2022
9,2022,Imo,0,1,0,0,seed_annual_estimate,,NCDC sitrep 52 2022
9,2022,Kogi,0,2,0,0,seed_annual_estimate,,NCDC sitrep 52 2022
9,2022,Nasarawa,0,2,0,0,seed_annual_estimate,,NCDC sitrep 52 2022
9,2022,Ondo,2,16,0,0,seed_annual_estimate,,NCDC sitrep 52 2022
9,2022,Plateau,0,2,0,0,seed_annual_estimate,,NCDC sitrep 52 2022
9,2022,Taraba,1,9,0,0,seed_annual_estimate,,NCDC sitrep 52 2022
10,2022,Adamawa,0,1,0,0,seed_annual_estimate,,NCDC sitrep 52 2022
10,2022,Anambra,1,4,0,0,seed_annual_estimate,,NCDC sitrep 52 2022
10,2022,Bauchi,1,10,0,0,seed_annual_estimate,,NCDC sitrep 52 2022
10,2022,Benue,0,3,0,0,seed_annual_estimate,,NCDC sitrep 52 2022
10,2022,Cross River,0,1,0,0,seed_annual_estimate,,NCDC sitrep 52 2022
10,2022,Delta,0,3,0,0,seed_annual_estimate,,NCDC sitrep 52 2022
10,2022,Ebonyi,1,7,0,0,seed_annual_estimate,,NCDC sitrep 52 2022
10,2022,Edo,4,25,1,0,seed_annual_estimate,,NCDC sitrep 52 2022
10,2022,Enugu,0,2,0,0,seed_annual_estimate,,NCDC sitrep 52 2022
10,2022,Imo,0,1,0,0,seed_annual_estimate,,NCDC sitrep 52 2022
10,2022,Kogi,0,2,0,0,seed_annual_estimate,,NCDC sitrep 52 2022
10,2022,Nasarawa,0,2,0,0,seed_annual_estimate,,NCDC sitrep 52 2022
10,2022,Ondo,2,16,0,0,seed_annual_estimate,,NCDC sitrep 52 2022
10,2022,Plateau,0,2,0,0,seed_annual_estimate,,NCDC sitrep 52 2022
10,2022,Taraba,1,9,0,0,seed_annual_estimate,,NCDC sitrep 52 2022
11,2022,Adamawa,0,1,0,0,seed_annual_estimate,,NCDC sitrep 52 2022
11,2022,Anambra,1,4,0,0,seed_annual_estimate,,NCDC sitrep 52 2022
11,2022,Bauchi,1,10,0,0,seed_annual_estimate,,NCDC sitrep 52 2022
11,2022,Benue,0,3,0,0,seed_annual_estimate,,NCDC sitrep 52 2022
11,2022,Cross River,0,1,0,0,seed_annual_estimate,,NCDC sitrep 52 2022
11,2022,Delta,0,3,0,0,seed_annual_estimate,,NCDC sitrep 52 2022
11,2022,Ebonyi,1,7,0,0,seed_annual_estimate,,NCDC sitrep 52 2022
11,2022,Edo,4,25,1,0,seed_annual_estimate,,NCDC sitrep 52 2022
11,2022,Enugu,0,2,0,0,seed_annual_estimate,,NCDC sitrep 52 2022
11,2022,Imo,0,1,0,0,seed_annual_estimate,,NCDC sitrep 52 2022
11,2022,Kogi,0,2,0,0,seed_annual_estimate,,NCDC sitrep 52 2022
11,2022,Nasarawa,0,2,0,0,seed_annual_estimate,,NCDC sitrep 52 2022
11,2022,Ondo,2,16,0,0,seed_annual_estimate,,NCDC sitrep 52 2022
11,2022,Plateau,0,2,0,0,seed_annual_estimate,,NCDC sitrep 52 2022
11,2022,Taraba,1,9,0,0,seed_annual_estimate,,NCDC sitrep 52 2022
12,2022,Adamawa,0,1,0,0,seed_annual_estimate,,NCDC sitrep 52 2022
12,2022,Anambra,1,4,0,0,seed_annual_estimate,,NCDC sitrep 52 2022
12,2022,Bauchi,1,10,0,0,seed_annual_estimate,,NCDC sitrep 52 2022
12,2022,Benue,0,3,0,0,seed_annual_estimate,,NCDC sitrep 52 2022
12,2022,Cross River,0,1,0,0,seed_annual_estimate,,NCDC sitrep 52 2022
12,2022,Delta,0,3,0,0,seed_annual_estimate,,NCDC sitrep 52 2022
12,2022,Ebonyi,1,7,0,0,seed_annual_estimate,,NCDC sitrep 52 2022
12,2022,Edo,4,25,1,0,seed_annual_estimate,,NCDC sitrep 52 2022
12,2022,Enugu,0,2,0,0,seed_annual_estimate,,NCDC sitrep 52 2022
12,2022,Imo,0,1,0,0,seed_annual_estimate,,NCDC sitrep 52 2022
12,2022,Kogi,0,2,0,0,seed_annual_estimate,,NCDC sitrep 52 2022
12,2022,Nasarawa,0,2,0,0,seed_annual_estimate,,NCDC sitrep 52 2022
12,2022,Ondo,2,16,0,0,seed_annual_estimate,,NCDC sitrep 52 2022
12,2022,Plateau,0,2,0,0,seed_annual_estimate,,NCDC sitrep 52 2022
12,2022,Taraba,1,9,0,0,seed_annual_estimate,,NCDC sitrep 52 2022
13,2022,Adamawa,0,1,0,0,seed_annual_estimate,,NCDC sitrep 52 2022
13,2022,Anambra,1,4,0,0,seed_annual_estimate,,NCDC sitrep 52 2022
13,2022,Bauchi,1,10,0,0,seed_annual_estimate,,NCDC sitrep 52 2022
13,2022,Benue,0,3,0,0,seed_annual_estimate,,NCDC sitrep 52 2022
13,2022,Cross River,0,1,0,0,seed_annual_estimate,,NCDC sitrep 52 2022
13,2022,Delta,0,3,0,0,seed_annual_estimate,,NCDC sitrep 52 2022
13,2022,Ebonyi,1,7,0,0,seed_annual_estimate,,NCDC sitrep 52 2022
13,2022,Edo,4,25,1,0,seed_annual_estimate,,NCDC sitrep 52 2022
13,2022,Enugu,0,2,0,0,seed_annual_estimate,,NCDC sitrep 52 2022
13,2022,Imo,0,1,0,0,seed_annual_estimate,,NCDC sitrep 52 2022
13,2022,Kogi,0,2,0,0,seed_annual_estimate,,NCDC sitrep 52 2022
13,2022,Nasarawa,0,2,0,0,seed_annual_estimate,,NCDC sitrep 52 2022
13,2022,Ondo,2,16,0,0,seed_annual_estimate,,NCDC sitrep 52 2022
13,2022,Plateau,0,2,0,0,seed_annual_estimate,,NCDC sitrep 52 2022
13,2022,Taraba,1,9,0,0,seed_annual_estimate,,NCDC sitrep 52 2022
14,2022,Adamawa,0,1,0,0,seed_annual_estimate,,NCDC sitrep 52 2022
14,2022,Anambra,1,4,0,0,seed_annual_estimate,,NCDC sitrep 52 2022
14,2022,Bauchi,1,10,0,0,seed_annual_estimate,,NCDC sitrep 52 2022
14,2022,Benue,0,3,0,0,seed_annual_estimate,,NCDC sitrep 52 2022
14,2022,Cross River,0,1,0,0,seed_annual_estimate,,NCDC sitrep 52 2022
14,2022,Delta,0,3,0,0,seed_annual_estimate,,NCDC sitrep 52 2022
14,2022,Ebonyi,1,7,0,0,seed_annual_estimate,,NCDC sitrep 52 2022
14,2022,Edo,4,25,1,0,seed_annual_estimate,,NCDC sitrep 52 2022
14,2022,Enugu,0,2,0,0,seed_annual_estimate,,NCDC sitrep 52 2022
14,2022,Imo,0,1,0,0,seed_annual_estimate,,NCDC sitrep 52 2022
14,2022,Kogi,0,2,0,0,seed_annual_estimate,,NCDC sitrep 52 2022
14,2022,Nasarawa,0,2,0,0,seed_annual_estimate,,NCDC sitrep 52 2022
14,2022,Ondo,2,16,0,0,seed_annual_estimate,,NCDC sitrep 52 2022
14,2022,Plateau,0,2,0,0,seed_annual_estimate,,NCDC sitrep 52 2022
14,2022,Taraba,1,9,0,0,seed_annual_estimate,,NCDC sitrep 52 2022
15,2022,Adamawa,0,1,0,0,seed_annual_estimate,,NCDC sitrep 52 2022
15,2022,Anambra,1,4,0,0,seed_annual_estimate,,NCDC sitrep 52 2022
15,2022,Bauchi,1,10,0,0,seed_annual_estimate,,NCDC sitrep 52 2022
15,2022,Benue,0,3,0,0,seed_annual_estimate,,NCDC sitrep 52 2022
15,2022,Cross River,0,1,0,0,seed_annual_estimate,,NCDC sitrep 52 2022
15,2022,Delta,0,3,0,0,seed_annual_estimate,,NCDC sitrep 52 2022
15,2022,Ebonyi,1,7,0,0,seed_annual_estimate,,NCDC sitrep 52 2022
15,2022,Edo,4,25,1,0,seed_annual_estimate,,NCDC sitrep 52 2022
15,2022,Enugu,0,2,0,0,seed_annual_estimate,,NCDC sitrep 52 2022
15,2022,Imo,0,1,0,0,seed_annual_estimate,,NCDC sitrep 52 2022
15,2022,Kogi,0,2,0,0,seed_annual_estimate,,NCDC sitrep 52 2022
15,2022,Nasarawa,0,2,0,0,seed_annual_estimate,,NCDC sitrep 52 2022
15,2022,Ondo,2,16,0,0,seed_annual_estimate,,NCDC sitrep 52 2022
15,2022,Plateau,0,2,0,0,seed_annual_estimate,,NCDC sitrep 52 2022
15,2022,Taraba,1,9,0,0,seed_annual_estimate,,NCDC sitrep 52 2022
16,2022,Adamawa,0,1,0,0,seed_annual_estimate,,NCDC sitrep 52 2022
16,2022,Anambra,1,4,0,0,seed_annual_estimate,,NCDC sitrep 52 2022
16,2022,Bauchi,1,10,0,0,seed_annual_estimate,,NCDC sitrep 52 2022
16,2022,Benue,0,3,0,0,seed_annual_estimate,,NCDC sitrep 52 2022
16,2022,Cross River,0,1,0,0,seed_annual_estimate,,NCDC sitrep 52 2022
16,2022,Delta,0,3,0,0,seed_annual_estimate,,NCDC sitrep 52 2022
16,2022,Ebonyi,1,7,0,0,seed_annual_estimate,,NCDC sitrep 52 2022
16,2022,Edo,4,25,1,0,seed_annual_estimate,,NCDC sitrep 52 2022
16,2022,Enugu,0,2,0,0,seed_annual_estimate,,NCDC sitrep 52 2022
16,2022,Imo,0,1,0,0,seed_annual_estimate,,NCDC sitrep 52 2022
16,2022,Kogi,0,2,0,0,seed_annual_estimate,,NCDC sitrep 52 2022
16,2022,Nasarawa,0,2,0,0,seed_annual_estimate,,NCDC sitrep 52 2022
16,2022,Ondo,2,16,0,0,seed_annual_estimate,,NCDC sitrep 52 2022
16,2022,Plateau,0,2,0,0,seed_annual_estimate,,NCDC sitrep 52 2022
16,2022,Taraba,1,9,0,0,seed_annual_estimate,,NCDC sitrep 52 2022
17,2022,Adamawa,0,1,0,0,seed_annual_estimate,,NCDC sitrep 52 2022
17,2022,Anambra,1,4,0,0,seed_annual_estimate,,NCDC sitrep 52 2022
17,2022,Bauchi,1,10,0,0,seed_annual_estimate,,NCDC sitrep 52 2022
17,2022,Benue,0,3,0,0,seed_annual_estimate,,NCDC sitrep 52 2022
17,2022,Cross River,0,1,0,0,seed_annual_estimate,,NCDC sitrep 52 2022
17,2022,Delta,0,3,0,0,seed_annual_estimate,,NCDC sitrep 52 2022
17,2022,Ebonyi,1,7,0,0,seed_annual_estimate,,NCDC sitrep 52 2022
17,2022,Edo,4,25,1,0,seed_annual_estimate,,NCDC sitrep 52 2022
17,2022,Enugu,0,2,0,0,seed_annual_estimate,,NCDC sitrep 52 2022
17,2022,Imo,0,1,0,0,seed_annual_estimate,,NCDC sitrep 52 2022
17,2022,Kogi,0,2,0,0,seed_annual_estimate,,NCDC sitrep 52 2022
17,2022,Nasarawa,0,2,0,0,seed_annual_estimate,,NCDC sitrep 52 2022
17,2022,Ondo,2,16,0,0,seed_annual_estimate,,NCDC sitrep 52 2022
17,2022,Plateau,0,2,0,0,seed_annual_estimate,,NCDC sitrep 52 2022
17,2022,Taraba,1,9,0,0,seed_annual_estimate,,NCDC sitrep 52 2022
18,2022,Adamawa,0,2,0,0,seed_annual_estimate,,NCDC sitrep 52 2022
18,2022,Anambra,1,8,0,0,seed_annual_estimate,,NCDC sitrep 52 2022
18,2022,Bauchi,3,22,1,0,seed_annual_estimate,,NCDC sitrep 52 2022
18,2022,Benue,1,6,0,0,seed_annual_estimate,,NCDC sitrep 52 2022
18,2022,Cross River,0,3,0,0,seed_annual_estimate,,NCDC sitrep 52 2022
18,2022,Delta,1,8,0,0,seed_annual_estimate,,NCDC sitrep 52 2022
18,2022,Ebonyi,2,16,0,0,seed_annual_estimate,,NCDC sitrep 52 2022
18,2022,Edo,8,57,1,0,seed_annual_estimate,,NCDC sitrep 52 2022
18,2022,Enugu,1,4,0,0,seed_annual_estimate,,NCDC sitrep 52 2022
18,2022,Imo,0,2,0,0,seed_annual_estimate,,NCDC sitrep 52 2022
18,2022,Kogi,1,6,0,0,seed_annual_estimate,,NCDC sitrep 52 2022
18,2022,Nasarawa,1,5,0,0,seed_annual_estimate,,NCDC sitrep 52 2022
18,2022,Ondo,5,37,1,0,seed_annual_estimate,,NCDC sitrep 52 2022
18,2022,Plateau,1,4,0,0,seed_annual_estimate,,NCDC sitrep 52 2022
18,2022,Taraba,3,19,1,0,seed_annual_estimate,,NCDC sitrep 52 2022
19,2022,Adamawa,0,2,0,0,seed_annual_estimate,,NCDC sitrep 52 2022
19,2022,Anambra,1,8,0,0,seed_annual_estimate,,NCDC sitrep 52 2022
19,2022,Bauchi,3,22,1,0,seed_annual_estimate,,NCDC sitrep 52 2022
19,2022,Benue,1,6,0,0,seed_annual_estimate,,NCDC sitrep 52 2022
19,2022,Cross River,0,3,0,0,seed_annual_estimate,,NCDC sitrep 52 2022
19,2022,Delta,1,8,0,0,seed_annual_estimate,,NCDC sitrep 52 2022
19,2022,Ebonyi,2,16,0,0,seed_annual_estimate,,NCDC sitrep 52 2022
19,2022,Edo,8,57,1,0,seed_annual_estimate,,NCDC sitrep 52 2022
19,2022,Enugu,1,4,0,0,seed_annual_estimate,,NCDC sitrep 52 2022
19,2022,Imo,0,2,0,0,seed_annual_estimate,,NCDC sitrep 52 2022
19,2022,Kogi,1,6,0,0,seed_annual_estimate,,NCDC sitrep 52 2022
19,2022,Nasarawa,1,5,0,0,seed_annual_estimate,,NCDC sitrep 52 2022
19,2022,Ondo,5,37,1,0,seed_annual_estimate,,NCDC sitrep 52 2022
19,2022,Plateau,1,4,0,0,seed_annual_estimate,,NCDC sitrep 52 2022
19,2022,Taraba,3,19,1,0,seed_annual_estimate,,NCDC sitrep 52 2022
20,2022,Adamawa,0,2,0,0,seed_annual_estimate,,NCDC sitrep 52 2022
20,2022,Anambra,1,8,0,0,seed_annual_estimate,,NCDC sitrep 52 2022
20,2022,Bauchi,3,22,1,0,seed_annual_estimate,,NCDC sitrep 52 2022
20,2022,Benue,1,6,0,0,seed_annual_estimate,,NCDC sitrep 52 2022
20,2022,Cross River,0,3,0,0,seed_annual_estimate,,NCDC sitrep 52 2022
20,2022,Delta,1,8,0,0,seed_annual_estimate,,NCDC sitrep 52 2022
20,2022,Ebonyi,2,16,0,0,seed_annual_estimate,,NCDC sitrep 52 2022
20,2022,Edo,8,57,1,0,seed_annual_estimate,,NCDC sitrep 52 2022
20,2022,Enugu,1,4,0,0,seed_annual_estimate,,NCDC sitrep 52 2022
20,2022,Imo,0,2,0,0,seed_annual_estimate,,NCDC sitrep 52 2022
20,2022,Kogi,1,6,0,0,seed_annual_estimate,,NCDC sitrep 52 2022
20,2022,Nasarawa,1,5,0,0,seed_annual_estimate,,NCDC sitrep 52 2022
20,2022,Ondo,5,37,1,0,seed_annual_estimate,,NCDC sitrep 52 2022
20,2022,Plateau,1,4,0,0,seed_annual_estimate,,NCDC sitrep 52 2022
20,2022,Taraba,3,19,1,0,seed_annual_estimate,,NCDC sitrep 52 2022
21,2022,Adamawa,0,2,0,0,seed_annual_estimate,,NCDC sitrep 52 2022
21,2022,Anambra,1,8,0,0,seed_annual_estimate,,NCDC sitrep 52 2022
21,2022,Bauchi,3,22,1,0,seed_annual_estimate,,NCDC sitrep 52 2022
21,2022,Benue,1,6,0,0,seed_annual_estimate,,NCDC sitrep 52 2022
21,2022,Cross River,0,3,0,0,seed_annual_estimate,,NCDC sitrep 52 2022
21,2022,Delta,1,8,0,0,seed_annual_estimate,,NCDC sitrep 52 2022
21,2022,Ebonyi,2,16,0,0,seed_annual_estimate,,NCDC sitrep 52 2022
21,2022,Edo,8,57,1,0,seed_annual_estimate,,NCDC sitrep 52 2022
21,2022,Enugu,1,4,0,0,seed_annual_estimate,,NCDC sitrep 52 2022
21,2022,Imo,0,2,0,0,seed_annual_estimate,,NCDC sitrep 52 2022
21,2022,Kogi,1,6,0,0,seed_annual_estimate,,NCDC sitrep 52 2022
21,2022,Nasarawa,1,5,0,0,seed_annual_estimate,,NCDC sitrep 52 2022
21,2022,Ondo,5,37,1,0,seed_annual_estimate,,NCDC sitrep 52 2022
21,2022,Plateau,1,4,0,0,seed_annual_estimate,,NCDC sitrep 52 2022
21,2022,Taraba,3,19,1,0,seed_annual_estimate,,NCDC sitrep 52 2022
22,2022,Adamawa,0,2,0,0,seed_annual_estimate,,NCDC sitrep 52 2022
22,2022,Anambra,1,8,0,0,seed_annual_estimate,,NCDC sitrep 52 2022
22,2022,Bauchi,3,22,1,0,seed_annual_estimate,,NCDC sitrep 52 2022
22,2022,Benue,1,6,0,0,seed_annual_estimate,,NCDC sitrep 52 2022
22,2022,Cross River,0,3,0,0,seed_annual_estimate,,NCDC sitrep 52 2022
22,2022,Delta,1,8,0,0,seed_annual_estimate,,NCDC sitrep 52 2022
22,2022,Ebonyi,2,16,0,0,seed_annual_estimate,,NCDC sitrep 52 2022
22,2022,Edo,8,57,1,0,seed_annual_estimate,,NCDC sitrep 52 2022
22,2022,Enugu,1,4,0,0,seed_annual_estimate,,NCDC sitrep 52 2022
22,2022,Imo,0,2,0,0,seed_annual_estimate,,NCDC sitrep 52 2022
22,2022,Kogi,1,6,0,0,seed_annual_estimate,,NCDC sitrep 52 2022
22,2022,Nasarawa,1,5,0,0,seed_annual_estimate,,NCDC sitrep 52 2022
22,2022,Ondo,5,37,1,0,seed_annual_estimate,,NCDC sitrep 52 2022
22,2022,Plateau,1,4,0,0,seed_annual_estimate,,NCDC sitrep 52 2022
22,2022,Taraba,3,19,1,0,seed_annual_estimate,,NCDC sitrep 52 2022
23,2022,Adamawa,0,2,0,0,seed_annual_estimate,,NCDC sitrep 52 2022
23,2022,Anambra,1,8,0,0,seed_annual_estimate,,NCDC sitrep 52 2022
23,2022,Bauchi,3,22,1,0,seed_annual_estimate,,NCDC sitrep 52 2022
23,2022,Benue,1,6,0,0,seed_annual_estimate,,NCDC sitrep 52 2022
23,2022,Cross River,0,3,0,0,seed_annual_estimate,,NCDC sitrep 52 2022
23,2022,Delta,1,8,0,0,seed_annual_estimate,,NCDC sitrep 52 2022
23,2022,Ebonyi,2,16,0,0,seed_annual_estimate,,NCDC sitrep 52 2022
23,2022,Edo,8,57,1,0,seed_annual_estimate,,NCDC sitrep 52 2022
23,2022,Enugu,1,4,0,0,seed_annual_estimate,,NCDC sitrep 52 2022
23,2022,Imo,0,2,0,0,seed_annual_estimate,,NCDC sitrep 52 2022
23,2022,Kogi,1,6,0,0,seed_annual_estimate,,NCDC sitrep 52 2022
23,2022,Nasarawa,1,5,0,0,seed_annual_estimate,,NCDC sitrep 52 2022
23,2022,Ondo,5,37,1,0,seed_annual_estimate,,NCDC sitrep 52 2022
23,2022,Plateau,1,4,0,0,seed_annual_estimate,,NCDC sitrep 52 2022
23,2022,Taraba,3,19,1,0,seed_annual_estimate,,NCDC sitrep 52 2022
24,2022,Adamawa,0,2,0,0,seed_annual_estimate,,NCDC sitrep 52 2022
24,2022,Anambra,1,8,0,0,seed_annual_estimate,,NCDC sitrep 52 2022
24,2022,Bauchi,3,22,1,0,seed_annual_estimate,,NCDC sitrep 52 2022
24,2022,Benue,1,6,0,0,seed_annual_estimate,,NCDC sitrep 52 2022
24,2022,Cross River,0,3,0,0,seed_annual_estimate,,NCDC sitrep 52 2022
24,2022,Delta,1,8,0,0,seed_annual_estimate,,NCDC sitrep 52 2022
24,2022,Ebonyi,2,16,0,0,seed_annual_estimate,,NCDC sitrep 52 2022
24,2022,Edo,8,57,1,0,seed_annual_estimate,,NCDC sitrep 52 2022
24,2022,Enugu,1,4,0,0,seed_annual_estimate,,NCDC sitrep 52 2022
24,2022,Imo,0,2,0,0,seed_annual_estimate,,NCDC sitrep 52 2022
24,2022,Kogi,1,6,0,0,seed_annual_estimate,,NCDC sitrep 52 2022
24,2022,Nasarawa,1,5,0,0,seed_annual_estimate,,NCDC sitrep 52 2022
24,2022,Ondo,5,37,1,0,seed_annual_estimate,,NCDC sitrep 52 2022
24,2022,Plateau,1,4,0,0,seed_annual_estimate,,NCDC sitrep 52 2022
24,2022,Taraba,3,19,1,0,seed_annual_estimate,,NCDC sitrep 52 2022
25,2022,Adamawa,0,2,0,0,seed_annual_estimate,,NCDC sitrep 52 2022
25,2022,Anambra,1,8,0,0,seed_annual_estimate,,NCDC sitrep 52 2022
25,2022,Bauchi,3,22,1,0,seed_annual_estimate,,NCDC sitrep 52 2022
25,2022,Benue,1,6,0,0,seed_annual_estimate,,NCDC sitrep 52 2022
25,2022,Cross River,0,3,0,0,seed_annual_estimate,,NCDC sitrep 52 2022
25,2022,Delta,1,8,0,0,seed_annual_estimate,,NCDC sitrep 52 2022
25,2022,Ebonyi,2,16,0,0,seed_annual_estimate,,NCDC sitrep 52 2022
25,2022,Edo,8,57,1,0,seed_annual_estimate,,NCDC sitrep 52 2022
25,2022,Enugu,1,4,0,0,seed_annual_estimate,,NCDC sitrep 52 2022
25,2022,Imo,0,2,0,0,seed_annual_estimate,,NCDC sitrep 52 2022
25,2022,Kogi,1,6,0,0,seed_annual_estimate,,NCDC sitrep 52 2022
25,2022,Nasarawa,1,5,0,0,seed_annual_estimate,,NCDC sitrep 52 2022
25,2022,Ondo,5,37,1,0,seed_annual_estimate,,NCDC sitrep 52 2022
25,2022,Plateau,1,4,0,0,seed_annual_estimate,,NCDC sitrep 52 2022
25,2022,Taraba,3,19,1,0,seed_annual_estimate,,NCDC sitrep 52 2022
26,2022,Adamawa,0,2,0,0,seed_annual_estimate,,NCDC sitrep 52 2022
26,2022,Anambra,1,8,0,0,seed_annual_estimate,,NCDC sitrep 52 2022
26,2022,Bauchi,3,22,1,0,seed_annual_estimate,,NCDC sitrep 52 2022
26,2022,Benue,1,6,0,0,seed_annual_estimate,,NCDC sitrep 52 2022
26,2022,Cross River,0,3,0,0,seed_annual_estimate,,NCDC sitrep 52 2022
26,2022,Delta,1,8,0,0,seed_annual_estimate,,NCDC sitrep 52 2022
26,2022,Ebonyi,2,16,0,0,seed_annual_estimate,,NCDC sitrep 52 2022
26,2022,Edo,8,57,1,0,seed_annual_estimate,,NCDC sitrep 52 2022
26,2022,Enugu,1,4,0,0,seed_annual_estimate,,NCDC sitrep 52 2022
26,2022,Imo,0,2,0,0,seed_annual_estimate,,NCDC sitrep 52 2022
26,2022,Kogi,1,6,0,0,seed_annual_estimate,,NCDC sitrep 52 2022
26,2022,Nasarawa,1,5,0,0,seed_annual_estimate,,NCDC sitrep 52 2022
26,2022,Ondo,5,37,1,0,seed_annual_estimate,,NCDC sitrep 52 2022
26,2022,Plateau,1,4,0,0,seed_annual_estimate,,NCDC sitrep 52 2022
26,2022,Taraba,3,19,1,0,seed_annual_estimate,,NCDC sitrep 52 2022
27,2022,Adamawa,0,2,0,0,seed_annual_estimate,,NCDC sitrep 52 2022
27,2022,Anambra,1,8,0,0,seed_annual_estimate,,NCDC sitrep 52 2022
27,2022,Bauchi,3,22,1,0,seed_annual_estimate,,NCDC sitrep 52 2022
27,2022,Benue,1,6,0,0,seed_annual_estimate,,NCDC sitrep 52 2022
27,2022,Cross River,0,3,0,0,seed_annual_estimate,,NCDC sitrep 52 2022
27,2022,Delta,1,8,0,0,seed_annual_estimate,,NCDC sitrep 52 2022
27,2022,Ebonyi,2,16,0,0,seed_annual_estimate,,NCDC sitrep 52 2022
27,2022,Edo,8,57,1,0,seed_annual_estimate,,NCDC sitrep 52 2022
27,2022,Enugu,1,4,0,0,seed_annual_estimate,,NCDC sitrep 52 2022
27,2022,Imo,0,2,0,0,seed_annual_estimate,,NCDC sitrep 52 2022
27,2022,Kogi,1,6,0,0,seed_annual_estimate,,NCDC sitrep 52 2022
27,2022,Nasarawa,1,5,0,0,seed_annual_estimate,,NCDC sitrep 52 2022
27,2022,Ondo,5,37,1,0,seed_annual_estimate,,NCDC sitrep 52 2022
27,2022,Plateau,1,4,0,0,seed_annual_estimate,,NCDC sitrep 52 2022
27,2022,Taraba,3,19,1,0,seed_annual_estimate,,NCDC sitrep 52 2022
28,2022,Adamawa,0,2,0,0,seed_annual_estimate,,NCDC sitrep 52 2022
28,2022,Anambra,1,8,0,0,seed_annual_estimate,,NCDC sitrep 52 2022
28,2022,Bauchi,3,22,1,0,seed_annual_estimate,,NCDC sitrep 52 2022
28,2022,Benue,1,6,0,0,seed_annual_estimate,,NCDC sitrep 52 2022
28,2022,Cross River,0,3,0,0,seed_annual_estimate,,NCDC sitrep 52 2022
28,2022,Delta,1,8,0,0,seed_annual_estimate,,NCDC sitrep 52 2022
28,2022,Ebonyi,2,16,0,0,seed_annual_estimate,,NCDC sitrep 52 2022
28,2022,Edo,8,57,1,0,seed_annual_estimate,,NCDC sitrep 52 2022
28,2022,Enugu,1,4,0,0,seed_annual_estimate,,NCDC sitrep 52 2022
28,2022,Imo,0,2,0,0,seed_annual_estimate,,NCDC sitrep 52 2022
28,2022,Kogi,1,6,0,0,seed_annual_estimate,,NCDC sitrep 52 2022
28,2022,Nasarawa,1,5,0,0,seed_annual_estimate,,NCDC sitrep 52 2022
28,2022,Ondo,5,37,1,0,seed_annual_estimate,,NCDC sitrep 52 2022
28,2022,Plateau,1,4,0,0,seed_annual_estimate,,NCDC sitrep 52 2022
28,2022,Taraba,3,19,1,0,seed_annual_estimate,,NCDC sitrep 52 2022
29,2022,Adamawa,0,2,0,0,seed_annual_estimate,,NCDC sitrep 52 2022
29,2022,Anambra,1,8,0,0,seed_annual_estimate,,NCDC sitrep 52 2022
29,2022,Bauchi,3,22,1,0,seed_annual_estimate,,NCDC sitrep 52 2022
29,2022,Benue,1,6,0,0,seed_annual_estimate,,NCDC sitrep 52 2022
29,2022,Cross River,0,3,0,0,seed_annual_estimate,,NCDC sitrep 52 2022
29,2022,Delta,1,8,0,0,seed_annual_estimate,,NCDC sitrep 52 2022
29,2022,Ebonyi,2,16,0,0,seed_annual_estimate,,NCDC sitrep 52 2022
29,2022,Edo,8,57,1,0,seed_annual_estimate,,NCDC sitrep 52 2022
29,2022,Enugu,1,4,0,0,seed_annual_estimate,,NCDC sitrep 52 2022
29,2022,Imo,0,2,0,0,seed_annual_estimate,,NCDC sitrep 52 2022
29,2022,Kogi,1,6,0,0,seed_annual_estimate,,NCDC sitrep 52 2022
29,2022,Nasarawa,1,5,0,0,seed_annual_estimate,,NCDC sitrep 52 2022
29,2022,Ondo,5,37,1,0,seed_annual_estimate,,NCDC sitrep 52 2022
29,2022,Plateau,1,4,0,0,seed_annual_estimate,,NCDC sitrep 52 2022
29,2022,Taraba,3,19,1,0,seed_annual_estimate,,NCDC sitrep 52 2022
30,2022,Adamawa,0,2,0,0,seed_annual_estimate,,NCDC sitrep 52 2022
30,2022,Anambra,1,8,0,0,seed_annual_estimate,,NCDC sitrep 52 2022
30,2022,Bauchi,3,22,1,0,seed_annual_estimate,,NCDC sitrep 52 2022
30,2022,Benue,1,6,0,0,seed_annual_estimate,,NCDC sitrep 52 2022
30,2022,Cross River,0,3,0,0,seed_annual_estimate,,NCDC sitrep 52 2022
30,2022,Delta,1,8,0,0,seed_annual_estimate,,NCDC sitrep 52 2022
30,2022,Ebonyi,2,16,0,0,seed_annual_estimate,,NCDC sitrep 52 2022
30,2022,Edo,8,57,1,0,seed_annual_estimate,,NCDC sitrep 52 2022
30,2022,Enugu,1,4,0,0,seed_annual_estimate,,NCDC sitrep 52 2022
30,2022,Imo,0,2,0,0,seed_annual_estimate,,NCDC sitrep 52 2022
30,2022,Kogi,1,6,0,0,seed_annual_estimate,,NCDC sitrep 52 2022
30,2022,Nasarawa,1,5,0,0,seed_annual_estimate,,NCDC sitrep 52 2022
30,2022,Ondo,5,37,1,0,seed_annual_estimate,,NCDC sitrep 52 2022
30,2022,Plateau,1,4,0,0,seed_annual_estimate,,NCDC sitrep 52 2022
30,2022,Taraba,3,19,1,0,seed_annual_estimate,,NCDC sitrep 52 2022
31,2022,Adamawa,0,2,0,0,seed_annual_estimate,,NCDC sitrep 52 2022
31,2022,Anambra,1,8,0,0,seed_annual_estimate,,NCDC sitrep 52 2022
31,2022,Bauchi,3,22,1,0,seed_annual_estimate,,NCDC sitrep 52 2022
31,2022,Benue,1,6,0,0,seed_annual_estimate,,NCDC sitrep 52 2022
31,2022,Cross River,0,3,0,0,seed_annual_estimate,,NCDC sitrep 52 2022
31,2022,Delta,1,8,0,0,seed_annual_estimate,,NCDC sitrep 52 2022
31,2022,Ebonyi,2,16,0,0,seed_annual_estimate,,NCDC sitrep 52 2022
31,2022,Edo,8,57,1,0,seed_annual_estimate,,NCDC sitrep 52 2022
31,2022,Enugu,1,4,0,0,seed_annual_estimate,,NCDC sitrep 52 2022
31,2022,Imo,0,2,0,0,seed_annual_estimate,,NCDC sitrep 52 2022
31,2022,Kogi,1,6,0,0,seed_annual_estimate,,NCDC sitrep 52 2022
31,2022,Nasarawa,1,5,0,0,seed_annual_estimate,,NCDC sitrep 52 2022
31,2022,Ondo,5,37,1,0,seed_annual_estimate,,NCDC sitrep 52 2022
31,2022,Plateau,1,4,0,0,seed_annual_estimate,,NCDC sitrep 52 2022
31,2022,Taraba,3,19,1,0,seed_annual_estimate,,NCDC sitrep 52 2022
32,2022,Adamawa,0,2,0,0,seed_annual_estimate,,NCDC sitrep 52 2022
32,2022,Anambra,1,8,0,0,seed_annual_estimate,,NCDC sitrep 52 2022
32,2022,Bauchi,3,22,1,0,seed_annual_estimate,,NCDC sitrep 52 2022
32,2022,Benue,1,6,0,0,seed_annual_estimate,,NCDC sitrep 52 2022
32,2022,Cross River,0,3,0,0,seed_annual_estimate,,NCDC sitrep 52 2022
32,2022,Delta,1,8,0,0,seed_annual_estimate,,NCDC sitrep 52 2022
32,2022,Ebonyi,2,16,0,0,seed_annual_estimate,,NCDC sitrep 52 2022
32,2022,Edo,8,57,1,0,seed_annual_estimate,,NCDC sitrep 52 2022
32,2022,Enugu,1,4,0,0,seed_annual_estimate,,NCDC sitrep 52 2022
32,2022,Imo,0,2,0,0,seed_annual_estimate,,NCDC sitrep 52 2022
32,2022,Kogi,1,6,0,0,seed_annual_estimate,,NCDC sitrep 52 2022
32,2022,Nasarawa,1,5,0,0,seed_annual_estimate,,NCDC sitrep 52 2022
32,2022,Ondo,5,37,1,0,seed_annual_estimate,,NCDC sitrep 52 2022
32,2022,Plateau,1,4,0,0,seed_annual_estimate,,NCDC sitrep 52 2022
32,2022,Taraba,3,19,1,0,seed_annual_estimate,,NCDC sitrep 52 2022
33,2022,Adamawa,0,2,0,0,seed_annual_estimate,,NCDC sitrep 52 2022
33,2022,Anambra,1,8,0,0,seed_annual_estimate,,NCDC sitrep 52 2022
33,2022,Bauchi,3,22,1,0,seed_annual_estimate,,NCDC sitrep 52 2022
33,2022,Benue,1,6,0,0,seed_annual_estimate,,NCDC sitrep 52 2022
33,2022,Cross River,0,3,0,0,seed_annual_estimate,,NCDC sitrep 52 2022
33,2022,Delta,1,8,0,0,seed_annual_estimate,,NCDC sitrep 52 2022
33,2022,Ebonyi,2,16,0,0,seed_annual_estimate,,NCDC sitrep 52 2022
33,2022,Edo,8,57,1,0,seed_annual_estimate,,NCDC sitrep 52 2022
33,2022,Enugu,1,4,0,0,seed_annual_estimate,,NCDC sitrep 52 2022
33,2022,Imo,0,2,0,0,seed_annual_estimate,,NCDC sitrep 52 2022
33,2022,Kogi,1,6,0,0,seed_annual_estimate,,NCDC sitrep 52 2022
33,2022,Nasarawa,1,5,0,0,seed_annual_estimate,,NCDC sitrep 52 2022
33,2022,Ondo,5,37,1,0,seed_annual_estimate,,NCDC sitrep 52 2022
33,2022,Plateau,1,4,0,0,seed_annual_estimate,,NCDC sitrep 52 2022
33,2022,Taraba,3,19,1,0,seed_annual_estimate,,NCDC sitrep 52 2022
34,2022,Adamawa,0,2,0,0,seed_annual_estimate,,NCDC sitrep 52 2022
34,2022,Anambra,1,8,0,0,seed_annual_estimate,,NCDC sitrep 52 2022
34,2022,Bauchi,3,22,1,0,seed_annual_estimate,,NCDC sitrep 52 2022
34,2022,Benue,1,6,0,0,seed_annual_estimate,,NCDC sitrep 52 2022
34,2022,Cross River,0,3,0,0,seed_annual_estimate,,NCDC sitrep 52 2022
34,2022,Delta,1,8,0,0,seed_annual_estimate,,NCDC sitrep 52 2022
34,2022,Ebonyi,2,16,0,0,seed_annual_estimate,,NCDC sitrep 52 2022
34,2022,Edo,8,57,1,0,seed_annual_estimate,,NCDC sitrep 52 2022
34,2022,Enugu,1,4,0,0,seed_annual_estimate,,NCDC sitrep 52 2022
34,2022,Imo,0,2,0,0,seed_annual_estimate,,NCDC sitrep 52 2022
34,2022,Kogi,1,6,0,0,seed_annual_estimate,,NCDC sitrep 52 2022
34,2022,Nasarawa,1,5,0,0,seed_annual_estimate,,NCDC sitrep 52 2022
34,2022,Ondo,5,37,1,0,seed_annual_estimate,,NCDC sitrep 52 2022
34,2022,Plateau,1,4,0,0,seed_annual_estimate,,NCDC sitrep 52 2022
34,2022,Taraba,3,19,1,0,seed_annual_estimate,,NCDC sitrep 52 2022
35,2022,Adamawa,0,2,0,0,seed_annual_estimate,,NCDC sitrep 52 2022
35,2022,Anambra,1,8,0,0,seed_annual_estimate,,NCDC sitrep 52 2022
35,2022,Bauchi,3,22,1,0,seed_annual_estimate,,NCDC sitrep 52 2022
35,2022,Benue,1,6,0,0,seed_annual_estimate,,NCDC sitrep 52 2022
35,2022,Cross River,0,3,0,0,seed_annual_estimate,,NCDC sitrep 52 2022
35,2022,Delta,1,8,0,0,seed_annual_estimate,,NCDC sitrep 52 2022
35,2022,Ebonyi,2,16,0,0,seed_annual_estimate,,NCDC sitrep 52 2022
35,2022,Edo,8,57,1,0,seed_annual_estimate,,NCDC sitrep 52 2022
35,2022,Enugu,1,4,0,0,seed_annual_estimate,,NCDC sitrep 52 2022
35,2022,Imo,0,2,0,0,seed_annual_estimate,,NCDC sitrep 52 2022
35,2022,Kogi,1,6,0,0,seed_annual_estimate,,NCDC sitrep 52 2022
35,2022,Nasarawa,1,5,0,0,seed_annual_estimate,,NCDC sitrep 52 2022
35,2022,Ondo,5,37,1,0,seed_annual_estimate,,NCDC sitrep 52 2022
35,2022,Plateau,1,4,0,0,seed_annual_estimate,,NCDC sitrep 52 2022
35,2022,Taraba,3,19,1,0,seed_annual_estimate,,NCDC sitrep 52 2022
36,2022,Adamawa,0,2,0,0,seed_annual_estimate,,NCDC sitrep 52 2022
36,2022,Anambra,1,8,0,0,seed_annual_estimate,,NCDC sitrep 52 2022
36,2022,Bauchi,3,22,1,0,seed_annual_estimate,,NCDC sitrep 52 2022
36,2022,Benue,1,6,0,0,seed_annual_estimate,,NCDC sitrep 52 2022
36,2022,Cross River,0,3,0,0,seed_annual_estimate,,NCDC sitrep 52 2022
36,2022,Delta,1,8,0,0,seed_annual_estimate,,NCDC sitrep 52 2022
36,2022,Ebonyi,2,16,0,0,seed_annual_estimate,,NCDC sitrep 52 2022
36,2022,Edo,8,57,1,0,seed_annual_estimate,,NCDC sitrep 52 2022
36,2022,Enugu,1,4,0,0,seed_annual_estimate,,NCDC sitrep 52 2022
36,2022,Imo,0,2,0,0,seed_annual_estimate,,NCDC sitrep 52 2022
36,2022,Kogi,1,6,0,0,seed_annual_estimate,,NCDC sitrep 52 2022
36,2022,Nasarawa,1,5,0,0,seed_annual_estimate,,NCDC sitrep 52 2022
36,2022,Ondo,5,37,1,0,seed_annual_estimate,,NCDC sitrep 52 2022
36,2022,Plateau,1,4,0,0,seed_annual_estimate,,NCDC sitrep 52 2022
36,2022,Taraba,3,19,1,0,seed_annual_estimate,,NCDC sitrep 52 2022
37,2022,Adamawa,0,2,0,0,seed_annual_estimate,,NCDC sitrep 52 2022
37,2022,Anambra,1,8,0,0,seed_annual_estimate,,NCDC sitrep 52 2022
37,2022,Bauchi,3,22,1,0,seed_annual_estimate,,NCDC sitrep 52 2022
37,2022,Benue,1,6,0,0,seed_annual_estimate,,NCDC sitrep 52 2022
37,2022,Cross River,0,3,0,0,seed_annual_estimate,,NCDC sitrep 52 2022
37,2022,Delta,1,8,0,0,seed_annual_estimate,,NCDC sitrep 52 2022
37,2022,Ebonyi,2,16,0,0,seed_annual_estimate,,NCDC sitrep 52 2022
37,2022,Edo,8,57,1,0,seed_annual_estimate,,NCDC sitrep 52 2022
37,2022,Enugu,1,4,0,0,seed_annual_estimate,,NCDC sitrep 52 2022
37,2022,Imo,0,2,0,0,seed_annual_estimate,,NCDC sitrep 52 2022
37,2022,Kogi,1,6,0,0,seed_annual_estimate,,NCDC sitrep 52 2022
37,2022,Nasarawa,1,5,0,0,seed_annual_estimate,,NCDC sitrep 52 2022
37,2022,Ondo,5,37,1,0,seed_annual_estimate,,NCDC sitrep 52 2022
37,2022,Plateau,1,4,0,0,seed_annual_estimate,,NCDC sitrep 52 2022
37,2022,Taraba,3,19,1,0,seed_annual_estimate,,NCDC sitrep 52 2022
38,2022,Adamawa,0,2,0,0,seed_annual_estimate,,NCDC sitrep 52 2022
38,2022,Anambra,1,8,0,0,seed_annual_estimate,,NCDC sitrep 52 2022
38,2022,Bauchi,3,22,1,0,seed_annual_estimate,,NCDC sitrep 52 2022
38,2022,Benue,1,6,0,0,seed_annual_estimate,,NCDC sitrep 52 2022
38,2022,Cross River,0,3,0,0,seed_annual_estimate,,NCDC sitrep 52 2022
38,2022,Delta,1,8,0,0,seed_annual_estimate,,NCDC sitrep 52 2022
38,2022,Ebonyi,2,16,0,0,seed_annual_estimate,,NCDC sitrep 52 2022
38,2022,Edo,8,57,1,0,seed_annual_estimate,,NCDC sitrep 52 2022
38,2022,Enugu,1,4,0,0,seed_annual_estimate,,NCDC sitrep 52 2022
38,2022,Imo,0,2,0,0,seed_annual_estimate,,NCDC sitrep 52 2022
38,2022,Kogi,1,6,0,0,seed_annual_estimate,,NCDC sitrep 52 2022
38,2022,Nasarawa,1,5,0,0,seed_annual_estimate,,NCDC sitrep 52 2022
38,2022,Ondo,5,37,1,0,seed_annual_estimate,,NCDC sitrep 52 2022
38,2022,Plateau,1,4,0,0,seed_annual_estimate,,NCDC sitrep 52 2022
38,2022,Taraba,3,19,1,0,seed_annual_estimate,,NCDC sitrep 52 2022
39,2022,Adamawa,0,2,0,0,seed_annual_estimate,,NCDC sitrep 52 2022
39,2022,Anambra,1,8,0,0,seed_annual_estimate,,NCDC sitrep 52 2022
39,2022,Bauchi,3,22,1,0,seed_annual_estimate,,NCDC sitrep 52 2022
39,2022,Benue,1,6,0,0,seed_annual_estimate,,NCDC sitrep 52 2022
39,2022,Cross River,0,3,0,0,seed_annual_estimate,,NCDC sitrep 52 2022
39,2022,Delta,1,8,0,0,seed_annual_estimate,,NCDC sitrep 52 2022
39,2022,Ebonyi,2,16,0,0,seed_annual_estimate,,NCDC sitrep 52 2022
39,2022,Edo,8,57,1,0,seed_annual_estimate,,NCDC sitrep 52 2022
39,2022,Enugu,1,4,0,0,seed_annual_estimate,,NCDC sitrep 52 2022
39,2022,Imo,0,2,0,0,seed_annual_estimate,,NCDC sitrep 52 2022
39,2022,Kogi,1,6,0,0,seed_annual_estimate,,NCDC sitrep 52 2022
39,2022,Nasarawa,1,5,0,0,seed_annual_estimate,,NCDC sitrep 52 2022
39,2022,Ondo,5,37,1,0,seed_annual_estimate,,NCDC sitrep 52 2022
39,2022,Plateau,1,4,0,0,seed_annual_estimate,,NCDC sitrep 52 2022
39,2022,Taraba,3,19,1,0,seed_annual_estimate,,NCDC sitrep 52 2022
40,2022,Adamawa,0,2,0,0,seed_annual_estimate,,NCDC sitrep 52 2022
40,2022,Anambra,1,8,0,0,seed_annual_estimate,,NCDC sitrep 52 2022
40,2022,Bauchi,3,22,1,0,seed_annual_estimate,,NCDC sitrep 52 2022
40,2022,Benue,1,6,0,0,seed_annual_estimate,,NCDC sitrep 52 2022
40,2022,Cross River,0,3,0,0,seed_annual_estimate,,NCDC sitrep 52 2022
40,2022,Delta,1,8,0,0,seed_annual_estimate,,NCDC sitrep 52 2022
40,2022,Ebonyi,2,16,0,0,seed_annual_estimate,,NCDC sitrep 52 2022
40,2022,Edo,8,57,1,0,seed_annual_estimate,,NCDC sitrep 52 2022
40,2022,Enugu,1,4,0,0,seed_annual_estimate,,NCDC sitrep 52 2022
40,2022,Imo,0,2,0,0,seed_annual_estimate,,NCDC sitrep 52 2022
40,2022,Kogi,1,6,0,0,seed_annual_estimate,,NCDC sitrep 52 2022
40,2022,Nasarawa,1,5,0,0,seed_annual_estimate,,NCDC sitrep 52 2022
40,2022,Ondo,5,37,1,0,seed_annual_estimate,,NCDC sitrep 52 2022
40,2022,Plateau,1,4,0,0,seed_annual_estimate,,NCDC sitrep 52 2022
40,2022,Taraba,3,19,1,0,seed_annual_estimate,,NCDC sitrep 52 2022
41,2022,Adamawa,0,2,0,0,seed_annual_estimate,,NCDC sitrep 52 2022
41,2022,Anambra,1,8,0,0,seed_annual_estimate,,NCDC sitrep 52 2022
41,2022,Bauchi,3,22,1,0,seed_annual_estimate,,NCDC sitrep 52 2022
41,2022,Benue,1,6,0,0,seed_annual_estimate,,NCDC sitrep 52 2022
41,2022,Cross River,0,3,0,0,seed_annual_estimate,,NCDC sitrep 52 2022
41,2022,Delta,1,8,0,0,seed_annual_estimate,,NCDC sitrep 52 2022
41,2022,Ebonyi,2,16,0,0,seed_annual_estimate,,NCDC sitrep 52 2022
41,2022,Edo,8,57,1,0,seed_annual_estimate,,NCDC sitrep 52 2022
41,2022,Enugu,1,4,0,0,seed_annual_estimate,,NCDC sitrep 52 2022
41,2022,Imo,0,2,0,0,seed_annual_estimate,,NCDC sitrep 52 2022
41,2022,Kogi,1,6,0,0,seed_annual_estimate,,NCDC sitrep 52 2022
41,2022,Nasarawa,1,5,0,0,seed_annual_estimate,,NCDC sitrep 52 2022
41,2022,Ondo,5,37,1,0,seed_annual_estimate,,NCDC sitrep 52 2022
41,2022,Plateau,1,4,0,0,seed_annual_estimate,,NCDC sitrep 52 2022
41,2022,Taraba,3,19,1,0,seed_annual_estimate,,NCDC sitrep 52 2022
42,2022,Adamawa,0,2,0,0,seed_annual_estimate,,NCDC sitrep 52 2022
42,2022,Anambra,1,8,0,0,seed_annual_estimate,,NCDC sitrep 52 2022
42,2022,Bauchi,3,22,1,0,seed_annual_estimate,,NCDC sitrep 52 2022
42,2022,Benue,1,6,0,0,seed_annual_estimate,,NCDC sitrep 52 2022
42,2022,Cross River,0,3,0,0,seed_annual_estimate,,NCDC sitrep 52 2022
42,2022,Delta,1,8,0,0,seed_annual_estimate,,NCDC sitrep 52 2022
42,2022,Ebonyi,2,16,0,0,seed_annual_estimate,,NCDC sitrep 52 2022
42,2022,Edo,8,57,1,0,seed_annual_estimate,,NCDC sitrep 52 2022
42,2022,Enugu,1,4,0,0,seed_annual_estimate,,NCDC sitrep 52 2022
42,2022,Imo,0,2,0,0,seed_annual_estimate,,NCDC sitrep 52 2022
42,2022,Kogi,1,6,0,0,seed_annual_estimate,,NCDC sitrep 52 2022
42,2022,Nasarawa,1,5,0,0,seed_annual_estimate,,NCDC sitrep 52 2022
42,2022,Ondo,5,37,1,0,seed_annual_estimate,,NCDC sitrep 52 2022
42,2022,Plateau,1,4,0,0,seed_annual_estimate,,NCDC sitrep 52 2022
42,2022,Taraba,3,19,1,0,seed_annual_estimate,,NCDC sitrep 52 2022
43,2022,Adamawa,0,2,0,0,seed_annual_estimate,,NCDC sitrep 52 2022
43,2022,Anambra,1,8,0,0,seed_annual_estimate,,NCDC sitrep 52 2022
43,2022,Bauchi,3,22,1,0,seed_annual_estimate,,NCDC sitrep 52 2022
43,2022,Benue,1,6,0,0,seed_annual_estimate,,NCDC sitrep 52 2022
43,2022,Cross River,0,3,0,0,seed_annual_estimate,,NCDC sitrep 52 2022
43,2022,Delta,1,8,0,0,seed_annual_estimate,,NCDC sitrep 52 2022
43,2022,Ebonyi,2,16,0,0,seed_annual_estimate,,NCDC sitrep 52 2022
43,2022,Edo,8,57,1,0,seed_annual_estimate,,NCDC sitrep 52 2022
43,2022,Enugu,1,4,0,0,seed_annual_estimate,,NCDC sitrep 52 2022
43,2022,Imo,0,2,0,0,seed_annual_estimate,,NCDC sitrep 52 2022
43,2022,Kogi,1,6,0,0,seed_annual_estimate,,NCDC sitrep 52 2022
43,2022,Nasarawa,1,5,0,0,seed_annual_estimate,,NCDC sitrep 52 2022
43,2022,Ondo,5,37,1,0,seed_annual_estimate,,NCDC sitrep 52 2022
43,2022,Plateau,1,4,0,0,seed_annual_estimate,,NCDC sitrep 52 2022
43,2022,Taraba,3,19,1,0,seed_annual_estimate,,NCDC sitrep 52 2022
44,2022,Adamawa,0,1,0,0,seed_annual_estimate,,NCDC sitrep 52 2022
44,2022,Anambra,1,4,0,0,seed_annual_estimate,,NCDC sitrep 52 2022
44,2022,Bauchi,1,10,0,0,seed_annual_estimate,,NCDC sitrep 52 2022
44,2022,Benue,0,3,0,0,seed_annual_estimate,,NCDC sitrep 52 2022
44,2022,Cross River,0,1,0,0,seed_annual_estimate,,NCDC sitrep 52 2022
44,2022,Delta,0,3,0,0,seed_annual_estimate,,NCDC sitrep 52 2022
44,2022,Ebonyi,1,7,0,0,seed_annual_estimate,,NCDC sitrep 52 2022
44,2022,Edo,4,25,1,0,seed_annual_estimate,,NCDC sitrep 52 2022
44,2022,Enugu,0,2,0,0,seed_annual_estimate,,NCDC sitrep 52 2022
44,2022,Imo,0,1,0,0,seed_annual_estimate,,NCDC sitrep 52 2022
44,2022,Kogi,0,2,0,0,seed_annual_estimate,,NCDC sitrep 52 2022
44,2022,Nasarawa,0,2,0,0,seed_annual_estimate,,NCDC sitrep 52 2022
44,2022,Ondo,2,16,0,0,seed_annual_estimate,,NCDC sitrep 52 2022
44,2022,Plateau,0,2,0,0,seed_annual_estimate,,NCDC sitrep 52 2022
44,2022,Taraba,1,9,0,0,seed_annual_estimate,,NCDC sitrep 52 2022
45,2022,Adamawa,0,1,0,0,seed_annual_estimate,,NCDC sitrep 52 2022
45,2022,Anambra,1,4,0,0,seed_annual_estimate,,NCDC sitrep 52 2022
45,2022,Bauchi,1,10,0,0,seed_annual_estimate,,NCDC sitrep 52 2022
45,2022,Benue,0,3,0,0,seed_annual_estimate,,NCDC sitrep 52 2022
45,2022,Cross River,0,1,0,0,seed_annual_estimate,,NCDC sitrep 52 2022
45,2022,Delta,0,3,0,0,seed_annual_estimate,,NCDC sitrep 52 2022
45,2022,Ebonyi,1,7,0,0,seed_annual_estimate,,NCDC sitrep 52 2022
45,2022,Edo,4,25,1,0,seed_annual_estimate,,NCDC sitrep 52 2022
45,2022,Enugu,0,2,0,0,seed_annual_estimate,,NCDC sitrep 52 2022
45,2022,Imo,0,1,0,0,seed_annual_estimate,,NCDC sitrep 52 2022
45,2022,Kogi,0,2,0,0,seed_annual_estimate,,NCDC sitrep 52 2022
45,2022,Nasarawa,0,2,0,0,seed_annual_estimate,,NCDC sitrep 52 2022
45,2022,Ondo,2,16,0,0,seed_annual_estimate,,NCDC sitrep 52 2022
45,2022,Plateau,0,2,0,0,seed_annual_estimate,,NCDC sitrep 52 2022
45,2022,Taraba,1,9,0,0,seed_annual_estimate,,NCDC sitrep 52 2022
46,2022,Adamawa,0,1,0,0,seed_annual_estimate,,NCDC sitrep 52 2022
46,2022,Anambra,1,4,0,0,seed_annual_estimate,,NCDC sitrep 52 2022
46,2022,Bauchi,1,10,0,0,seed_annual_estimate,,NCDC sitrep 52 2022
46,2022,Benue,0,3,0,0,seed_annual_estimate,,NCDC sitrep 52 2022
46,2022,Cross River,0,1,0,0,seed_annual_estimate,,NCDC sitrep 52 2022
46,2022,Delta,0,3,0,0,seed_annual_estimate,,NCDC sitrep 52 2022
46,2022,Ebonyi,1,7,0,0,seed_annual_estimate,,NCDC sitrep 52 2022
46,2022,Edo,4,25,1,0,seed_annual_estimate,,NCDC sitrep 52 2022
46,2022,Enugu,0,2,0,0,seed_annual_estimate,,NCDC sitrep 52 2022
46,2022,Imo,0,1,0,0,seed_annual_estimate,,NCDC sitrep 52 2022
46,2022,Kogi,0,2,0,0,seed_annual_estimate,,NCDC sitrep 52 2022
46,2022,Nasarawa,0,2,0,0,seed_annual_estimate,,NCDC sitrep 52 2022
46,2022,Ondo,2,16,0,0,seed_annual_estimate,,NCDC sitrep 52 2022
46,2022,Plateau,0,2,0,0,seed_annual_estimate,,NCDC sitrep 52 2022
46,2022,Taraba,1,9,0,0,seed_annual_estimate,,NCDC sitrep 52 2022
47,2022,Adamawa,0,1,0,0,seed_annual_estimate,,NCDC sitrep 52 2022
47,2022,Anambra,1,4,0,0,seed_annual_estimate,,NCDC sitrep 52 2022
47,2022,Bauchi,1,10,0,0,seed_annual_estimate,,NCDC sitrep 52 2022
47,2022,Benue,0,3,0,0,seed_annual_estimate,,NCDC sitrep 52 2022
47,2022,Cross River,0,1,0,0,seed_annual_estimate,,NCDC sitrep 52 2022
47,2022,Delta,0,3,0,0,seed_annual_estimate,,NCDC sitrep 52 2022
47,2022,Ebonyi,1,7,0,0,seed_annual_estimate,,NCDC sitrep 52 2022
47,2022,Edo,4,25,1,0,seed_annual_estimate,,NCDC sitrep 52 2022
47,2022,Enugu,0,2,0,0,seed_annual_estimate,,NCDC sitrep 52 2022
47,2022,Imo,0,1,0,0,seed_annual_estimate,,NCDC sitrep 52 2022
47,2022,Kogi,0,2,0,0,seed_annual_estimate,,NCDC sitrep 52 2022
47,2022,Nasarawa,0,2,0,0,seed_annual_estimate,,NCDC sitrep 52 2022
47,2022,Ondo,2,16,0,0,seed_annual_estimate,,NCDC sitrep 52 2022
47,2022,Plateau,0,2,0,0,seed_annual_estimate,,NCDC sitrep 52 2022
47,2022,Taraba,1,9,0,0,seed_annual_estimate,,NCDC sitrep 52 2022
48,2022,Adamawa,0,1,0,0,seed_annual_estimate,,NCDC sitrep 52 2022
48,2022,Anambra,1,4,0,0,seed_annual_estimate,,NCDC sitrep 52 2022
48,2022,Bauchi,1,10,0,0,seed_annual_estimate,,NCDC sitrep 52 2022
48,2022,Benue,0,3,0,0,seed_annual_estimate,,NCDC sitrep 52 2022
48,2022,Cross River,0,1,0,0,seed_annual_estimate,,NCDC sitrep 52 2022
48,2022,Delta,0,3,0,0,seed_annual_estimate,,NCDC sitrep 52 2022
48,2022,Ebonyi,1,7,0,0,seed_annual_estimate,,NCDC sitrep 52 2022
48,2022,Edo,4,25,1,0,seed_annual_estimate,,NCDC sitrep 52 2022
48,2022,Enugu,0,2,0,0,seed_annual_estimate,,NCDC sitrep 52 2022
48,2022,Imo,0,1,0,0,seed_annual_estimate,,NCDC sitrep 52 2022
48,2022,Kogi,0,2,0,0,seed_annual_estimate,,NCDC sitrep 52 2022
48,2022,Nasarawa,0,2,0,0,seed_annual_estimate,,NCDC sitrep 52 2022
48,2022,Ondo,2,16,0,0,seed_annual_estimate,,NCDC sitrep 52 2022
48,2022,Plateau,0,2,0,0,seed_annual_estimate,,NCDC sitrep 52 2022
48,2022,Taraba,1,9,0,0,seed_annual_estimate,,NCDC sitrep 52 2022
49,2022,Adamawa,0,1,0,0,seed_annual_estimate,,NCDC sitrep 52 2022
49,2022,Anambra,1,4,0,0,seed_annual_estimate,,NCDC sitrep 52 2022
49,2022,Bauchi,1,10,0,0,seed_annual_estimate,,NCDC sitrep 52 2022
49,2022,Benue,0,3,0,0,seed_annual_estimate,,NCDC sitrep 52 2022
49,2022,Cross River,0,1,0,0,seed_annual_estimate,,NCDC sitrep 52 2022
49,2022,Delta,0,3,0,0,seed_annual_estimate,,NCDC sitrep 52 2022
49,2022,Ebonyi,1,7,0,0,seed_annual_estimate,,NCDC sitrep 52 2022
49,2022,Edo,4,25,1,0,seed_annual_estimate,,NCDC sitrep 52 2022
49,2022,Enugu,0,2,0,0,seed_annual_estimate,,NCDC sitrep 52 2022
49,2022,Imo,0,1,0,0,seed_annual_estimate,,NCDC sitrep 52 2022
49,2022,Kogi,0,2,0,0,seed_annual_estimate,,NCDC sitrep 52 2022
49,2022,Nasarawa,0,2,0,0,seed_annual_estimate,,NCDC sitrep 52 2022
49,2022,Ondo,2,16,0,0,seed_annual_estimate,,NCDC sitrep 52 2022
49,2022,Plateau,0,2,0,0,seed_annual_estimate,,NCDC sitrep 52 2022
49,2022,Taraba,1,9,0,0,seed_annual_estimate,,NCDC sitrep 52 2022
50,2022,Adamawa,0,1,0,0,seed_annual_estimate,,NCDC sitrep 52 2022
50,2022,Anambra,1,4,0,0,seed_annual_estimate,,NCDC sitrep 52 2022
50,2022,Bauchi,1,10,0,0,seed_annual_estimate,,NCDC sitrep 52 2022
50,2022,Benue,0,3,0,0,seed_annual_estimate,,NCDC sitrep 52 2022
50,2022,Cross River,0,1,0,0,seed_annual_estimate,,NCDC sitrep 52 2022
50,2022,Delta,0,3,0,0,seed_annual_estimate,,NCDC sitrep 52 2022
50,2022,Ebonyi,1,7,0,0,seed_annual_estimate,,NCDC sitrep 52 2022
50,2022,Edo,4,25,1,0,seed_annual_estimate,,NCDC sitrep 52 2022
50,2022,Enugu,0,2,0,0,seed_annual_estimate,,NCDC sitrep 52 2022
50,2022,Imo,0,1,0,0,seed_annual_estimate,,NCDC sitrep 52 2022
50,2022,Kogi,0,2,0,0,seed_annual_estimate,,NCDC sitrep 52 2022
50,2022,Nasarawa,0,2,0,0,seed_annual_estimate,,NCDC sitrep 52 2022
50,2022,Ondo,2,16,0,0,seed_annual_estimate,,NCDC sitrep 52 2022
50,2022,Plateau,0,2,0,0,seed_annual_estimate,,NCDC sitrep 52 2022
50,2022,Taraba,1,9,0,0,seed_annual_estimate,,NCDC sitrep 52 2022
51,2022,Adamawa,0,1,0,0,seed_annual_estimate,,NCDC sitrep 52 2022
51,2022,Anambra,1,4,0,0,seed_annual_estimate,,NCDC sitrep 52 2022
51,2022,Bauchi,1,10,0,0,seed_annual_estimate,,NCDC sitrep 52 2022
51,2022,Benue,0,3,0,0,seed_annual_estimate,,NCDC sitrep 52 2022
51,2022,Cross River,0,1,0,0,seed_annual_estimate,,NCDC sitrep 52 2022
51,2022,Delta,0,3,0,0,seed_annual_estimate,,NCDC sitrep 52 2022
51,2022,Ebonyi,1,7,0,0,seed_annual_estimate,,NCDC sitrep 52 2022
51,2022,Edo,4,25,1,0,seed_annual_estimate,,NCDC sitrep 52 2022
51,2022,Enugu,0,2,0,0,seed_annual_estimate,,NCDC sitrep 52 2022
51,2022,Imo,0,1,0,0,seed_annual_estimate,,NCDC sitrep 52 2022
51,2022,Kogi,0,2,0,0,seed_annual_estimate,,NCDC sitrep 52 2022
51,2022,Nasarawa,0,2,0,0,seed_annual_estimate,,NCDC sitrep 52 2022
51,2022,Ondo,2,16,0,0,seed_annual_estimate,,NCDC sitrep 52 2022
51,2022,Plateau,0,2,0,0,seed_annual_estimate,,NCDC sitrep 52 2022
51,2022,Taraba,1,9,0,0,seed_annual_estimate,,NCDC sitrep 52 2022
52,2022,Adamawa,0,1,0,0,seed_annual_estimate,,NCDC sitrep 52 2022
52,2022,Anambra,1,4,0,0,seed_annual_estimate,,NCDC sitrep 52 2022
52,2022,Bauchi,1,10,0,0,seed_annual_estimate,,NCDC sitrep 52 2022
52,2022,Benue,0,3,0,0,seed_annual_estimate,,NCDC sitrep 52 2022
52,2022,Cross River,0,1,0,0,seed_annual_estimate,,NCDC sitrep 52 2022
52,2022,Delta,0,3,0,0,seed_annual_estimate,,NCDC sitrep 52 2022
52,2022,Ebonyi,1,7,0,0,seed_annual_estimate,,NCDC sitrep 52 2022
52,2022,Edo,4,25,1,0,seed_annual_estimate,,NCDC sitrep 52 2022
52,2022,Enugu,0,2,0,0,seed_annual_estimate,,NCDC sitrep 52 2022
52,2022,Imo,0,1,0,0,seed_annual_estimate,,NCDC sitrep 52 2022
52,2022,Kogi,0,2,0,0,seed_annual_estimate,,NCDC sitrep 52 2022
52,2022,Nasarawa,0,2,0,0,seed_annual_estimate,,NCDC sitrep 52 2022
52,2022,Ondo,2,16,0,0,seed_annual_estimate,,NCDC sitrep 52 2022
52,2022,Plateau,0,2,0,0,seed_annual_estimate,,NCDC sitrep 52 2022
52,2022,Taraba,1,9,0,0,seed_annual_estimate,,NCDC sitrep 52 2022
1,2023,Adamawa,0,1,0,0,seed_annual_estimate,,NCDC sitrep 52 2023
1,2023,Anambra,0,4,0,0,seed_annual_estimate,,NCDC sitrep 52 2023
1,2023,Bauchi,1,10,0,0,seed_annual_estimate,,NCDC sitrep 52 2023
1,2023,Benue,0,3,0,0,seed_annual_estimate,,NCDC sitrep 52 2023
1,2023,Cross River,0,1,0,0,seed_annual_estimate,,NCDC sitrep 52 2023
1,2023,Delta,0,3,0,0,seed_annual_estimate,,NCDC sitrep 52 2023
1,2023,Ebonyi,1,7,0,0,seed_annual_estimate,,NCDC sitrep 52 2023
1,2023,Edo,3,25,1,0,seed_annual_estimate,,NCDC sitrep 52 2023
1,2023,Enugu,0,2,0,0,seed_annual_estimate,,NCDC sitrep 52 2023
1,2023,Imo,0,1,0,0,seed_annual_estimate,,NCDC sitrep 52 2023
1,2023,Kogi,0,2,0,0,seed_annual_estimate,,NCDC sitrep 52 2023
1,2023,Nasarawa,0,2,0,0,seed_annual_estimate,,NCDC sitrep 52 2023
1,2023,Ondo,2,16,0,0,seed_annual_estimate,,NCDC sitrep 52 2023
1,2023,Plateau,0,2,0,0,seed_annual_estimate,,NCDC sitrep 52 2023
1,2023,Taraba,1,8,0,0,seed_annual_estimate,,NCDC sitrep 52 2023
2,2023,Adamawa,0,1,0,0,seed_annual_estimate,,NCDC sitrep 52 2023
2,2023,Anambra,0,4,0,0,seed_annual_estimate,,NCDC sitrep 52 2023
2,2023,Bauchi,1,10,0,0,seed_annual_estimate,,NCDC sitrep 52 2023
2,2023,Benue,0,3,0,0,seed_annual_estimate,,NCDC sitrep 52 2023
2,2023,Cross River,0,1,0,0,seed_annual_estimate,,NCDC sitrep 52 2023
2,2023,Delta,0,3,0,0,seed_annual_estimate,,NCDC sitrep 52 2023
2,2023,Ebonyi,1,7,0,0,seed_annual_estimate,,NCDC sitrep 52 2023
2,2023,Edo,3,25,1,0,seed_annual_estimate,,NCDC sitrep 52 2023
2,2023,Enugu,0,2,0,0,seed_annual_estimate,,NCDC sitrep 52 2023
2,2023,Imo,0,1,0,0,seed_annual_estimate,,NCDC sitrep 52 2023
2,2023,Kogi,0,2,0,0,seed_annual_estimate,,NCDC sitrep 52 2023
2,2023,Nasarawa,0,2,0,0,seed_annual_estimate,,NCDC sitrep 52 2023
2,2023,Ondo,2,16,0,0,seed_annual_estimate,,NCDC sitrep 52 2023
2,2023,Plateau,0,2,0,0,seed_annual_estimate,,NCDC sitrep 52 2023
2,2023,Taraba,1,8,0,0,seed_annual_estimate,,NCDC sitrep 52 2023
3,2023,Adamawa,0,1,0,0,seed_annual_estimate,,NCDC sitrep 52 2023
3,2023,Anambra,0,4,0,0,seed_annual_estimate,,NCDC sitrep 52 2023
3,2023,Bauchi,1,10,0,0,seed_annual_estimate,,NCDC sitrep 52 2023
3,2023,Benue,0,3,0,0,seed_annual_estimate,,NCDC sitrep 52 2023
3,2023,Cross River,0,1,0,0,seed_annual_estimate,,NCDC sitrep 52 2023
3,2023,Delta,0,3,0,0,seed_annual_estimate,,NCDC sitrep 52 2023
3,2023,Ebonyi,1,7,0,0,seed_annual_estimate,,NCDC sitrep 52 2023
3,2023,Edo,3,25,1,0,seed_annual_estimate,,NCDC sitrep 52 2023
3,2023,Enugu,0,2,0,0,seed_annual_estimate,,NCDC sitrep 52 2023
3,2023,Imo,0,1,0,0,seed_annual_estimate,,NCDC sitrep 52 2023
3,2023,Kogi,0,2,0,0,seed_annual_estimate,,NCDC sitrep 52 2023
3,2023,Nasarawa,0,2,0,0,seed_annual_estimate,,NCDC sitrep 52 2023
3,2023,Ondo,2,16,0,0,seed_annual_estimate,,NCDC sitrep 52 2023
3,2023,Plateau,0,2,0,0,seed_annual_estimate,,NCDC sitrep 52 2023
3,2023,Taraba,1,8,0,0,seed_annual_estimate,,NCDC sitrep 52 2023
4,2023,Adamawa,0,1,0,0,seed_annual_estimate,,NCDC sitrep 52 2023
4,2023,Anambra,0,4,0,0,seed_annual_estimate,,NCDC sitrep 52 2023
4,2023,Bauchi,1,10,0,0,seed_annual_estimate,,NCDC sitrep 52 2023
4,2023,Benue,0,3,0,0,seed_annual_estimate,,NCDC sitrep 52 2023
4,2023,Cross River,0,1,0,0,seed_annual_estimate,,NCDC sitrep 52 2023
4,2023,Delta,0,3,0,0,seed_annual_estimate,,NCDC sitrep 52 2023
4,2023,Ebonyi,1,7,0,0,seed_annual_estimate,,NCDC sitrep 52 2023
4,2023,Edo,3,25,1,0,seed_annual_estimate,,NCDC sitrep 52 2023
4,2023,Enugu,0,2,0,0,seed_annual_estimate,,NCDC sitrep 52 2023
4,2023,Imo,0,1,0,0,seed_annual_estimate,,NCDC sitrep 52 2023
4,2023,Kogi,0,2,0,0,seed_annual_estimate,,NCDC sitrep 52 2023
4,2023,Nasarawa,0,2,0,0,seed_annual_estimate,,NCDC sitrep 52 2023
4,2023,Ondo,2,16,0,0,seed_annual_estimate,,NCDC sitrep 52 2023
4,2023,Plateau,0,2,0,0,seed_annual_estimate,,NCDC sitrep 52 2023
4,2023,Taraba,1,8,0,0,seed_annual_estimate,,NCDC sitrep 52 2023
5,2023,Adamawa,0,1,0,0,seed_annual_estimate,,NCDC sitrep 52 2023
5,2023,Anambra,0,4,0,0,seed_annual_estimate,,NCDC sitrep 52 2023
5,2023,Bauchi,1,10,0,0,seed_annual_estimate,,NCDC sitrep 52 2023
5,2023,Benue,0,3,0,0,seed_annual_estimate,,NCDC sitrep 52 2023
5,2023,Cross River,0,1,0,0,seed_annual_estimate,,NCDC sitrep 52 2023
5,2023,Delta,0,3,0,0,seed_annual_estimate,,NCDC sitrep 52 2023
5,2023,Ebonyi,1,7,0,0,seed_annual_estimate,,NCDC sitrep 52 2023
5,2023,Edo,3,25,1,0,seed_annual_estimate,,NCDC sitrep 52 2023
5,2023,Enugu,0,2,0,0,seed_annual_estimate,,NCDC sitrep 52 2023
5,2023,Imo,0,1,0,0,seed_annual_estimate,,NCDC sitrep 52 2023
5,2023,Kogi,0,2,0,0,seed_annual_estimate,,NCDC sitrep 52 2023
5,2023,Nasarawa,0,2,0,0,seed_annual_estimate,,NCDC sitrep 52 2023
5,2023,Ondo,2,16,0,0,seed_annual_estimate,,NCDC sitrep 52 2023
5,2023,Plateau,0,2,0,0,seed_annual_estimate,,NCDC sitrep 52 2023
5,2023,Taraba,1,8,0,0,seed_annual_estimate,,NCDC sitrep 52 2023
6,2023,Adamawa,0,1,0,0,seed_annual_estimate,,NCDC sitrep 52 2023
6,2023,Anambra,0,4,0,0,seed_annual_estimate,,NCDC sitrep 52 2023
6,2023,Bauchi,1,10,0,0,seed_annual_estimate,,NCDC sitrep 52 2023
6,2023,Benue,0,3,0,0,seed_annual_estimate,,NCDC sitrep 52 2023
6,2023,Cross River,0,1,0,0,seed_annual_estimate,,NCDC sitrep 52 2023
6,2023,Delta,0,3,0,0,seed_annual_estimate,,NCDC sitrep 52 2023
6,2023,Ebonyi,1,7,0,0,seed_annual_estimate,,NCDC sitrep 52 2023
6,2023,Edo,3,25,1,0,seed_annual_estimate,,NCDC sitrep 52 2023
6,2023,Enugu,0,2,0,0,seed_annual_estimate,,NCDC sitrep 52 2023
6,2023,Imo,0,1,0,0,seed_annual_estimate,,NCDC sitrep 52 2023
6,2023,Kogi,0,2,0,0,seed_annual_estimate,,NCDC sitrep 52 2023
6,2023,Nasarawa,0,2,0,0,seed_annual_estimate,,NCDC sitrep 52 2023
6,2023,Ondo,2,16,0,0,seed_annual_estimate,,NCDC sitrep 52 2023
6,2023,Plateau,0,2,0,0,seed_annual_estimate,,NCDC sitrep 52 2023
6,2023,Taraba,1,8,0,0,seed_annual_estimate,,NCDC sitrep 52 2023
7,2023,Adamawa,0,1,0,0,seed_annual_estimate,,NCDC sitrep 52 2023
7,2023,Anambra,0,4,0,0,seed_annual_estimate,,NCDC sitrep 52 2023
7,2023,Bauchi,1,10,0,0,seed_annual_estimate,,NCDC sitrep 52 2023
7,2023,Benue,0,3,0,0,seed_annual_estimate,,NCDC sitrep 52 2023
7,2023,Cross River,0,1,0,0,seed_annual_estimate,,NCDC sitrep 52 2023
7,2023,Delta,0,3,0,0,seed_annual_estimate,,NCDC sitrep 52 2023
7,2023,Ebonyi,1,7,0,0,seed_annual_estimate,,NCDC sitrep 52 2023
7,2023,Edo,3,25,1,0,seed_annual_estimate,,NCDC sitrep 52 2023
7,2023,Enugu,0,2,0,0,seed_annual_estimate,,NCDC sitrep 52 2023
7,2023,Imo,0,1,0,0,seed_annual_estimate,,NCDC sitrep 52 2023
7,2023,Kogi,0,2,0,0,seed_annual_estimate,,NCDC sitrep 52 2023
7,2023,Nasarawa,0,2,0,0,seed_annual_estimate,,NCDC sitrep 52 2023
7,2023,Ondo,2,16,0,0,seed_annual_estimate,,NCDC sitrep 52 2023
7,2023,Plateau,0,2,0,0,seed_annual_estimate,,NCDC sitrep 52 2023
7,2023,Taraba,1,8,0,0,seed_annual_estimate,,NCDC sitrep 52 2023
8,2023,Adamawa,0,1,0,0,seed_annual_estimate,,NCDC sitrep 52 2023
8,2023,Anambra,0,4,0,0,seed_annual_estimate,,NCDC sitrep 52 2023
8,2023,Bauchi,1,10,0,0,seed_annual_estimate,,NCDC sitrep 52 2023
8,2023,Benue,0,3,0,0,seed_annual_estimate,,NCDC sitrep 52 2023
8,2023,Cross River,0,1,0,0,seed_annual_estimate,,NCDC sitrep 52 2023
8,2023,Delta,0,3,0,0,seed_annual_estimate,,NCDC sitrep 52 2023
8,2023,Ebonyi,1,7,0,0,seed_annual_estimate,,NCDC sitrep 52 2023
8,2023,Edo,3,25,1,0,seed_annual_estimate,,NCDC sitrep 52 2023
8,2023,Enugu,0,2,0,0,seed_annual_estimate,,NCDC sitrep 52 2023
8,2023,Imo,0,1,0,0,seed_annual_estimate,,NCDC sitrep 52 2023
8,2023,Kogi,0,2,0,0,seed_annual_estimate,,NCDC sitrep 52 2023
8,2023,Nasarawa,0,2,0,0,seed_annual_estimate,,NCDC sitrep 52 2023
8,2023,Ondo,2,16,0,0,seed_annual_estimate,,NCDC sitrep 52 2023
8,2023,Plateau,0,2,0,0,seed_annual_estimate,,NCDC sitrep 52 2023
8,2023,Taraba,1,8,0,0,seed_annual_estimate,,NCDC sitrep 52 2023
9,2023,Adamawa,0,1,0,0,seed_annual_estimate,,NCDC sitrep 52 2023
9,2023,Anambra,0,4,0,0,seed_annual_estimate,,NCDC sitrep 52 2023
9,2023,Bauchi,1,10,0,0,seed_annual_estimate,,NCDC sitrep 52 2023
9,2023,Benue,0,3,0,0,seed_annual_estimate,,NCDC sitrep 52 2023
9,2023,Cross River,0,1,0,0,seed_annual_estimate,,NCDC sitrep 52 2023
9,2023,Delta,0,3,0,0,seed_annual_estimate,,NCDC sitrep 52 2023
9,2023,Ebonyi,1,7,0,0,seed_annual_estimate,,NCDC sitrep 52 2023
9,2023,Edo,3,25,1,0,seed_annual_estimate,,NCDC sitrep 52 2023
9,2023,Enugu,0,2,0,0,seed_annual_estimate,,NCDC sitrep 52 2023
9,2023,Imo,0,1,0,0,seed_annual_estimate,,NCDC sitrep 52 2023
9,2023,Kogi,0,2,0,0,seed_annual_estimate,,NCDC sitrep 52 2023
9,2023,Nasarawa,0,2,0,0,seed_annual_estimate,,NCDC sitrep 52 2023
9,2023,Ondo,2,16,0,0,seed_annual_estimate,,NCDC sitrep 52 2023
9,2023,Plateau,0,2,0,0,seed_annual_estimate,,NCDC sitrep 52 2023
9,2023,Taraba,1,8,0,0,seed_annual_estimate,,NCDC sitrep 52 2023
10,2023,Adamawa,0,1,0,0,seed_annual_estimate,,NCDC sitrep 52 2023
10,2023,Anambra,0,4,0,0,seed_annual_estimate,,NCDC sitrep 52 2023
10,2023,Bauchi,1,10,0,0,seed_annual_estimate,,NCDC sitrep 52 2023
10,2023,Benue,0,3,0,0,seed_annual_estimate,,NCDC sitrep 52 2023
10,2023,Cross River,0,1,0,0,seed_annual_estimate,,NCDC sitrep 52 2023
10,2023,Delta,0,3,0,0,seed_annual_estimate,,NCDC sitrep 52 2023
10,2023,Ebonyi,1,7,0,0,seed_annual_estimate,,NCDC sitrep 52 2023
10,2023,Edo,3,25,1,0,seed_annual_estimate,,NCDC sitrep 52 2023
10,2023,Enugu,0,2,0,0,seed_annual_estimate,,NCDC sitrep 52 2023
10,2023,Imo,0,1,0,0,seed_annual_estimate,,NCDC sitrep 52 2023
10,2023,Kogi,0,2,0,0,seed_annual_estimate,,NCDC sitrep 52 2023
10,2023,Nasarawa,0,2,0,0,seed_annual_estimate,,NCDC sitrep 52 2023
10,2023,Ondo,2,16,0,0,seed_annual_estimate,,NCDC sitrep 52 2023
10,2023,Plateau,0,2,0,0,seed_annual_estimate,,NCDC sitrep 52 2023
10,2023,Taraba,1,8,0,0,seed_annual_estimate,,NCDC sitrep 52 2023
11,2023,Adamawa,0,1,0,0,seed_annual_estimate,,NCDC sitrep 52 2023
11,2023,Anambra,0,4,0,0,seed_annual_estimate,,NCDC sitrep 52 2023
11,2023,Bauchi,1,10,0,0,seed_annual_estimate,,NCDC sitrep 52 2023
11,2023,Benue,0,3,0,0,seed_annual_estimate,,NCDC sitrep 52 2023
11,2023,Cross River,0,1,0,0,seed_annual_estimate,,NCDC sitrep 52 2023
11,2023,Delta,0,3,0,0,seed_annual_estimate,,NCDC sitrep 52 2023
11,2023,Ebonyi,1,7,0,0,seed_annual_estimate,,NCDC sitrep 52 2023
11,2023,Edo,3,25,1,0,seed_annual_estimate,,NCDC sitrep 52 2023
11,2023,Enugu,0,2,0,0,seed_annual_estimate,,NCDC sitrep 52 2023
11,2023,Imo,0,1,0,0,seed_annual_estimate,,NCDC sitrep 52 2023
11,2023,Kogi,0,2,0,0,seed_annual_estimate,,NCDC sitrep 52 2023
11,2023,Nasarawa,0,2,0,0,seed_annual_estimate,,NCDC sitrep 52 2023
11,2023,Ondo,2,16,0,0,seed_annual_estimate,,NCDC sitrep 52 2023
11,2023,Plateau,0,2,0,0,seed_annual_estimate,,NCDC sitrep 52 2023
11,2023,Taraba,1,8,0,0,seed_annual_estimate,,NCDC sitrep 52 2023
12,2023,Adamawa,0,1,0,0,seed_annual_estimate,,NCDC sitrep 52 2023
12,2023,Anambra,0,4,0,0,seed_annual_estimate,,NCDC sitrep 52 2023
12,2023,Bauchi,1,10,0,0,seed_annual_estimate,,NCDC sitrep 52 2023
12,2023,Benue,0,3,0,0,seed_annual_estimate,,NCDC sitrep 52 2023
12,2023,Cross River,0,1,0,0,seed_annual_estimate,,NCDC sitrep 52 2023
12,2023,Delta,0,3,0,0,seed_annual_estimate,,NCDC sitrep 52 2023
12,2023,Ebonyi,1,7,0,0,seed_annual_estimate,,NCDC sitrep 52 2023
12,2023,Edo,3,25,1,0,seed_annual_estimate,,NCDC sitrep 52 2023
12,2023,Enugu,0,2,0,0,seed_annual_estimate,,NCDC sitrep 52 2023
12,2023,Imo,0,1,0,0,seed_annual_estimate,,NCDC sitrep 52 2023
12,2023,Kogi,0,2,0,0,seed_annual_estimate,,NCDC sitrep 52 2023
12,2023,Nasarawa,0,2,0,0,seed_annual_estimate,,NCDC sitrep 52 2023
12,2023,Ondo,2,16,0,0,seed_annual_estimate,,NCDC sitrep 52 2023
12,2023,Plateau,0,2,0,0,seed_annual_estimate,,NCDC sitrep 52 2023
12,2023,Taraba,1,8,0,0,seed_annual_estimate,,NCDC sitrep 52 2023
13,2023,Adamawa,0,1,0,0,seed_annual_estimate,,NCDC sitrep 52 2023
13,2023,Anambra,0,4,0,0,seed_annual_estimate,,NCDC sitrep 52 2023
13,2023,Bauchi,1,10,0,0,seed_annual_estimate,,NCDC sitrep 52 2023
13,2023,Benue,0,3,0,0,seed_annual_estimate,,NCDC sitrep 52 2023
13,2023,Cross River,0,1,0,0,seed_annual_estimate,,NCDC sitrep 52 2023
13,2023,Delta,0,3,0,0,seed_annual_estimate,,NCDC sitrep 52 2023
13,2023,Ebonyi,1,7,0,0,seed_annual_estimate,,NCDC sitrep 52 2023
13,2023,Edo,3,25,1,0,seed_annual_estimate,,NCDC sitrep 52 2023
13,2023,Enugu,0,2,0,0,seed_annual_estimate,,NCDC sitrep 52 2023
13,2023,Imo,0,1,0,0,seed_annual_estimate,,NCDC sitrep 52 2023
13,2023,Kogi,0,2,0,0,seed_annual_estimate,,NCDC sitrep 52 2023
13,2023,Nasarawa,0,2,0,0,seed_annual_estimate,,NCDC sitrep 52 2023
13,2023,Ondo,2,16,0,0,seed_annual_estimate,,NCDC sitrep 52 2023
13,2023,Plateau,0,2,0,0,seed_annual_estimate,,NCDC sitrep 52 2023
13,2023,Taraba,1,8,0,0,seed_annual_estimate,,NCDC sitrep 52 2023
14,2023,Adamawa,0,1,0,0,seed_annual_estimate,,NCDC sitrep 52 2023
14,2023,Anambra,0,4,0,0,seed_annual_estimate,,NCDC sitrep 52 2023
14,2023,Bauchi,1,10,0,0,seed_annual_estimate,,NCDC sitrep 52 2023
14,2023,Benue,0,3,0,0,seed_annual_estimate,,NCDC sitrep 52 2023
14,2023,Cross River,0,1,0,0,seed_annual_estimate,,NCDC sitrep 52 2023
14,2023,Delta,0,3,0,0,seed_annual_estimate,,NCDC sitrep 52 2023
14,2023,Ebonyi,1,7,0,0,seed_annual_estimate,,NCDC sitrep 52 2023
14,2023,Edo,3,25,1,0,seed_annual_estimate,,NCDC sitrep 52 2023
14,2023,Enugu,0,2,0,0,seed_annual_estimate,,NCDC sitrep 52 2023
14,2023,Imo,0,1,0,0,seed_annual_estimate,,NCDC sitrep 52 2023
14,2023,Kogi,0,2,0,0,seed_annual_estimate,,NCDC sitrep 52 2023
14,2023,Nasarawa,0,2,0,0,seed_annual_estimate,,NCDC sitrep 52 2023
14,2023,Ondo,2,16,0,0,seed_annual_estimate,,NCDC sitrep 52 2023
14,2023,Plateau,0,2,0,0,seed_annual_estimate,,NCDC sitrep 52 2023
14,2023,Taraba,1,8,0,0,seed_annual_estimate,,NCDC sitrep 52 2023
15,2023,Adamawa,0,1,0,0,seed_annual_estimate,,NCDC sitrep 52 2023
15,2023,Anambra,0,4,0,0,seed_annual_estimate,,NCDC sitrep 52 2023
15,2023,Bauchi,1,10,0,0,seed_annual_estimate,,NCDC sitrep 52 2023
15,2023,Benue,0,3,0,0,seed_annual_estimate,,NCDC sitrep 52 2023
15,2023,Cross River,0,1,0,0,seed_annual_estimate,,NCDC sitrep 52 2023
15,2023,Delta,0,3,0,0,seed_annual_estimate,,NCDC sitrep 52 2023
15,2023,Ebonyi,1,7,0,0,seed_annual_estimate,,NCDC sitrep 52 2023
15,2023,Edo,3,25,1,0,seed_annual_estimate,,NCDC sitrep 52 2023
15,2023,Enugu,0,2,0,0,seed_annual_estimate,,NCDC sitrep 52 2023
15,2023,Imo,0,1,0,0,seed_annual_estimate,,NCDC sitrep 52 2023
15,2023,Kogi,0,2,0,0,seed_annual_estimate,,NCDC sitrep 52 2023
15,2023,Nasarawa,0,2,0,0,seed_annual_estimate,,NCDC sitrep 52 2023
15,2023,Ondo,2,16,0,0,seed_annual_estimate,,NCDC sitrep 52 2023
15,2023,Plateau,0,2,0,0,seed_annual_estimate,,NCDC sitrep 52 2023
15,2023,Taraba,1,8,0,0,seed_annual_estimate,,NCDC sitrep 52 2023
16,2023,Adamawa,0,1,0,0,seed_annual_estimate,,NCDC sitrep 52 2023
16,2023,Anambra,0,4,0,0,seed_annual_estimate,,NCDC sitrep 52 2023
16,2023,Bauchi,1,10,0,0,seed_annual_estimate,,NCDC sitrep 52 2023
16,2023,Benue,0,3,0,0,seed_annual_estimate,,NCDC sitrep 52 2023
16,2023,Cross River,0,1,0,0,seed_annual_estimate,,NCDC sitrep 52 2023
16,2023,Delta,0,3,0,0,seed_annual_estimate,,NCDC sitrep 52 2023
16,2023,Ebonyi,1,7,0,0,seed_annual_estimate,,NCDC sitrep 52 2023
16,2023,Edo,3,25,1,0,seed_annual_estimate,,NCDC sitrep 52 2023
16,2023,Enugu,0,2,0,0,seed_annual_estimate,,NCDC sitrep 52 2023
16,2023,Imo,0,1,0,0,seed_annual_estimate,,NCDC sitrep 52 2023
16,2023,Kogi,0,2,0,0,seed_annual_estimate,,NCDC sitrep 52 2023
16,2023,Nasarawa,0,2,0,0,seed_annual_estimate,,NCDC sitrep 52 2023
16,2023,Ondo,2,16,0,0,seed_annual_estimate,,NCDC sitrep 52 2023
16,2023,Plateau,0,2,0,0,seed_annual_estimate,,NCDC sitrep 52 2023
16,2023,Taraba,1,8,0,0,seed_annual_estimate,,NCDC sitrep 52 2023
17,2023,Adamawa,0,1,0,0,seed_annual_estimate,,NCDC sitrep 52 2023
17,2023,Anambra,0,4,0,0,seed_annual_estimate,,NCDC sitrep 52 2023
17,2023,Bauchi,1,10,0,0,seed_annual_estimate,,NCDC sitrep 52 2023
17,2023,Benue,0,3,0,0,seed_annual_estimate,,NCDC sitrep 52 2023
17,2023,Cross River,0,1,0,0,seed_annual_estimate,,NCDC sitrep 52 2023
17,2023,Delta,0,3,0,0,seed_annual_estimate,,NCDC sitrep 52 2023
17,2023,Ebonyi,1,7,0,0,seed_annual_estimate,,NCDC sitrep 52 2023
17,2023,Edo,3,25,1,0,seed_annual_estimate,,NCDC sitrep 52 2023
17,2023,Enugu,0,2,0,0,seed_annual_estimate,,NCDC sitrep 52 2023
17,2023,Imo,0,1,0,0,seed_annual_estimate,,NCDC sitrep 52 2023
17,2023,Kogi,0,2,0,0,seed_annual_estimate,,NCDC sitrep 52 2023
17,2023,Nasarawa,0,2,0,0,seed_annual_estimate,,NCDC sitrep 52 2023
17,2023,Ondo,2,16,0,0,seed_annual_estimate,,NCDC sitrep 52 2023
17,2023,Plateau,0,2,0,0,seed_annual_estimate,,NCDC sitrep 52 2023
17,2023,Taraba,1,8,0,0,seed_annual_estimate,,NCDC sitrep 52 2023
18,2023,Adamawa,0,2,0,0,seed_annual_estimate,,NCDC sitrep 52 2023
18,2023,Anambra,1,8,0,0,seed_annual_estimate,,NCDC sitrep 52 2023
18,2023,Bauchi,3,22,1,0,seed_annual_estimate,,NCDC sitrep 52 2023
18,2023,Benue,1,6,0,0,seed_annual_estimate,,NCDC sitrep 52 2023
18,2023,Cross River,0,3,0,0,seed_annual_estimate,,NCDC sitrep 52 2023
18,2023,Delta,1,7,0,0,seed_annual_estimate,,NCDC sitrep 52 2023
18,2023,Ebonyi,2,16,0,0,seed_annual_estimate,,NCDC sitrep 52 2023
18,2023,Edo,8,56,1,0,seed_annual_estimate,,NCDC sitrep 52 2023
18,2023,Enugu,1,4,0,0,seed_annual_estimate,,NCDC sitrep 52 2023
18,2023,Imo,0,2,0,0,seed_annual_estimate,,NCDC sitrep 52 2023
18,2023,Kogi,1,5,0,0,seed_annual_estimate,,NCDC sitrep 52 2023
18,2023,Nasarawa,1,5,0,0,seed_annual_estimate,,NCDC sitrep 52 2023
18,2023,Ondo,5,36,1,0,seed_annual_estimate,,NCDC sitrep 52 2023
18,2023,Plateau,1,4,0,0,seed_annual_estimate,,NCDC sitrep 52 2023
18,2023,Taraba,3,19,0,0,seed_annual_estimate,,NCDC sitrep 52 2023
19,2023,Adamawa,0,2,0,0,seed_annual_estimate,,NCDC sitrep 52 2023
19,2023,Anambra,1,8,0,0,seed_annual_estimate,,NCDC sitrep 52 2023
19,2023,Bauchi,3,22,1,0,seed_annual_estimate,,NCDC sitrep 52 2023
19,2023,Benue,1,6,0,0,seed_annual_estimate,,NCDC sitrep 52 2023
19,2023,Cross River,0,3,0,0,seed_annual_estimate,,NCDC sitrep 52 2023
19,2023,Delta,1,7,0,0,seed_annual_estimate,,NCDC sitrep 52 2023
19,2023,Ebonyi,2,16,0,0,seed_annual_estimate,,NCDC sitrep 52 2023
19,2023,Edo,8,56,1,0,seed_annual_estimate,,NCDC sitrep 52 2023
19,2023,Enugu,1,4,0,0,seed_annual_estimate,,NCDC sitrep 52 2023
19,2023,Imo,0,2,0,0,seed_annual_estimate,,NCDC sitrep 52 2023
19,2023,Kogi,1,5,0,0,seed_annual_estimate,,NCDC sitrep 52 2023
19,2023,Nasarawa,1,5,0,0,seed_annual_estimate,,NCDC sitrep 52 2023
19,2023,Ondo,5,36,1,0,seed_annual_estimate,,NCDC sitrep 52 2023
19,2023,Plateau,1,4,0,0,seed_annual_estimate,,NCDC sitrep 52 2023
19,2023,Taraba,3,19,0,0,seed_annual_estimate,,NCDC sitrep 52 2023
20,2023,Adamawa,0,2,0,0,seed_annual_estimate,,NCDC sitrep 52 2023
20,2023,Anambra,1,8,0,0,seed_annual_estimate,,NCDC sitrep 52 2023
20,2023,Bauchi,3,22,1,0,seed_annual_estimate,,NCDC sitrep 52 2023
20,2023,Benue,1,6,0,0,seed_annual_estimate,,NCDC sitrep 52 2023
20,2023,Cross River,0,3,0,0,seed_annual_estimate,,NCDC sitrep 52 2023
20,2023,Delta,1,7,0,0,seed_annual_estimate,,NCDC sitrep 52 2023
20,2023,Ebonyi,2,16,0,0,seed_annual_estimate,,NCDC sitrep 52 2023
20,2023,Edo,8,56,1,0,seed_annual_estimate,,NCDC sitrep 52 2023
20,2023,Enugu,1,4,0,0,seed_annual_estimate,,NCDC sitrep 52 2023
20,2023,Imo,0,2,0,0,seed_annual_estimate,,NCDC sitrep 52 2023
20,2023,Kogi,1,5,0,0,seed_annual_estimate,,NCDC sitrep 52 2023
20,2023,Nasarawa,1,5,0,0,seed_annual_estimate,,NCDC sitrep 52 2023
20,2023,Ondo,5,36,1,0,seed_annual_estimate,,NCDC sitrep 52 2023
20,2023,Plateau,1,4,0,0,seed_annual_estimate,,NCDC sitrep 52 2023
20,2023,Taraba,3,19,0,0,seed_annual_estimate,,NCDC sitrep 52 2023
21,2023,Adamawa,0,2,0,0,seed_annual_estimate,,NCDC sitrep 52 2023
21,2023,Anambra,1,8,0,0,seed_annual_estimate,,NCDC sitrep 52 2023
21,2023,Bauchi,3,22,1,0,seed_annual_estimate,,NCDC sitrep 52 2023
21,2023,Benue,1,6,0,0,seed_annual_estimate,,NCDC sitrep 52 2023
21,2023,Cross River,0,3,0,0,seed_annual_estimate,,NCDC sitrep 52 2023
21,2023,Delta,1,7,0,0,seed_annual_estimate,,NCDC sitrep 52 2023
21,2023,Ebonyi,2,16,0,0,seed_annual_estimate,,NCDC sitrep 52 2023
21,2023,Edo,8,56,1,0,seed_annual_estimate,,NCDC sitrep 52 2023
21,2023,Enugu,1,4,0,0,seed_annual_estimate,,NCDC sitrep 52 2023
21,2023,Imo,0,2,0,0,seed_annual_estimate,,NCDC sitrep 52 2023
21,2023,Kogi,1,5,0,0,seed_annual_estimate,,NCDC sitrep 52 2023
21,2023,Nasarawa,1,5,0,0,seed_annual_estimate,,NCDC sitrep 52 2023
21,2023,Ondo,5,36,1,0,seed_annual_estimate,,NCDC sitrep 52 2023
21,2023,Plateau,1,4,0,0,seed_annual_estimate,,NCDC sitrep 52 2023
21,2023,Taraba,3,19,0,0,seed_annual_estimate,,NCDC sitrep 52 2023
22,2023,Adamawa,0,2,0,0,seed_annual_estimate,,NCDC sitrep 52 2023
22,2023,Anambra,1,8,0,0,seed_annual_estimate,,NCDC sitrep 52 2023
22,2023,Bauchi,3,22,1,0,seed_annual_estimate,,NCDC sitrep 52 2023
22,2023,Benue,1,6,0,0,seed_annual_estimate,,NCDC sitrep 52 2023
22,2023,Cross River,0,3,0,0,seed_annual_estimate,,NCDC sitrep 52 2023
22,2023,Delta,1,7,0,0,seed_annual_estimate,,NCDC sitrep 52 2023
22,2023,Ebonyi,2,16,0,0,seed_annual_estimate,,NCDC sitrep 52 2023
22,2023,Edo,8,56,1,0,seed_annual_estimate,,NCDC sitrep 52 2023
22,2023,Enugu,1,4,0,0,seed_annual_estimate,,NCDC sitrep 52 2023
22,2023,Imo,0,2,0,0,seed_annual_estimate,,NCDC sitrep 52 2023
22,2023,Kogi,1,5,0,0,seed_annual_estimate,,NCDC sitrep 52 2023
22,2023,Nasarawa,1,5,0,0,seed_annual_estimate,,NCDC sitrep 52 2023
22,2023,Ondo,5,36,1,0,seed_annual_estimate,,NCDC sitrep 52 2023
22,2023,Plateau,1,4,0,0,seed_annual_estimate,,NCDC sitrep 52 2023
22,2023,Taraba,3,19,0,0,seed_annual_estimate,,NCDC sitrep 52 2023
23,2023,Adamawa,0,2,0,0,seed_annual_estimate,,NCDC sitrep 52 2023
23,2023,Anambra,1,8,0,0,seed_annual_estimate,,NCDC sitrep 52 2023
23,2023,Bauchi,3,22,1,0,seed_annual_estimate,,NCDC sitrep 52 2023
23,2023,Benue,1,6,0,0,seed_annual_estimate,,NCDC sitrep 52 2023
23,2023,Cross River,0,3,0,0,seed_annual_estimate,,NCDC sitrep 52 2023
23,2023,Delta,1,7,0,0,seed_annual_estimate,,NCDC sitrep 52 2023
23,2023,Ebonyi,2,16,0,0,seed_annual_estimate,,NCDC sitrep 52 2023
23,2023,Edo,8,56,1,0,seed_annual_estimate,,NCDC sitrep 52 2023
23,2023,Enugu,1,4,0,0,seed_annual_estimate,,NCDC sitrep 52 2023
23,2023,Imo,0,2,0,0,seed_annual_estimate,,NCDC sitrep 52 2023
23,2023,Kogi,1,5,0,0,seed_annual_estimate,,NCDC sitrep 52 2023
23,2023,Nasarawa,1,5,0,0,seed_annual_estimate,,NCDC sitrep 52 2023
23,2023,Ondo,5,36,1,0,seed_annual_estimate,,NCDC sitrep 52 2023
23,2023,Plateau,1,4,0,0,seed_annual_estimate,,NCDC sitrep 52 2023
23,2023,Taraba,3,19,0,0,seed_annual_estimate,,NCDC sitrep 52 2023
24,2023,Adamawa,0,2,0,0,seed_annual_estimate,,NCDC sitrep 52 2023
24,2023,Anambra,1,8,0,0,seed_annual_estimate,,NCDC sitrep 52 2023
24,2023,Bauchi,3,22,1,0,seed_annual_estimate,,NCDC sitrep 52 2023
24,2023,Benue,1,6,0,0,seed_annual_estimate,,NCDC sitrep 52 2023
24,2023,Cross River,0,3,0,0,seed_annual_estimate,,NCDC sitrep 52 2023
24,2023,Delta,1,7,0,0,seed_annual_estimate,,NCDC sitrep 52 2023
24,2023,Ebonyi,2,16,0,0,seed_annual_estimate,,NCDC sitrep 52 2023
24,2023,Edo,8,56,1,0,seed_annual_estimate,,NCDC sitrep 52 2023
24,2023,Enugu,1,4,0,0,seed_annual_estimate,,NCDC sitrep 52 2023
24,2023,Imo,0,2,0,0,seed_annual_estimate,,NCDC sitrep 52 2023
24,2023,Kogi,1,5,0,0,seed_annual_estimate,,NCDC sitrep 52 2023
24,2023,Nasarawa,1,5,0,0,seed_annual_estimate,,NCDC sitrep 52 2023
24,2023,Ondo,5,36,1,0,seed_annual_estimate,,NCDC sitrep 52 2023
24,2023,Plateau,1,4,0,0,seed_annual_estimate,,NCDC sitrep 52 2023
24,2023,Taraba,3,19,0,0,seed_annual_estimate,,NCDC sitrep 52 2023
25,2023,Adamawa,0,2,0,0,seed_annual_estimate,,NCDC sitrep 52 2023
25,2023,Anambra,1,8,0,0,seed_annual_estimate,,NCDC sitrep 52 2023
25,2023,Bauchi,3,22,1,0,seed_annual_estimate,,NCDC sitrep 52 2023
25,2023,Benue,1,6,0,0,seed_annual_estimate,,NCDC sitrep 52 2023
25,2023,Cross River,0,3,0,0,seed_annual_estimate,,NCDC sitrep 52 2023
25,2023,Delta,1,7,0,0,seed_annual_estimate,,NCDC sitrep 52 2023
25,2023,Ebonyi,2,16,0,0,seed_annual_estimate,,NCDC sitrep 52 2023
25,2023,Edo,8,56,1,0,seed_annual_estimate,,NCDC sitrep 52 2023
25,2023,Enugu,1,4,0,0,seed_annual_estimate,,NCDC sitrep 52 2023
25,2023,Imo,0,2,0,0,seed_annual_estimate,,NCDC sitrep 52 2023
25,2023,Kogi,1,5,0,0,seed_annual_estimate,,NCDC sitrep 52 2023
25,2023,Nasarawa,1,5,0,0,seed_annual_estimate,,NCDC sitrep 52 2023
25,2023,Ondo,5,36,1,0,seed_annual_estimate,,NCDC sitrep 52 2023
25,2023,Plateau,1,4,0,0,seed_annual_estimate,,NCDC sitrep 52 2023
25,2023,Taraba,3,19,0,0,seed_annual_estimate,,NCDC sitrep 52 2023
26,2023,Adamawa,0,2,0,0,seed_annual_estimate,,NCDC sitrep 52 2023
26,2023,Anambra,1,8,0,0,seed_annual_estimate,,NCDC sitrep 52 2023
26,2023,Bauchi,3,22,1,0,seed_annual_estimate,,NCDC sitrep 52 2023
26,2023,Benue,1,6,0,0,seed_annual_estimate,,NCDC sitrep 52 2023
26,2023,Cross River,0,3,0,0,seed_annual_estimate,,NCDC sitrep 52 2023
26,2023,Delta,1,7,0,0,seed_annual_estimate,,NCDC sitrep 52 2023
26,2023,Ebonyi,2,16,0,0,seed_annual_estimate,,NCDC sitrep 52 2023
26,2023,Edo,8,56,1,0,seed_annual_estimate,,NCDC sitrep 52 2023
26,2023,Enugu,1,4,0,0,seed_annual_estimate,,NCDC sitrep 52 2023
26,2023,Imo,0,2,0,0,seed_annual_estimate,,NCDC sitrep 52 2023
26,2023,Kogi,1,5,0,0,seed_annual_estimate,,NCDC sitrep 52 2023
26,2023,Nasarawa,1,5,0,0,seed_annual_estimate,,NCDC sitrep 52 2023
26,2023,Ondo,5,36,1,0,seed_annual_estimate,,NCDC sitrep 52 2023
26,2023,Plateau,1,4,0,0,seed_annual_estimate,,NCDC sitrep 52 2023
26,2023,Taraba,3,19,0,0,seed_annual_estimate,,NCDC sitrep 52 2023
27,2023,Adamawa,0,2,0,0,seed_annual_estimate,,NCDC sitrep 52 2023
27,2023,Anambra,1,8,0,0,seed_annual_estimate,,NCDC sitrep 52 2023
27,2023,Bauchi,3,22,1,0,seed_annual_estimate,,NCDC sitrep 52 2023
27,2023,Benue,1,6,0,0,seed_annual_estimate,,NCDC sitrep 52 2023
27,2023,Cross River,0,3,0,0,seed_annual_estimate,,NCDC sitrep 52 2023
27,2023,Delta,1,7,0,0,seed_annual_estimate,,NCDC sitrep 52 2023
27,2023,Ebonyi,2,16,0,0,seed_annual_estimate,,NCDC sitrep 52 2023
27,2023,Edo,8,56,1,0,seed_annual_estimate,,NCDC sitrep 52 2023
27,2023,Enugu,1,4,0,0,seed_annual_estimate,,NCDC sitrep 52 2023
27,2023,Imo,0,2,0,0,seed_annual_estimate,,NCDC sitrep 52 2023
27,2023,Kogi,1,5,0,0,seed_annual_estimate,,NCDC sitrep 52 2023
27,2023,Nasarawa,1,5,0,0,seed_annual_estimate,,NCDC sitrep 52 2023
27,2023,Ondo,5,36,1,0,seed_annual_estimate,,NCDC sitrep 52 2023
27,2023,Plateau,1,4,0,0,seed_annual_estimate,,NCDC sitrep 52 2023
27,2023,Taraba,3,19,0,0,seed_annual_estimate,,NCDC sitrep 52 2023
28,2023,Adamawa,0,2,0,0,seed_annual_estimate,,NCDC sitrep 52 2023
28,2023,Anambra,1,8,0,0,seed_annual_estimate,,NCDC sitrep 52 2023
28,2023,Bauchi,3,22,1,0,seed_annual_estimate,,NCDC sitrep 52 2023
28,2023,Benue,1,6,0,0,seed_annual_estimate,,NCDC sitrep 52 2023
28,2023,Cross River,0,3,0,0,seed_annual_estimate,,NCDC sitrep 52 2023
28,2023,Delta,1,7,0,0,seed_annual_estimate,,NCDC sitrep 52 2023
28,2023,Ebonyi,2,16,0,0,seed_annual_estimate,,NCDC sitrep 52 2023
28,2023,Edo,8,56,1,0,seed_annual_estimate,,NCDC sitrep 52 2023
28,2023,Enugu,1,4,0,0,seed_annual_estimate,,NCDC sitrep 52 2023
28,2023,Imo,0,2,0,0,seed_annual_estimate,,NCDC sitrep 52 2023
28,2023,Kogi,1,5,0,0,seed_annual_estimate,,NCDC sitrep 52 2023
28,2023,Nasarawa,1,5,0,0,seed_annual_estimate,,NCDC sitrep 52 2023
28,2023,Ondo,5,36,1,0,seed_annual_estimate,,NCDC sitrep 52 2023
28,2023,Plateau,1,4,0,0,seed_annual_estimate,,NCDC sitrep 52 2023
28,2023,Taraba,3,19,0,0,seed_annual_estimate,,NCDC sitrep 52 2023
29,2023,Adamawa,0,2,0,0,seed_annual_estimate,,NCDC sitrep 52 2023
29,2023,Anambra,1,8,0,0,seed_annual_estimate,,NCDC sitrep 52 2023
29,2023,Bauchi,3,22,1,0,seed_annual_estimate,,NCDC sitrep 52 2023
29,2023,Benue,1,6,0,0,seed_annual_estimate,,NCDC sitrep 52 2023
29,2023,Cross River,0,3,0,0,seed_annual_estimate,,NCDC sitrep 52 2023
29,2023,Delta,1,7,0,0,seed_annual_estimate,,NCDC sitrep 52 2023
29,2023,Ebonyi,2,16,0,0,seed_annual_estimate,,NCDC sitrep 52 2023
29,2023,Edo,8,56,1,0,seed_annual_estimate,,NCDC sitrep 52 2023
29,2023,Enugu,1,4,0,0,seed_annual_estimate,,NCDC sitrep 52 2023
29,2023,Imo,0,2,0,0,seed_annual_estimate,,NCDC sitrep 52 2023
29,2023,Kogi,1,5,0,0,seed_annual_estimate,,NCDC sitrep 52 2023
29,2023,Nasarawa,1,5,0,0,seed_annual_estimate,,NCDC sitrep 52 2023
29,2023,Ondo,5,36,1,0,seed_annual_estimate,,NCDC sitrep 52 2023
29,2023,Plateau,1,4,0,0,seed_annual_estimate,,NCDC sitrep 52 2023
29,2023,Taraba,3,19,0,0,seed_annual_estimate,,NCDC sitrep 52 2023
30,2023,Adamawa,0,2,0,0,seed_annual_estimate,,NCDC sitrep 52 2023
30,2023,Anambra,1,8,0,0,seed_annual_estimate,,NCDC sitrep 52 2023
30,2023,Bauchi,3,22,1,0,seed_annual_estimate,,NCDC sitrep 52 2023
30,2023,Benue,1,6,0,0,seed_annual_estimate,,NCDC sitrep 52 2023
30,2023,Cross River,0,3,0,0,seed_annual_estimate,,NCDC sitrep 52 2023
30,2023,Delta,1,7,0,0,seed_annual_estimate,,NCDC sitrep 52 2023
30,2023,Ebonyi,2,16,0,0,seed_annual_estimate,,NCDC sitrep 52 2023
30,2023,Edo,8,56,1,0,seed_annual_estimate,,NCDC sitrep 52 2023
30,2023,Enugu,1,4,0,0,seed_annual_estimate,,NCDC sitrep 52 2023
30,2023,Imo,0,2,0,0,seed_annual_estimate,,NCDC sitrep 52 2023
30,2023,Kogi,1,5,0,0,seed_annual_estimate,,NCDC sitrep 52 2023
30,2023,Nasarawa,1,5,0,0,seed_annual_estimate,,NCDC sitrep 52 2023
30,2023,Ondo,5,36,1,0,seed_annual_estimate,,NCDC sitrep 52 2023
30,2023,Plateau,1,4,0,0,seed_annual_estimate,,NCDC sitrep 52 2023
30,2023,Taraba,3,19,0,0,seed_annual_estimate,,NCDC sitrep 52 2023
31,2023,Adamawa,0,2,0,0,seed_annual_estimate,,NCDC sitrep 52 2023
31,2023,Anambra,1,8,0,0,seed_annual_estimate,,NCDC sitrep 52 2023
31,2023,Bauchi,3,22,1,0,seed_annual_estimate,,NCDC sitrep 52 2023
31,2023,Benue,1,6,0,0,seed_annual_estimate,,NCDC sitrep 52 2023
31,2023,Cross River,0,3,0,0,seed_annual_estimate,,NCDC sitrep 52 2023
31,2023,Delta,1,7,0,0,seed_annual_estimate,,NCDC sitrep 52 2023
31,2023,Ebonyi,2,16,0,0,seed_annual_estimate,,NCDC sitrep 52 2023
31,2023,Edo,8,56,1,0,seed_annual_estimate,,NCDC sitrep 52 2023
31,2023,Enugu,1,4,0,0,seed_annual_estimate,,NCDC sitrep 52 2023
31,2023,Imo,0,2,0,0,seed_annual_estimate,,NCDC sitrep 52 2023
31,2023,Kogi,1,5,0,0,seed_annual_estimate,,NCDC sitrep 52 2023
31,2023,Nasarawa,1,5,0,0,seed_annual_estimate,,NCDC sitrep 52 2023
31,2023,Ondo,5,36,1,0,seed_annual_estimate,,NCDC sitrep 52 2023
31,2023,Plateau,1,4,0,0,seed_annual_estimate,,NCDC sitrep 52 2023
31,2023,Taraba,3,19,0,0,seed_annual_estimate,,NCDC sitrep 52 2023
32,2023,Adamawa,0,2,0,0,seed_annual_estimate,,NCDC sitrep 52 2023
32,2023,Anambra,1,8,0,0,seed_annual_estimate,,NCDC sitrep 52 2023
32,2023,Bauchi,3,22,1,0,seed_annual_estimate,,NCDC sitrep 52 2023
32,2023,Benue,1,6,0,0,seed_annual_estimate,,NCDC sitrep 52 2023
32,2023,Cross River,0,3,0,0,seed_annual_estimate,,NCDC sitrep 52 2023
32,2023,Delta,1,7,0,0,seed_annual_estimate,,NCDC sitrep 52 2023
32,2023,Ebonyi,2,16,0,0,seed_annual_estimate,,NCDC sitrep 52 2023
32,2023,Edo,8,56,1,0,seed_annual_estimate,,NCDC sitrep 52 2023
32,2023,Enugu,1,4,0,0,seed_annual_estimate,,NCDC sitrep 52 2023
32,2023,Imo,0,2,0,0,seed_annual_estimate,,NCDC sitrep 52 2023
32,2023,Kogi,1,5,0,0,seed_annual_estimate,,NCDC sitrep 52 2023
32,2023,Nasarawa,1,5,0,0,seed_annual_estimate,,NCDC sitrep 52 2023
32,2023,Ondo,5,36,1,0,seed_annual_estimate,,NCDC sitrep 52 2023
32,2023,Plateau,1,4,0,0,seed_annual_estimate,,NCDC sitrep 52 2023
32,2023,Taraba,3,19,0,0,seed_annual_estimate,,NCDC sitrep 52 2023
33,2023,Adamawa,0,2,0,0,seed_annual_estimate,,NCDC sitrep 52 2023
33,2023,Anambra,1,8,0,0,seed_annual_estimate,,NCDC sitrep 52 2023
33,2023,Bauchi,3,22,1,0,seed_annual_estimate,,NCDC sitrep 52 2023
33,2023,Benue,1,6,0,0,seed_annual_estimate,,NCDC sitrep 52 2023
33,2023,Cross River,0,3,0,0,seed_annual_estimate,,NCDC sitrep 52 2023
33,2023,Delta,1,7,0,0,seed_annual_estimate,,NCDC sitrep 52 2023
33,2023,Ebonyi,2,16,0,0,seed_annual_estimate,,NCDC sitrep 52 2023
33,2023,Edo,8,56,1,0,seed_annual_estimate,,NCDC sitrep 52 2023
33,2023,Enugu,1,4,0,0,seed_annual_estimate,,NCDC sitrep 52 2023
33,2023,Imo,0,2,0,0,seed_annual_estimate,,NCDC sitrep 52 2023
33,2023,Kogi,1,5,0,0,seed_annual_estimate,,NCDC sitrep 52 2023
33,2023,Nasarawa,1,5,0,0,seed_annual_estimate,,NCDC sitrep 52 2023
33,2023,Ondo,5,36,1,0,seed_annual_estimate,,NCDC sitrep 52 2023
33,2023,Plateau,1,4,0,0,seed_annual_estimate,,NCDC sitrep 52 2023
33,2023,Taraba,3,19,0,0,seed_annual_estimate,,NCDC sitrep 52 2023
34,2023,Adamawa,0,2,0,0,seed_annual_estimate,,NCDC sitrep 52 2023
34,2023,Anambra,1,8,0,0,seed_annual_estimate,,NCDC sitrep 52 2023
34,2023,Bauchi,3,22,1,0,seed_annual_estimate,,NCDC sitrep 52 2023
34,2023,Benue,1,6,0,0,seed_annual_estimate,,NCDC sitrep 52 2023
34,2023,Cross River,0,3,0,0,seed_annual_estimate,,NCDC sitrep 52 2023
34,2023,Delta,1,7,0,0,seed_annual_estimate,,NCDC sitrep 52 2023
34,2023,Ebonyi,2,16,0,0,seed_annual_estimate,,NCDC sitrep 52 2023
34,2023,Edo,8,56,1,0,seed_annual_estimate,,NCDC sitrep 52 2023
34,2023,Enugu,1,4,0,0,seed_annual_estimate,,NCDC sitrep 52 2023
34,2023,Imo,0,2,0,0,seed_annual_estimate,,NCDC sitrep 52 2023
34,2023,Kogi,1,5,0,0,seed_annual_estimate,,NCDC sitrep 52 2023
34,2023,Nasarawa,1,5,0,0,seed_annual_estimate,,NCDC sitrep 52 2023
34,2023,Ondo,5,36,1,0,seed_annual_estimate,,NCDC sitrep 52 2023
34,2023,Plateau,1,4,0,0,seed_annual_estimate,,NCDC sitrep 52 2023
34,2023,Taraba,3,19,0,0,seed_annual_estimate,,NCDC sitrep 52 2023
35,2023,Adamawa,0,2,0,0,seed_annual_estimate,,NCDC sitrep 52 2023
35,2023,Anambra,1,8,0,0,seed_annual_estimate,,NCDC sitrep 52 2023
35,2023,Bauchi,3,22,1,0,seed_annual_estimate,,NCDC sitrep 52 2023
35,2023,Benue,1,6,0,0,seed_annual_estimate,,NCDC sitrep 52 2023
35,2023,Cross River,0,3,0,0,seed_annual_estimate,,NCDC sitrep 52 2023
35,2023,Delta,1,7,0,0,seed_annual_estimate,,NCDC sitrep 52 2023
35,2023,Ebonyi,2,16,0,0,seed_annual_estimate,,NCDC sitrep 52 2023
35,2023,Edo,8,56,1,0,seed_annual_estimate,,NCDC sitrep 52 2023
35,2023,Enugu,1,4,0,0,seed_annual_estimate,,NCDC sitrep 52 2023
35,2023,Imo,0,2,0,0,seed_annual_estimate,,NCDC sitrep 52 2023
35,2023,Kogi,1,5,0,0,seed_annual_estimate,,NCDC sitrep 52 2023
35,2023,Nasarawa,1,5,0,0,seed_annual_estimate,,NCDC sitrep 52 2023
35,2023,Ondo,5,36,1,0,seed_annual_estimate,,NCDC sitrep 52 2023
35,2023,Plateau,1,4,0,0,seed_annual_estimate,,NCDC sitrep 52 2023
35,2023,Taraba,3,19,0,0,seed_annual_estimate,,NCDC sitrep 52 2023
36,2023,Adamawa,0,2,0,0,seed_annual_estimate,,NCDC sitrep 52 2023
36,2023,Anambra,1,8,0,0,seed_annual_estimate,,NCDC sitrep 52 2023
36,2023,Bauchi,3,22,1,0,seed_annual_estimate,,NCDC sitrep 52 2023
36,2023,Benue,1,6,0,0,seed_annual_estimate,,NCDC sitrep 52 2023
36,2023,Cross River,0,3,0,0,seed_annual_estimate,,NCDC sitrep 52 2023
36,2023,Delta,1,7,0,0,seed_annual_estimate,,NCDC sitrep 52 2023
36,2023,Ebonyi,2,16,0,0,seed_annual_estimate,,NCDC sitrep 52 2023
36,2023,Edo,8,56,1,0,seed_annual_estimate,,NCDC sitrep 52 2023
36,2023,Enugu,1,4,0,0,seed_annual_estimate,,NCDC sitrep 52 2023
36,2023,Imo,0,2,0,0,seed_annual_estimate,,NCDC sitrep 52 2023
36,2023,Kogi,1,5,0,0,seed_annual_estimate,,NCDC sitrep 52 2023
36,2023,Nasarawa,1,5,0,0,seed_annual_estimate,,NCDC sitrep 52 2023
36,2023,Ondo,5,36,1,0,seed_annual_estimate,,NCDC sitrep 52 2023
36,2023,Plateau,1,4,0,0,seed_annual_estimate,,NCDC sitrep 52 2023
36,2023,Taraba,3,19,0,0,seed_annual_estimate,,NCDC sitrep 52 2023
37,2023,Adamawa,0,2,0,0,seed_annual_estimate,,NCDC sitrep 52 2023
37,2023,Anambra,1,8,0,0,seed_annual_estimate,,NCDC sitrep 52 2023
37,2023,Bauchi,3,22,1,0,seed_annual_estimate,,NCDC sitrep 52 2023
37,2023,Benue,1,6,0,0,seed_annual_estimate,,NCDC sitrep 52 2023
37,2023,Cross River,0,3,0,0,seed_annual_estimate,,NCDC sitrep 52 2023
37,2023,Delta,1,7,0,0,seed_annual_estimate,,NCDC sitrep 52 2023
37,2023,Ebonyi,2,16,0,0,seed_annual_estimate,,NCDC sitrep 52 2023
37,2023,Edo,8,56,1,0,seed_annual_estimate,,NCDC sitrep 52 2023
37,2023,Enugu,1,4,0,0,seed_annual_estimate,,NCDC sitrep 52 2023
37,2023,Imo,0,2,0,0,seed_annual_estimate,,NCDC sitrep 52 2023
37,2023,Kogi,1,5,0,0,seed_annual_estimate,,NCDC sitrep 52 2023
37,2023,Nasarawa,1,5,0,0,seed_annual_estimate,,NCDC sitrep 52 2023
37,2023,Ondo,5,36,1,0,seed_annual_estimate,,NCDC sitrep 52 2023
37,2023,Plateau,1,4,0,0,seed_annual_estimate,,NCDC sitrep 52 2023
37,2023,Taraba,3,19,0,0,seed_annual_estimate,,NCDC sitrep 52 2023
38,2023,Adamawa,0,2,0,0,seed_annual_estimate,,NCDC sitrep 52 2023
38,2023,Anambra,1,8,0,0,seed_annual_estimate,,NCDC sitrep 52 2023
38,2023,Bauchi,3,22,1,0,seed_annual_estimate,,NCDC sitrep 52 2023
38,2023,Benue,1,6,0,0,seed_annual_estimate,,NCDC sitrep 52 2023
38,2023,Cross River,0,3,0,0,seed_annual_estimate,,NCDC sitrep 52 2023
38,2023,Delta,1,7,0,0,seed_annual_estimate,,NCDC sitrep 52 2023
38,2023,Ebonyi,2,16,0,0,seed_annual_estimate,,NCDC sitrep 52 2023
38,2023,Edo,8,56,1,0,seed_annual_estimate,,NCDC sitrep 52 2023
38,2023,Enugu,1,4,0,0,seed_annual_estimate,,NCDC sitrep 52 2023
38,2023,Imo,0,2,0,0,seed_annual_estimate,,NCDC sitrep 52 2023
38,2023,Kogi,1,5,0,0,seed_annual_estimate,,NCDC sitrep 52 2023
38,2023,Nasarawa,1,5,0,0,seed_annual_estimate,,NCDC sitrep 52 2023
38,2023,Ondo,5,36,1,0,seed_annual_estimate,,NCDC sitrep 52 2023
38,2023,Plateau,1,4,0,0,seed_annual_estimate,,NCDC sitrep 52 2023
38,2023,Taraba,3,19,0,0,seed_annual_estimate,,NCDC sitrep 52 2023
39,2023,Adamawa,0,2,0,0,seed_annual_estimate,,NCDC sitrep 52 2023
39,2023,Anambra,1,8,0,0,seed_annual_estimate,,NCDC sitrep 52 2023
39,2023,Bauchi,3,22,1,0,seed_annual_estimate,,NCDC sitrep 52 2023
39,2023,Benue,1,6,0,0,seed_annual_estimate,,NCDC sitrep 52 2023
39,2023,Cross River,0,3,0,0,seed_annual_estimate,,NCDC sitrep 52 2023
39,2023,Delta,1,7,0,0,seed_annual_estimate,,NCDC sitrep 52 2023
39,2023,Ebonyi,2,16,0,0,seed_annual_estimate,,NCDC sitrep 52 2023
39,2023,Edo,8,56,1,0,seed_annual_estimate,,NCDC sitrep 52 2023
39,2023,Enugu,1,4,0,0,seed_annual_estimate,,NCDC sitrep 52 2023
39,2023,Imo,0,2,0,0,seed_annual_estimate,,NCDC sitrep 52 2023
39,2023,Kogi,1,5,0,0,seed_annual_estimate,,NCDC sitrep 52 2023
39,2023,Nasarawa,1,5,0,0,seed_annual_estimate,,NCDC sitrep 52 2023
39,2023,Ondo,5,36,1,0,seed_annual_estimate,,NCDC sitrep 52 2023
39,2023,Plateau,1,4,0,0,seed_annual_estimate,,NCDC sitrep 52 2023
39,2023,Taraba,3,19,0,0,seed_annual_estimate,,NCDC sitrep 52 2023
40,2023,Adamawa,0,2,0,0,seed_annual_estimate,,NCDC sitrep 52 2023
40,2023,Anambra,1,8,0,0,seed_annual_estimate,,NCDC sitrep 52 2023
40,2023,Bauchi,3,22,1,0,seed_annual_estimate,,NCDC sitrep 52 2023
40,2023,Benue,1,6,0,0,seed_annual_estimate,,NCDC sitrep 52 2023
40,2023,Cross River,0,3,0,0,seed_annual_estimate,,NCDC sitrep 52 2023
40,2023,Delta,1,7,0,0,seed_annual_estimate,,NCDC sitrep 52 2023
40,2023,Ebonyi,2,16,0,0,seed_annual_estimate,,NCDC sitrep 52 2023
40,2023,Edo,8,56,1,0,seed_annual_estimate,,NCDC sitrep 52 2023
40,2023,Enugu,1,4,0,0,seed_annual_estimate,,NCDC sitrep 52 2023
40,2023,Imo,0,2,0,0,seed_annual_estimate,,NCDC sitrep 52 2023
40,2023,Kogi,1,5,0,0,seed_annual_estimate,,NCDC sitrep 52 2023
40,2023,Nasarawa,1,5,0,0,seed_annual_estimate,,NCDC sitrep 52 2023
40,2023,Ondo,5,36,1,0,seed_annual_estimate,,NCDC sitrep 52 2023
40,2023,Plateau,1,4,0,0,seed_annual_estimate,,NCDC sitrep 52 2023
40,2023,Taraba,3,19,0,0,seed_annual_estimate,,NCDC sitrep 52 2023
41,2023,Adamawa,0,2,0,0,seed_annual_estimate,,NCDC sitrep 52 2023
41,2023,Anambra,1,8,0,0,seed_annual_estimate,,NCDC sitrep 52 2023
41,2023,Bauchi,3,22,1,0,seed_annual_estimate,,NCDC sitrep 52 2023
41,2023,Benue,1,6,0,0,seed_annual_estimate,,NCDC sitrep 52 2023
41,2023,Cross River,0,3,0,0,seed_annual_estimate,,NCDC sitrep 52 2023
41,2023,Delta,1,7,0,0,seed_annual_estimate,,NCDC sitrep 52 2023
41,2023,Ebonyi,2,16,0,0,seed_annual_estimate,,NCDC sitrep 52 2023
41,2023,Edo,8,56,1,0,seed_annual_estimate,,NCDC sitrep 52 2023
41,2023,Enugu,1,4,0,0,seed_annual_estimate,,NCDC sitrep 52 2023
41,2023,Imo,0,2,0,0,seed_annual_estimate,,NCDC sitrep 52 2023
41,2023,Kogi,1,5,0,0,seed_annual_estimate,,NCDC sitrep 52 2023
41,2023,Nasarawa,1,5,0,0,seed_annual_estimate,,NCDC sitrep 52 2023
41,2023,Ondo,5,36,1,0,seed_annual_estimate,,NCDC sitrep 52 2023
41,2023,Plateau,1,4,0,0,seed_annual_estimate,,NCDC sitrep 52 2023
41,2023,Taraba,3,19,0,0,seed_annual_estimate,,NCDC sitrep 52 2023
42,2023,Adamawa,0,2,0,0,seed_annual_estimate,,NCDC sitrep 52 2023
42,2023,Anambra,1,8,0,0,seed_annual_estimate,,NCDC sitrep 52 2023
42,2023,Bauchi,3,22,1,0,seed_annual_estimate,,NCDC sitrep 52 2023
42,2023,Benue,1,6,0,0,seed_annual_estimate,,NCDC sitrep 52 2023
42,2023,Cross River,0,3,0,0,seed_annual_estimate,,NCDC sitrep 52 2023
42,2023,Delta,1,7,0,0,seed_annual_estimate,,NCDC sitrep 52 2023
42,2023,Ebonyi,2,16,0,0,seed_annual_estimate,,NCDC sitrep 52 2023
42,2023,Edo,8,56,1,0,seed_annual_estimate,,NCDC sitrep 52 2023
42,2023,Enugu,1,4,0,0,seed_annual_estimate,,NCDC sitrep 52 2023
42,2023,Imo,0,2,0,0,seed_annual_estimate,,NCDC sitrep 52 2023
42,2023,Kogi,1,5,0,0,seed_annual_estimate,,NCDC sitrep 52 2023
42,2023,Nasarawa,1,5,0,0,seed_annual_estimate,,NCDC sitrep 52 2023
42,2023,Ondo,5,36,1,0,seed_annual_estimate,,NCDC sitrep 52 2023
42,2023,Plateau,1,4,0,0,seed_annual_estimate,,NCDC sitrep 52 2023
42,2023,Taraba,3,19,0,0,seed_annual_estimate,,NCDC sitrep 52 2023
43,2023,Adamawa,0,2,0,0,seed_annual_estimate,,NCDC sitrep 52 2023
43,2023,Anambra,1,8,0,0,seed_annual_estimate,,NCDC sitrep 52 2023
43,2023,Bauchi,3,22,1,0,seed_annual_estimate,,NCDC sitrep 52 2023
43,2023,Benue,1,6,0,0,seed_annual_estimate,,NCDC sitrep 52 2023
43,2023,Cross River,0,3,0,0,seed_annual_estimate,,NCDC sitrep 52 2023
43,2023,Delta,1,7,0,0,seed_annual_estimate,,NCDC sitrep 52 2023
43,2023,Ebonyi,2,16,0,0,seed_annual_estimate,,NCDC sitrep 52 2023
43,2023,Edo,8,56,1,0,seed_annual_estimate,,NCDC sitrep 52 2023
43,2023,Enugu,1,4,0,0,seed_annual_estimate,,NCDC sitrep 52 2023
43,2023,Imo,0,2,0,0,seed_annual_estimate,,NCDC sitrep 52 2023
43,2023,Kogi,1,5,0,0,seed_annual_estimate,,NCDC sitrep 52 2023
43,2023,Nasarawa,1,5,0,0,seed_annual_estimate,,NCDC sitrep 52 2023
43,2023,Ondo,5,36,1,0,seed_annual_estimate,,NCDC sitrep 52 2023
43,2023,Plateau,1,4,0,0,seed_annual_estimate,,NCDC sitrep 52 2023
43,2023,Taraba,3,19,0,0,seed_annual_estimate,,NCDC sitrep 52 2023
44,2023,Adamawa,0,1,0,0,seed_annual_estimate,,NCDC sitrep 52 2023
44,2023,Anambra,0,4,0,0,seed_annual_estimate,,NCDC sitrep 52 2023
44,2023,Bauchi,1,10,0,0,seed_annual_estimate,,NCDC sitrep 52 2023
44,2023,Benue,0,3,0,0,seed_annual_estimate,,NCDC sitrep 52 2023
44,2023,Cross River,0,1,0,0,seed_annual_estimate,,NCDC sitrep 52 2023
44,2023,Delta,0,3,0,0,seed_annual_estimate,,NCDC sitrep 52 2023
44,2023,Ebonyi,1,7,0,0,seed_annual_estimate,,NCDC sitrep 52 2023
44,2023,Edo,3,25,1,0,seed_annual_estimate,,NCDC sitrep 52 2023
44,2023,Enugu,0,2,0,0,seed_annual_estimate,,NCDC sitrep 52 2023
44,2023,Imo,0,1,0,0,seed_annual_estimate,,NCDC sitrep 52 2023
44,2023,Kogi,0,2,0,0,seed_annual_estimate,,NCDC sitrep 52 2023
44,2023,Nasarawa,0,2,0,0,seed_annual_estimate,,NCDC sitrep 52 2023
44,2023,Ondo,2,16,0,0,seed_annual_estimate,,NCDC sitrep 52 2023
44,2023,Plateau,0,2,0,0,seed_annual_estimate,,NCDC sitrep 52 2023
44,2023,Taraba,1,8,0,0,seed_annual_estimate,,NCDC sitrep 52 2023
45,2023,Adamawa,0,1,0,0,seed_annual_estimate,,NCDC sitrep 52 2023
45,2023,Anambra,0,4,0,0,seed_annual_estimate,,NCDC sitrep 52 2023
45,2023,Bauchi,1,10,0,0,seed_annual_estimate,,NCDC sitrep 52 2023
45,2023,Benue,0,3,0,0,seed_annual_estimate,,NCDC sitrep 52 2023
45,2023,Cross River,0,1,0,0,seed_annual_estimate,,NCDC sitrep 52 2023
45,2023,Delta,0,3,0,0,seed_annual_estimate,,NCDC sitrep 52 2023
45,2023,Ebonyi,1,7,0,0,seed_annual_estimate,,NCDC sitrep 52 2023
45,2023,Edo,3,25,1,0,seed_annual_estimate,,NCDC sitrep 52 2023
45,2023,Enugu,0,2,0,0,seed_annual_estimate,,NCDC sitrep 52 2023
45,2023,Imo,0,1,0,0,seed_annual_estimate,,NCDC sitrep 52 2023
45,2023,Kogi,0,2,0,0,seed_annual_estimate,,NCDC sitrep 52 2023
45,2023,Nasarawa,0,2,0,0,seed_annual_estimate,,NCDC sitrep 52 2023
45,2023,Ondo,2,16,0,0,seed_annual_estimate,,NCDC sitrep 52 2023
45,2023,Plateau,0,2,0,0,seed_annual_estimate,,NCDC sitrep 52 2023
45,2023,Taraba,1,8,0,0,seed_annual_estimate,,NCDC sitrep 52 2023
46,2023,Adamawa,0,1,0,0,seed_annual_estimate,,NCDC sitrep 52 2023
46,2023,Anambra,0,4,0,0,seed_annual_estimate,,NCDC sitrep 52 2023
46,2023,Bauchi,1,10,0,0,seed_annual_estimate,,NCDC sitrep 52 2023
46,2023,Benue,0,3,0,0,seed_annual_estimate,,NCDC sitrep 52 2023
46,2023,Cross River,0,1,0,0,seed_annual_estimate,,NCDC sitrep 52 2023
46,2023,Delta,0,3,0,0,seed_annual_estimate,,NCDC sitrep 52 2023
46,2023,Ebonyi,1,7,0,0,seed_annual_estimate,,NCDC sitrep 52 2023
46,2023,Edo,3,25,1,0,seed_annual_estimate,,NCDC sitrep 52 2023
46,2023,Enugu,0,2,0,0,seed_annual_estimate,,NCDC sitrep 52 2023
46,2023,Imo,0,1,0,0,seed_annual_estimate,,NCDC sitrep 52 2023
46,2023,Kogi,0,2,0,0,seed_annual_estimate,,NCDC sitrep 52 2023
46,2023,Nasarawa,0,2,0,0,seed_annual_estimate,,NCDC sitrep 52 2023
46,2023,Ondo,2,16,0,0,seed_annual_estimate,,NCDC sitrep 52 2023
46,2023,Plateau,0,2,0,0,seed_annual_estimate,,NCDC sitrep 52 2023
46,2023,Taraba,1,8,0,0,seed_annual_estimate,,NCDC sitrep 52 2023
47,2023,Adamawa,0,1,0,0,seed_annual_estimate,,NCDC sitrep 52 2023
47,2023,Anambra,0,4,0,0,seed_annual_estimate,,NCDC sitrep 52 2023
47,2023,Bauchi,1,10,0,0,seed_annual_estimate,,NCDC sitrep 52 2023
47,2023,Benue,0,3,0,0,seed_annual_estimate,,NCDC sitrep 52 2023
47,2023,Cross River,0,1,0,0,seed_annual_estimate,,NCDC sitrep 52 2023
47,2023,Delta,0,3,0,0,seed_annual_estimate,,NCDC sitrep 52 2023
47,2023,Ebonyi,1,7,0,0,seed_annual_estimate,,NCDC sitrep 52 2023
47,2023,Edo,3,25,1,0,seed_annual_estimate,,NCDC sitrep 52 2023
47,2023,Enugu,0,2,0,0,seed_annual_estimate,,NCDC sitrep 52 2023
47,2023,Imo,0,1,0,0,seed_annual_estimate,,NCDC sitrep 52 2023
47,2023,Kogi,0,2,0,0,seed_annual_estimate,,NCDC sitrep 52 2023
47,2023,Nasarawa,0,2,0,0,seed_annual_estimate,,NCDC sitrep 52 2023
47,2023,Ondo,2,16,0,0,seed_annual_estimate,,NCDC sitrep 52 2023
47,2023,Plateau,0,2,0,0,seed_annual_estimate,,NCDC sitrep 52 2023
47,2023,Taraba,1,8,0,0,seed_annual_estimate,,NCDC sitrep 52 2023
48,2023,Adamawa,0,1,0,0,seed_annual_estimate,,NCDC sitrep 52 2023
48,2023,Anambra,0,4,0,0,seed_annual_estimate,,NCDC sitrep 52 2023
48,2023,Bauchi,1,10,0,0,seed_annual_estimate,,NCDC sitrep 52 2023
48,2023,Benue,0,3,0,0,seed_annual_estimate,,NCDC sitrep 52 2023
48,2023,Cross River,0,1,0,0,seed_annual_estimate,,NCDC sitrep 52 2023
48,2023,Delta,0,3,0,0,seed_annual_estimate,,NCDC sitrep 52 2023
48,2023,Ebonyi,1,7,0,0,seed_annual_estimate,,NCDC sitrep 52 2023
48,2023,Edo,3,25,1,0,seed_annual_estimate,,NCDC sitrep 52 2023
48,2023,Enugu,0,2,0,0,seed_annual_estimate,,NCDC sitrep 52 2023
48,2023,Imo,0,1,0,0,seed_annual_estimate,,NCDC sitrep 52 2023
48,2023,Kogi,0,2,0,0,seed_annual_estimate,,NCDC sitrep 52 2023
48,2023,Nasarawa,0,2,0,0,seed_annual_estimate,,NCDC sitrep 52 2023
48,2023,Ondo,2,16,0,0,seed_annual_estimate,,NCDC sitrep 52 2023
48,2023,Plateau,0,2,0,0,seed_annual_estimate,,NCDC sitrep 52 2023
48,2023,Taraba,1,8,0,0,seed_annual_estimate,,NCDC sitrep 52 2023
49,2023,Adamawa,0,1,0,0,seed_annual_estimate,,NCDC sitrep 52 2023
49,2023,Anambra,0,4,0,0,seed_annual_estimate,,NCDC sitrep 52 2023
49,2023,Bauchi,1,10,0,0,seed_annual_estimate,,NCDC sitrep 52 2023
49,2023,Benue,0,3,0,0,seed_annual_estimate,,NCDC sitrep 52 2023
49,2023,Cross River,0,1,0,0,seed_annual_estimate,,NCDC sitrep 52 2023
49,2023,Delta,0,3,0,0,seed_annual_estimate,,NCDC sitrep 52 2023
49,2023,Ebonyi,1,7,0,0,seed_annual_estimate,,NCDC sitrep 52 2023
49,2023,Edo,3,25,1,0,seed_annual_estimate,,NCDC sitrep 52 2023
49,2023,Enugu,0,2,0,0,seed_annual_estimate,,NCDC sitrep 52 2023
49,2023,Imo,0,1,0,0,seed_annual_estimate,,NCDC sitrep 52 2023
49,2023,Kogi,0,2,0,0,seed_annual_estimate,,NCDC sitrep 52 2023
49,2023,Nasarawa,0,2,0,0,seed_annual_estimate,,NCDC sitrep 52 2023
49,2023,Ondo,2,16,0,0,seed_annual_estimate,,NCDC sitrep 52 2023
49,2023,Plateau,0,2,0,0,seed_annual_estimate,,NCDC sitrep 52 2023
49,2023,Taraba,1,8,0,0,seed_annual_estimate,,NCDC sitrep 52 2023
50,2023,Adamawa,0,1,0,0,seed_annual_estimate,,NCDC sitrep 52 2023
50,2023,Anambra,0,4,0,0,seed_annual_estimate,,NCDC sitrep 52 2023
50,2023,Bauchi,1,10,0,0,seed_annual_estimate,,NCDC sitrep 52 2023
50,2023,Benue,0,3,0,0,seed_annual_estimate,,NCDC sitrep 52 2023
50,2023,Cross River,0,1,0,0,seed_annual_estimate,,NCDC sitrep 52 2023
50,2023,Delta,0,3,0,0,seed_annual_estimate,,NCDC sitrep 52 2023
50,2023,Ebonyi,1,7,0,0,seed_annual_estimate,,NCDC sitrep 52 2023
50,2023,Edo,3,25,1,0,seed_annual_estimate,,NCDC sitrep 52 2023
50,2023,Enugu,0,2,0,0,seed_annual_estimate,,NCDC sitrep 52 2023
50,2023,Imo,0,1,0,0,seed_annual_estimate,,NCDC sitrep 52 2023
50,2023,Kogi,0,2,0,0,seed_annual_estimate,,NCDC sitrep 52 2023
50,2023,Nasarawa,0,2,0,0,seed_annual_estimate,,NCDC sitrep 52 2023
50,2023,Ondo,2,16,0,0,seed_annual_estimate,,NCDC sitrep 52 2023
50,2023,Plateau,0,2,0,0,seed_annual_estimate,,NCDC sitrep 52 2023
50,2023,Taraba,1,8,0,0,seed_annual_estimate,,NCDC sitrep 52 2023
51,2023,Adamawa,0,1,0,0,seed_annual_estimate,,NCDC sitrep 52 2023
51,2023,Anambra,0,4,0,0,seed_annual_estimate,,NCDC sitrep 52 2023
51,2023,Bauchi,1,10,0,0,seed_annual_estimate,,NCDC sitrep 52 2023
51,2023,Benue,0,3,0,0,seed_annual_estimate,,NCDC sitrep 52 2023
51,2023,Cross River,0,1,0,0,seed_annual_estimate,,NCDC sitrep 52 2023
51,2023,Delta,0,3,0,0,seed_annual_estimate,,NCDC sitrep 52 2023
51,2023,Ebonyi,1,7,0,0,seed_annual_estimate,,NCDC sitrep 52 2023
51,2023,Edo,3,25,1,0,seed_annual_estimate,,NCDC sitrep 52 2023
51,2023,Enugu,0,2,0,0,seed_annual_estimate,,NCDC sitrep 52 2023
51,2023,Imo,0,1,0,0,seed_annual_estimate,,NCDC sitrep 52 2023
51,2023,Kogi,0,2,0,0,seed_annual_estimate,,NCDC sitrep 52 2023
51,2023,Nasarawa,0,2,0,0,seed_annual_estimate,,NCDC sitrep 52 2023
51,2023,Ondo,2,16,0,0,seed_annual_estimate,,NCDC sitrep 52 2023
51,2023,Plateau,0,2,0,0,seed_annual_estimate,,NCDC sitrep 52 2023
51,2023,Taraba,1,8,0,0,seed_annual_estimate,,NCDC sitrep 52 2023
52,2023,Adamawa,0,1,0,0,seed_annual_estimate,,NCDC sitrep 52 2023
52,2023,Anambra,0,4,0,0,seed_annual_estimate,,NCDC sitrep 52 2023
52,2023,Bauchi,1,10,0,0,seed_annual_estimate,,NCDC sitrep 52 2023
52,2023,Benue,0,3,0,0,seed_annual_estimate,,NCDC sitrep 52 2023
52,2023,Cross River,0,1,0,0,seed_annual_estimate,,NCDC sitrep 52 2023
52,2023,Delta,0,3,0,0,seed_annual_estimate,,NCDC sitrep 52 2023
52,2023,Ebonyi,1,7,0,0,seed_annual_estimate,,NCDC sitrep 52 2023
52,2023,Edo,3,25,1,0,seed_annual_estimate,,NCDC sitrep 52 2023
52,2023,Enugu,0,2,0,0,seed_annual_estimate,,NCDC sitrep 52 2023
52,2023,Imo,0,1,0,0,seed_annual_estimate,,NCDC sitrep 52 2023
52,2023,Kogi,0,2,0,0,seed_annual_estimate,,NCDC sitrep 52 2023
52,2023,Nasarawa,0,2,0,0,seed_annual_estimate,,NCDC sitrep 52 2023
52,2023,Ondo,2,16,0,0,seed_annual_estimate,,NCDC sitrep 52 2023
52,2023,Plateau,0,2,0,0,seed_annual_estimate,,NCDC sitrep 52 2023
52,2023,Taraba,1,8,0,0,seed_annual_estimate,,NCDC sitrep 52 2023
1,2024,Adamawa,0,1,0,0,seed_annual_estimate,,NCDC partial year 2024 (through epi week 50)
1,2024,Anambra,0,3,0,0,seed_annual_estimate,,NCDC partial year 2024 (through epi week 50)
1,2024,Bauchi,1,9,0,0,seed_annual_estimate,,NCDC partial year 2024 (through epi week 50)
1,2024,Benue,0,3,0,0,seed_annual_estimate,,NCDC partial year 2024 (through epi week 50)
1,2024,Cross River,0,1,0,0,seed_annual_estimate,,NCDC partial year 2024 (through epi week 50)
1,2024,Delta,0,3,0,0,seed_annual_estimate,,NCDC partial year 2024 (through epi week 50)
1,2024,Ebonyi,1,7,0,0,seed_annual_estimate,,NCDC partial year 2024 (through epi week 50)
1,2024,Edo,3,23,1,0,seed_annual_estimate,,NCDC partial year 2024 (through epi week 50)
1,2024,Enugu,0,2,0,0,seed_annual_estimate,,NCDC partial year 2024 (through epi week 50)
1,2024,Imo,0,1,0,0,seed_annual_estimate,,NCDC partial year 2024 (through epi week 50)
1,2024,Kogi,0,2,0,0,seed_annual_estimate,,NCDC partial year 2024 (through epi week 50)
1,2024,Nasarawa,0,2,0,0,seed_annual_estimate,,NCDC partial year 2024 (through epi week 50)
1,2024,Ondo,2,15,0,0,seed_annual_estimate,,NCDC partial year 2024 (through epi week 50)
1,2024,Plateau,0,2,0,0,seed_annual_estimate,,NCDC partial year 2024 (through epi week 50)
1,2024,Taraba,1,8,0,0,seed_annual_estimate,,NCDC partial year 2024 (through epi week 50)
2,2024,Adamawa,0,1,0,0,seed_annual_estimate,,NCDC partial year 2024 (through epi week 50)
2,2024,Anambra,0,3,0,0,seed_annual_estimate,,NCDC partial year 2024 (through epi week 50)
2,2024,Bauchi,1,9,0,0,seed_annual_estimate,,NCDC partial year 2024 (through epi week 50)
2,2024,Benue,0,3,0,0,seed_annual_estimate,,NCDC partial year 2024 (through epi week 50)
2,2024,Cross River,0,1,0,0,seed_annual_estimate,,NCDC partial year 2024 (through epi week 50)
2,2024,Delta,0,3,0,0,seed_annual_estimate,,NCDC partial year 2024 (through epi week 50)
2,2024,Ebonyi,1,7,0,0,seed_annual_estimate,,NCDC partial year 2024 (through epi week 50)
2,2024,Edo,3,23,1,0,seed_annual_estimate,,NCDC partial year 2024 (through epi week 50)
2,2024,Enugu,0,2,0,0,seed_annual_estimate,,NCDC partial year 2024 (through epi week 50)
2,2024,Imo,0,1,0,0,seed_annual_estimate,,NCDC partial year 2024 (through epi week 50)
2,2024,Kogi,0,2,0,0,seed_annual_estimate,,NCDC partial year 2024 (through epi week 50)
2,2024,Nasarawa,0,2,0,0,seed_annual_estimate,,NCDC partial year 2024 (through epi week 50)
2,2024,Ondo,2,15,0,0,seed_annual_estimate,,NCDC partial year 2024 (through epi week 50)
2,2024,Plateau,0,2,0,0,seed_annual_estimate,,NCDC partial year 2024 (through epi week 50)
2,2024,Taraba,1,8,0,0,seed_annual_estimate,,NCDC partial year 2024 (through epi week 50)
3,2024,Adamawa,0,1,0,0,seed_annual_estimate,,NCDC partial year 2024 (through epi week 50)
3,2024,Anambra,0,3,0,0,seed_annual_estimate,,NCDC partial year 2024 (through epi week 50)
3,2024,Bauchi,1,9,0,0,seed_annual_estimate,,NCDC partial year 2024 (through epi week 50)
3,2024,Benue,0,3,0,0,seed_annual_estimate,,NCDC partial year 2024 (through epi week 50)
3,2024,Cross River,0,1,0,0,seed_annual_estimate,,NCDC partial year 2024 (through epi week 50)
3,2024,Delta,0,3,0,0,seed_annual_estimate,,NCDC partial year 2024 (through epi week 50)
3,2024,Ebonyi,1,7,0,0,seed_annual_estimate,,NCDC partial year 2024 (through epi week 50)
3,2024,Edo,3,23,1,0,seed_annual_estimate,,NCDC partial year 2024 (through epi week 50)
3,2024,Enugu,0,2,0,0,seed_annual_estimate,,NCDC partial year 2024 (through epi week 50)
3,2024,Imo,0,1,0,0,seed_annual_estimate,,NCDC partial year 2024 (through epi week 50)
3,2024,Kogi,0,2,0,0,seed_annual_estimate,,NCDC partial year 2024 (through epi week 50)
3,2024,Nasarawa,0,2,0,0,seed_annual_estimate,,NCDC partial year 2024 (through epi week 50)
3,2024,Ondo,2,15,0,0,seed_annual_estimate,,NCDC partial year 2024 (through epi week 50)
3,2024,Plateau,0,2,0,0,seed_annual_estimate,,NCDC partial year 2024 (through epi week 50)
3,2024,Taraba,1,8,0,0,seed_annual_estimate,,NCDC partial year 2024 (through epi week 50)
4,2024,Adamawa,0,1,0,0,seed_annual_estimate,,NCDC partial year 2024 (through epi week 50)
4,2024,Anambra,0,3,0,0,seed_annual_estimate,,NCDC partial year 2024 (through epi week 50)
4,2024,Bauchi,1,9,0,0,seed_annual_estimate,,NCDC partial year 2024 (through epi week 50)
4,2024,Benue,0,3,0,0,seed_annual_estimate,,NCDC partial year 2024 (through epi week 50)
4,2024,Cross River,0,1,0,0,seed_annual_estimate,,NCDC partial year 2024 (through epi week 50)
4,2024,Delta,0,3,0,0,seed_annual_estimate,,NCDC partial year 2024 (through epi week 50)
4,2024,Ebonyi,1,7,0,0,seed_annual_estimate,,NCDC partial year 2024 (through epi week 50)
4,2024,Edo,3,23,1,0,seed_annual_estimate,,NCDC partial year 2024 (through epi week 50)
4,2024,Enugu,0,2,0,0,seed_annual_estimate,,NCDC partial year 2024 (through epi week 50)
4,2024,Imo,0,1,0,0,seed_annual_estimate,,NCDC partial year 2024 (through epi week 50)
4,2024,Kogi,0,2,0,0,seed_annual_estimate,,NCDC partial year 2024 (through epi week 50)
4,2024,Nasarawa,0,2,0,0,seed_annual_estimate,,NCDC partial year 2024 (through epi week 50)
4,2024,Ondo,2,15,0,0,seed_annual_estimate,,NCDC partial year 2024 (through epi week 50)
4,2024,Plateau,0,2,0,0,seed_annual_estimate,,NCDC partial year 2024 (through epi week 50)
4,2024,Taraba,1,8,0,0,seed_annual_estimate,,NCDC partial year 2024 (through epi week 50)
5,2024,Adamawa,0,1,0,0,seed_annual_estimate,,NCDC partial year 2024 (through epi week 50)
5,2024,Anambra,0,3,0,0,seed_annual_estimate,,NCDC partial year 2024 (through epi week 50)
5,2024,Bauchi,1,9,0,0,seed_annual_estimate,,NCDC partial year 2024 (through epi week 50)
5,2024,Benue,0,3,0,0,seed_annual_estimate,,NCDC partial year 2024 (through epi week 50)
5,2024,Cross River,0,1,0,0,seed_annual_estimate,,NCDC partial year 2024 (through epi week 50)
5,2024,Delta,0,3,0,0,seed_annual_estimate,,NCDC partial year 2024 (through epi week 50)
5,2024,Ebonyi,1,7,0,0,seed_annual_estimate,,NCDC partial year 2024 (through epi week 50)
5,2024,Edo,3,23,1,0,seed_annual_estimate,,NCDC partial year 2024 (through epi week 50)
5,2024,Enugu,0,2,0,0,seed_annual_estimate,,NCDC partial year 2024 (through epi week 50)
5,2024,Imo,0,1,0,0,seed_annual_estimate,,NCDC partial year 2024 (through epi week 50)
5,2024,Kogi,0,2,0,0,seed_annual_estimate,,NCDC partial year 2024 (through epi week 50)
5,2024,Nasarawa,0,2,0,0,seed_annual_estimate,,NCDC partial year 2024 (through epi week 50)
5,2024,Ondo,2,15,0,0,seed_annual_estimate,,NCDC partial year 2024 (through epi week 50)
5,2024,Plateau,0,2,0,0,seed_annual_estimate,,NCDC partial year 2024 (through epi week 50)
5,2024,Taraba,1,8,0,0,seed_annual_estimate,,NCDC partial year 2024 (through epi week 50)
6,2024,Adamawa,0,1,0,0,seed_annual_estimate,,NCDC partial year 2024 (through epi week 50)
6,2024,Anambra,0,3,0,0,seed_annual_estimate,,NCDC partial year 2024 (through epi week 50)
6,2024,Bauchi,1,9,0,0,seed_annual_estimate,,NCDC partial year 2024 (through epi week 50)
6,2024,Benue,0,3,0,0,seed_annual_estimate,,NCDC partial year 2024 (through epi week 50)
6,2024,Cross River,0,1,0,0,seed_annual_estimate,,NCDC partial year 2024 (through epi week 50)
6,2024,Delta,0,3,0,0,seed_annual_estimate,,NCDC partial year 2024 (through epi week 50)
6,2024,Ebonyi,1,7,0,0,seed_annual_estimate,,NCDC partial year 2024 (through epi week 50)
6,2024,Edo,3,23,1,0,seed_annual_estimate,,NCDC partial year 2024 (through epi week 50)
6,2024,Enugu,0,2,0,0,seed_annual_estimate,,NCDC partial year 2024 (through epi week 50)
6,2024,Imo,0,1,0,0,seed_annual_estimate,,NCDC partial year 2024 (through epi week 50)
6,2024,Kogi,0,2,0,0,seed_annual_estimate,,NCDC partial year 2024 (through epi week 50)
6,2024,Nasarawa,0,2,0,0,seed_annual_estimate,,NCDC partial year 2024 (through epi week 50)
6,2024,Ondo,2,15,0,0,seed_annual_estimate,,NCDC partial year 2024 (through epi week 50)
6,2024,Plateau,0,2,0,0,seed_annual_estimate,,NCDC partial year 2024 (through epi week 50)
6,2024,Taraba,1,8,0,0,seed_annual_estimate,,NCDC partial year 2024 (through epi week 50)
7,2024,Adamawa,0,1,0,0,seed_annual_estimate,,NCDC partial year 2024 (through epi week 50)
7,2024,Anambra,0,3,0,0,seed_annual_estimate,,NCDC partial year 2024 (through epi week 50)
7,2024,Bauchi,1,9,0,0,seed_annual_estimate,,NCDC partial year 2024 (through epi week 50)
7,2024,Benue,0,3,0,0,seed_annual_estimate,,NCDC partial year 2024 (through epi week 50)
7,2024,Cross River,0,1,0,0,seed_annual_estimate,,NCDC partial year 2024 (through epi week 50)
7,2024,Delta,0,3,0,0,seed_annual_estimate,,NCDC partial year 2024 (through epi week 50)
7,2024,Ebonyi,1,7,0,0,seed_annual_estimate,,NCDC partial year 2024 (through epi week 50)
7,2024,Edo,3,23,1,0,seed_annual_estimate,,NCDC partial year 2024 (through epi week 50)
7,2024,Enugu,0,2,0,0,seed_annual_estimate,,NCDC partial year 2024 (through epi week 50)
7,2024,Imo,0,1,0,0,seed_annual_estimate,,NCDC partial year 2024 (through epi week 50)
7,2024,Kogi,0,2,0,0,seed_annual_estimate,,NCDC partial year 2024 (through epi week 50)
7,2024,Nasarawa,0,2,0,0,seed_annual_estimate,,NCDC partial year 2024 (through epi week 50)
7,2024,Ondo,2,15,0,0,seed_annual_estimate,,NCDC partial year 2024 (through epi week 50)
7,2024,Plateau,0,2,0,0,seed_annual_estimate,,NCDC partial year 2024 (through epi week 50)
7,2024,Taraba,1,8,0,0,seed_annual_estimate,,NCDC partial year 2024 (through epi week 50)
8,2024,Adamawa,0,1,0,0,seed_annual_estimate,,NCDC partial year 2024 (through epi week 50)
8,2024,Anambra,0,3,0,0,seed_annual_estimate,,NCDC partial year 2024 (through epi week 50)
8,2024,Bauchi,1,9,0,0,seed_annual_estimate,,NCDC partial year 2024 (through epi week 50)
8,2024,Benue,0,3,0,0,seed_annual_estimate,,NCDC partial year 2024 (through epi week 50)
8,2024,Cross River,0,1,0,0,seed_annual_estimate,,NCDC partial year 2024 (through epi week 50)
8,2024,Delta,0,3,0,0,seed_annual_estimate,,NCDC partial year 2024 (through epi week 50)
8,2024,Ebonyi,1,7,0,0,seed_annual_estimate,,NCDC partial year 2024 (through epi week 50)
8,2024,Edo,3,23,1,0,seed_annual_estimate,,NCDC partial year 2024 (through epi week 50)
8,2024,Enugu,0,2,0,0,seed_annual_estimate,,NCDC partial year 2024 (through epi week 50)
8,2024,Imo,0,1,0,0,seed_annual_estimate,,NCDC partial year 2024 (through epi week 50)
8,2024,Kogi,0,2,0,0,seed_annual_estimate,,NCDC partial year 2024 (through epi week 50)
8,2024,Nasarawa,0,2,0,0,seed_annual_estimate,,NCDC partial year 2024 (through epi week 50)
8,2024,Ondo,2,15,0,0,seed_annual_estimate,,NCDC partial year 2024 (through epi week 50)
8,2024,Plateau,0,2,0,0,seed_annual_estimate,,NCDC partial year 2024 (through epi week 50)
8,2024,Taraba,1,8,0,0,seed_annual_estimate,,NCDC partial year 2024 (through epi week 50)
9,2024,Adamawa,0,1,0,0,seed_annual_estimate,,NCDC partial year 2024 (through epi week 50)
9,2024,Anambra,0,3,0,0,seed_annual_estimate,,NCDC partial year 2024 (through epi week 50)
9,2024,Bauchi,1,9,0,0,seed_annual_estimate,,NCDC partial year 2024 (through epi week 50)
9,2024,Benue,0,3,0,0,seed_annual_estimate,,NCDC partial year 2024 (through epi week 50)
9,2024,Cross River,0,1,0,0,seed_annual_estimate,,NCDC partial year 2024 (through epi week 50)
9,2024,Delta,0,3,0,0,seed_annual_estimate,,NCDC partial year 2024 (through epi week 50)
9,2024,Ebonyi,1,7,0,0,seed_annual_estimate,,NCDC partial year 2024 (through epi week 50)
9,2024,Edo,3,23,1,0,seed_annual_estimate,,NCDC partial year 2024 (through epi week 50)
9,2024,Enugu,0,2,0,0,seed_annual_estimate,,NCDC partial year 2024 (through epi week 50)
9,2024,Imo,0,1,0,0,seed_annual_estimate,,NCDC partial year 2024 (through epi week 50)
9,2024,Kogi,0,2,0,0,seed_annual_estimate,,NCDC partial year 2024 (through epi week 50)
9,2024,Nasarawa,0,2,0,0,seed_annual_estimate,,NCDC partial year 2024 (through epi week 50)
9,2024,Ondo,2,15,0,0,seed_annual_estimate,,NCDC partial year 2024 (through epi week 50)
9,2024,Plateau,0,2,0,0,seed_annual_estimate,,NCDC partial year 2024 (through epi week 50)
9,2024,Taraba,1,8,0,0,seed_annual_estimate,,NCDC partial year 2024 (through epi week 50)
10,2024,Adamawa,0,1,0,0,seed_annual_estimate,,NCDC partial year 2024 (through epi week 50)
10,2024,Anambra,0,3,0,0,seed_annual_estimate,,NCDC partial year 2024 (through epi week 50)
10,2024,Bauchi,1,9,0,0,seed_annual_estimate,,NCDC partial year 2024 (through epi week 50)
10,2024,Benue,0,3,0,0,seed_annual_estimate,,NCDC partial year 2024 (through epi week 50)
10,2024,Cross River,0,1,0,0,seed_annual_estimate,,NCDC partial year 2024 (through epi week 50)
10,2024,Delta,0,3,0,0,seed_annual_estimate,,NCDC partial year 2024 (through epi week 50)
10,2024,Ebonyi,1,7,0,0,seed_annual_estimate,,NCDC partial year 2024 (through epi week 50)
10,2024,Edo,3,23,1,0,seed_annual_estimate,,NCDC partial year 2024 (through epi week 50)
10,2024,Enugu,0,2,0,0,seed_annual_estimate,,NCDC partial year 2024 (through epi week 50)
10,2024,Imo,0,1,0,0,seed_annual_estimate,,NCDC partial year 2024 (through epi week 50)
10,2024,Kogi,0,2,0,0,seed_annual_estimate,,NCDC partial year 2024 (through epi week 50)
10,2024,Nasarawa,0,2,0,0,seed_annual_estimate,,NCDC partial year 2024 (through epi week 50)
10,2024,Ondo,2,15,0,0,seed_annual_estimate,,NCDC partial year 2024 (through epi week 50)
10,2024,Plateau,0,2,0,0,seed_annual_estimate,,NCDC partial year 2024 (through epi week 50)
10,2024,Taraba,1,8,0,0,seed_annual_estimate,,NCDC partial year 2024 (through epi week 50)
11,2024,Adamawa,0,1,0,0,seed_annual_estimate,,NCDC partial year 2024 (through epi week 50)
11,2024,Anambra,0,3,0,0,seed_annual_estimate,,NCDC partial year 2024 (through epi week 50)
11,2024,Bauchi,1,9,0,0,seed_annual_estimate,,NCDC partial year 2024 (through epi week 50)
11,2024,Benue,0,3,0,0,seed_annual_estimate,,NCDC partial year 2024 (through epi week 50)
11,2024,Cross River,0,1,0,0,seed_annual_estimate,,NCDC partial year 2024 (through epi week 50)
11,2024,Delta,0,3,0,0,seed_annual_estimate,,NCDC partial year 2024 (through epi week 50)
11,2024,Ebonyi,1,7,0,0,seed_annual_estimate,,NCDC partial year 2024 (through epi week 50)
11,2024,Edo,3,23,1,0,seed_annual_estimate,,NCDC partial year 2024 (through epi week 50)
11,2024,Enugu,0,2,0,0,seed_annual_estimate,,NCDC partial year 2024 (through epi week 50)
11,2024,Imo,0,1,0,0,seed_annual_estimate,,NCDC partial year 2024 (through epi week 50)
11,2024,Kogi,0,2,0,0,seed_annual_estimate,,NCDC partial year 2024 (through epi week 50)
11,2024,Nasarawa,0,2,0,0,seed_annual_estimate,,NCDC partial year 2024 (through epi week 50)
11,2024,Ondo,2,15,0,0,seed_annual_estimate,,NCDC partial year 2024 (through epi week 50)
11,2024,Plateau,0,2,0,0,seed_annual_estimate,,NCDC partial year 2024 (through epi week 50)
11,2024,Taraba,1,8,0,0,seed_annual_estimate,,NCDC partial year 2024 (through epi week 50)
12,2024,Adamawa,0,1,0,0,seed_annual_estimate,,NCDC partial year 2024 (through epi week 50)
12,2024,Anambra,0,3,0,0,seed_annual_estimate,,NCDC partial year 2024 (through epi week 50)
12,2024,Bauchi,1,9,0,0,seed_annual_estimate,,NCDC partial year 2024 (through epi week 50)
12,2024,Benue,0,3,0,0,seed_annual_estimate,,NCDC partial year 2024 (through epi week 50)
12,2024,Cross River,0,1,0,0,seed_annual_estimate,,NCDC partial year 2024 (through epi week 50)
12,2024,Delta,0,3,0,0,seed_annual_estimate,,NCDC partial year 2024 (through epi week 50)
12,2024,Ebonyi,1,7,0,0,seed_annual_estimate,,NCDC partial year 2024 (through epi week 50)
12,2024,Edo,3,23,1,0,seed_annual_estimate,,NCDC partial year 2024 (through epi week 50)
12,2024,Enugu,0,2,0,0,seed_annual_estimate,,NCDC partial year 2024 (through epi week 50)
12,2024,Imo,0,1,0,0,seed_annual_estimate,,NCDC partial year 2024 (through epi week 50)
12,2024,Kogi,0,2,0,0,seed_annual_estimate,,NCDC partial year 2024 (through epi week 50)
12,2024,Nasarawa,0,2,0,0,seed_annual_estimate,,NCDC partial year 2024 (through epi week 50)
12,2024,Ondo,2,15,0,0,seed_annual_estimate,,NCDC partial year 2024 (through epi week 50)
12,2024,Plateau,0,2,0,0,seed_annual_estimate,,NCDC partial year 2024 (through epi week 50)
12,2024,Taraba,1,8,0,0,seed_annual_estimate,,NCDC partial year 2024 (through epi week 50)
13,2024,Adamawa,0,1,0,0,seed_annual_estimate,,NCDC partial year 2024 (through epi week 50)
13,2024,Anambra,0,3,0,0,seed_annual_estimate,,NCDC partial year 2024 (through epi week 50)
13,2024,Bauchi,1,9,0,0,seed_annual_estimate,,NCDC partial year 2024 (through epi week 50)
13,2024,Benue,0,3,0,0,seed_annual_estimate,,NCDC partial year 2024 (through epi week 50)
13,2024,Cross River,0,1,0,0,seed_annual_estimate,,NCDC partial year 2024 (through epi week 50)
13,2024,Delta,0,3,0,0,seed_annual_estimate,,NCDC partial year 2024 (through epi week 50)
13,2024,Ebonyi,1,7,0,0,seed_annual_estimate,,NCDC partial year 2024 (through epi week 50)
13,2024,Edo,3,23,1,0,seed_annual_estimate,,NCDC partial year 2024 (through epi week 50)
13,2024,Enugu,0,2,0,0,seed_annual_estimate,,NCDC partial year 2024 (through epi week 50)
13,2024,Imo,0,1,0,0,seed_annual_estimate,,NCDC partial year 2024 (through epi week 50)
13,2024,Kogi,0,2,0,0,seed_annual_estimate,,NCDC partial year 2024 (through epi week 50)
13,2024,Nasarawa,0,2,0,0,seed_annual_estimate,,NCDC partial year 2024 (through epi week 50)
13,2024,Ondo,2,15,0,0,seed_annual_estimate,,NCDC partial year 2024 (through epi week 50)
13,2024,Plateau,0,2,0,0,seed_annual_estimate,,NCDC partial year 2024 (through epi week 50)
13,2024,Taraba,1,8,0,0,seed_annual_estimate,,NCDC partial year 2024 (through epi week 50)
14,2024,Adamawa,0,1,0,0,seed_annual_estimate,,NCDC partial year 2024 (through epi week 50)
14,2024,Anambra,0,3,0,0,seed_annual_estimate,,NCDC partial year 2024 (through epi week 50)
14,2024,Bauchi,1,9,0,0,seed_annual_estimate,,NCDC partial year 2024 (through epi week 50)
14,2024,Benue,0,3,0,0,seed_annual_estimate,,NCDC partial year 2024 (through epi week 50)
14,2024,Cross River,0,1,0,0,seed_annual_estimate,,NCDC partial year 2024 (through epi week 50)
14,2024,Delta,0,3,0,0,seed_annual_estimate,,NCDC partial year 2024 (through epi week 50)
14,2024,Ebonyi,1,7,0,0,seed_annual_estimate,,NCDC partial year 2024 (through epi week 50)
14,2024,Edo,3,23,1,0,seed_annual_estimate,,NCDC partial year 2024 (through epi week 50)
14,2024,Enugu,0,2,0,0,seed_annual_estimate,,NCDC partial year 2024 (through epi week 50)
14,2024,Imo,0,1,0,0,seed_annual_estimate,,NCDC partial year 2024 (through epi week 50)
14,2024,Kogi,0,2,0,0,seed_annual_estimate,,NCDC partial year 2024 (through epi week 50)
14,2024,Nasarawa,0,2,0,0,seed_annual_estimate,,NCDC partial year 2024 (through epi week 50)
14,2024,Ondo,2,15,0,0,seed_annual_estimate,,NCDC partial year 2024 (through epi week 50)
14,2024,Plateau,0,2,0,0,seed_annual_estimate,,NCDC partial year 2024 (through epi week 50)
14,2024,Taraba,1,8,0,0,seed_annual_estimate,,NCDC partial year 2024 (through epi week 50)
15,2024,Adamawa,0,1,0,0,seed_annual_estimate,,NCDC partial year 2024 (through epi week 50)
15,2024,Anambra,0,3,0,0,seed_annual_estimate,,NCDC partial year 2024 (through epi week 50)
15,2024,Bauchi,1,9,0,0,seed_annual_estimate,,NCDC partial year 2024 (through epi week 50)
15,2024,Benue,0,3,0,0,seed_annual_estimate,,NCDC partial year 2024 (through epi week 50)
15,2024,Cross River,0,1,0,0,seed_annual_estimate,,NCDC partial year 2024 (through epi week 50)
15,2024,Delta,0,3,0,0,seed_annual_estimate,,NCDC partial year 2024 (through epi week 50)
15,2024,Ebonyi,1,7,0,0,seed_annual_estimate,,NCDC partial year 2024 (through epi week 50)
15,2024,Edo,3,23,1,0,seed_annual_estimate,,NCDC partial year 2024 (through epi week 50)
15,2024,Enugu,0,2,0,0,seed_annual_estimate,,NCDC partial year 2024 (through epi week 50)
15,2024,Imo,0,1,0,0,seed_annual_estimate,,NCDC partial year 2024 (through epi week 50)
15,2024,Kogi,0,2,0,0,seed_annual_estimate,,NCDC partial year 2024 (through epi week 50)
15,2024,Nasarawa,0,2,0,0,seed_annual_estimate,,NCDC partial year 2024 (through epi week 50)
15,2024,Ondo,2,15,0,0,seed_annual_estimate,,NCDC partial year 2024 (through epi week 50)
15,2024,Plateau,0,2,0,0,seed_annual_estimate,,NCDC partial year 2024 (through epi week 50)
15,2024,Taraba,1,8,0,0,seed_annual_estimate,,NCDC partial year 2024 (through epi week 50)
16,2024,Adamawa,0,1,0,0,seed_annual_estimate,,NCDC partial year 2024 (through epi week 50)
16,2024,Anambra,0,3,0,0,seed_annual_estimate,,NCDC partial year 2024 (through epi week 50)
16,2024,Bauchi,1,9,0,0,seed_annual_estimate,,NCDC partial year 2024 (through epi week 50)
16,2024,Benue,0,3,0,0,seed_annual_estimate,,NCDC partial year 2024 (through epi week 50)
16,2024,Cross River,0,1,0,0,seed_annual_estimate,,NCDC partial year 2024 (through epi week 50)
16,2024,Delta,0,3,0,0,seed_annual_estimate,,NCDC partial year 2024 (through epi week 50)
16,2024,Ebonyi,1,7,0,0,seed_annual_estimate,,NCDC partial year 2024 (through epi week 50)
16,2024,Edo,3,23,1,0,seed_annual_estimate,,NCDC partial year 2024 (through epi week 50)
16,2024,Enugu,0,2,0,0,seed_annual_estimate,,NCDC partial year 2024 (through epi week 50)
16,2024,Imo,0,1,0,0,seed_annual_estimate,,NCDC partial year 2024 (through epi week 50)
16,2024,Kogi,0,2,0,0,seed_annual_estimate,,NCDC partial year 2024 (through epi week 50)
16,2024,Nasarawa,0,2,0,0,seed_annual_estimate,,NCDC partial year 2024 (through epi week 50)
16,2024,Ondo,2,15,0,0,seed_annual_estimate,,NCDC partial year 2024 (through epi week 50)
16,2024,Plateau,0,2,0,0,seed_annual_estimate,,NCDC partial year 2024 (through epi week 50)
16,2024,Taraba,1,8,0,0,seed_annual_estimate,,NCDC partial year 2024 (through epi week 50)
17,2024,Adamawa,0,1,0,0,seed_annual_estimate,,NCDC partial year 2024 (through epi week 50)
17,2024,Anambra,0,3,0,0,seed_annual_estimate,,NCDC partial year 2024 (through epi week 50)
17,2024,Bauchi,1,9,0,0,seed_annual_estimate,,NCDC partial year 2024 (through epi week 50)
17,2024,Benue,0,3,0,0,seed_annual_estimate,,NCDC partial year 2024 (through epi week 50)
17,2024,Cross River,0,1,0,0,seed_annual_estimate,,NCDC partial year 2024 (through epi week 50)
17,2024,Delta,0,3,0,0,seed_annual_estimate,,NCDC partial year 2024 (through epi week 50)
17,2024,Ebonyi,1,7,0,0,seed_annual_estimate,,NCDC partial year 2024 (through epi week 50)
17,2024,Edo,3,23,1,0,seed_annual_estimate,,NCDC partial year 2024 (through epi week 50)
17,2024,Enugu,0,2,0,0,seed_annual_estimate,,NCDC partial year 2024 (through epi week 50)
17,2024,Imo,0,1,0,0,seed_annual_estimate,,NCDC partial year 2024 (through epi week 50)
17,2024,Kogi,0,2,0,0,seed_annual_estimate,,NCDC partial year 2024 (through epi week 50)
17,2024,Nasarawa,0,2,0,0,seed_annual_estimate,,NCDC partial year 2024 (through epi week 50)
17,2024,Ondo,2,15,0,0,seed_annual_estimate,,NCDC partial year 2024 (through epi week 50)
17,2024,Plateau,0,2,0,0,seed_annual_estimate,,NCDC partial year 2024 (through epi week 50)
17,2024,Taraba,1,8,0,0,seed_annual_estimate,,NCDC partial year 2024 (through epi week 50)
18,2024,Adamawa,0,2,0,0,seed_annual_estimate,,NCDC partial year 2024 (through epi week 50)
18,2024,Anambra,1,8,0,0,seed_annual_estimate,,NCDC partial year 2024 (through epi week 50)
18,2024,Bauchi,3,21,0,0,seed_annual_estimate,,NCDC partial year 2024 (through epi week 50)
18,2024,Benue,1,6,0,0,seed_annual_estimate,,NCDC partial year 2024 (through epi week 50)
18,2024,Cross River,0,3,0,0,seed_annual_estimate,,NCDC partial year 2024 (through epi week 50)
18,2024,Delta,1,7,0,0,seed_annual_estimate,,NCDC partial year 2024 (through epi week 50)
18,2024,Ebonyi,2,15,0,0,seed_annual_estimate,,NCDC partial year 2024 (through epi week 50)
18,2024,Edo,7,52,1,0,seed_annual_estimate,,NCDC partial year 2024 (through epi week 50)
18,2024,Enugu,0,3,0,0,seed_annual_estimate,,NCDC partial year 2024 (through epi week 50)
18,2024,Imo,0,2,0,0,seed_annual_estimate,,NCDC partial year 2024 (through epi week 50)
18,2024,Kogi,1,5,0,0,seed_annual_estimate,,NCDC partial year 2024 (through epi week 50)
18,2024,Nasarawa,1,5,0,0,seed_annual_estimate,,NCDC partial year 2024 (through epi week 50)
18,2024,Ondo,5,33,1,0,seed_annual_estimate,,NCDC partial year 2024 (through epi week 50)
18,2024,Plateau,1,4,0,0,seed_annual_estimate,,NCDC partial year 2024 (through epi week 50)
18,2024,Taraba,2,18,0,0,seed_annual_estimate,,NCDC partial year 2024 (through epi week 50)
19,2024,Adamawa,0,2,0,0,seed_annual_estimate,,NCDC partial year 2024 (through epi week 50)
19,2024,Anambra,1,8,0,0,seed_annual_estimate,,NCDC partial year 2024 (through epi week 50)
19,2024,Bauchi,3,21,0,0,seed_annual_estimate,,NCDC partial year 2024 (through epi week 50)
19,2024,Benue,1,6,0,0,seed_annual_estimate,,NCDC partial year 2024 (through epi week 50)
19,2024,Cross River,0,3,0,0,seed_annual_estimate,,NCDC partial year 2024 (through epi week 50)
19,2024,Delta,1,7,0,0,seed_annual_estimate,,NCDC partial year 2024 (through epi week 50)
19,2024,Ebonyi,2,15,0,0,seed_annual_estimate,,NCDC partial year 2024 (through epi week 50)
19,2024,Edo,7,52,1,0,seed_annual_estimate,,NCDC partial year 2024 (through epi week 50)
19,2024,Enugu,0,3,0,0,seed_annual_estimate,,NCDC partial year 2024 (through epi week 50)
19,2024,Imo,0,2,0,0,seed_annual_estimate,,NCDC partial year 2024 (through epi week 50)
19,2024,Kogi,1,5,0,0,seed_annual_estimate,,NCDC partial year 2024 (through epi week 50)
19,2024,Nasarawa,1,5,0,0,seed_annual_estimate,,NCDC partial year 2024 (through epi week 50)
19,2024,Ondo,5,33,1,0,seed_annual_estimate,,NCDC partial year 2024 (through epi week 50)
19,2024,Plateau,1,4,0,0,seed_annual_estimate,,NCDC partial year 2024 (through epi week 50)
19,2024,Taraba,2,18,0,0,seed_annual_estimate,,NCDC partial year 2024 (through epi week 50)
20,2024,Adamawa,0,2,0,0,seed_annual_estimate,,NCDC partial year 2024 (through epi week 50)
20,2024,Anambra,1,8,0,0,seed_annual_estimate,,NCDC partial year 2024 (through epi week 50)
20,2024,Bauchi,3,21,0,0,seed_annual_estimate,,NCDC partial year 2024 (through epi week 50)
20,2024,Benue,1,6,0,0,seed_annual_estimate,,NCDC partial year 2024 (through epi week 50)
20,2024,Cross River,0,3,0,0,seed_annual_estimate,,NCDC partial year 2024 (through epi week 50)
20,2024,Delta,1,7,0,0,seed_annual_estimate,,NCDC partial year 2024 (through epi week 50)
20,2024,Ebonyi,2,15,0,0,seed_annual_estimate,,NCDC partial year 2024 (through epi week 50)
20,2024,Edo,7,52,1,0,seed_annual_estimate,,NCDC partial year 2024 (through epi week 50)
20,2024,Enugu,0,3,0,0,seed_annual_estimate,,NCDC partial year 2024 (through epi week 50)
20,2024,Imo,0,2,0,0,seed_annual_estimate,,NCDC partial year 2024 (through epi week 50)
20,2024,Kogi,1,5,0,0,seed_annual_estimate,,NCDC partial year 2024 (through epi week 50)
20,2024,Nasarawa,1,5,0,0,seed_annual_estimate,,NCDC partial year 2024 (through epi week 50)
20,2024,Ondo,5,33,1,0,seed_annual_estimate,,NCDC partial year 2024 (through epi week 50)
20,2024,Plateau,1,4,0,0,seed_annual_estimate,,NCDC partial year 2024 (through epi week 50)
20,2024,Taraba,2,18,0,0,seed_annual_estimate,,NCDC partial year 2024 (through epi week 50)
21,2024,Adamawa,0,2,0,0,seed_annual_estimate,,NCDC partial year 2024 (through epi week 50)
21,2024,Anambra,1,8,0,0,seed_annual_estimate,,NCDC partial year 2024 (through epi week 50)
21,2024,Bauchi,3,21,0,0,seed_annual_estimate,,NCDC partial year 2024 (through epi week 50)
21,2024,Benue,1,6,0,0,seed_annual_estimate,,NCDC partial year 2024 (through epi week 50)
21,2024,Cross River,0,3,0,0,seed_annual_estimate,,NCDC partial year 2024 (through epi week 50)
21,2024,Delta,1,7,0,0,seed_annual_estimate,,NCDC partial year 2024 (through epi week 50)
21,2024,Ebonyi,2,15,0,0,seed_annual_estimate,,NCDC partial year 2024 (through epi week 50)
21,2024,Edo,7,52,1,0,seed_annual_estimate,,NCDC partial year 2024 (through epi week 50)
21,2024,Enugu,0,3,0,0,seed_annual_estimate,,NCDC partial year 2024 (through epi week 50)
21,2024,Imo,0,2,0,0,seed_annual_estimate,,NCDC partial year 2024 (through epi week 50)
21,2024,Kogi,1,5,0,0,seed_annual_estimate,,NCDC partial year 2024 (through epi week 50)
21,2024,Nasarawa,1,5,0,0,seed_annual_estimate,,NCDC partial year 2024 (through epi week 50)
21,2024,Ondo,5,33,1,0,seed_annual_estimate,,NCDC partial year 2024 (through epi week 50)
21,2024,Plateau,1,4,0,0,seed_annual_estimate,,NCDC partial year 2024 (through epi week 50)
21,2024,Taraba,2,18,0,0,seed_annual_estimate,,NCDC partial year 2024 (through epi week 50)
22,2024,Adamawa,0,2,0,0,seed_annual_estimate,,NCDC partial year 2024 (through epi week 50)
22,2024,Anambra,1,8,0,0,seed_annual_estimate,,NCDC partial year 2024 (through epi week 50)
22,2024,Bauchi,3,21,0,0,seed_annual_estimate,,NCDC partial year 2024 (through epi week 50)
22,2024,Benue,1,6,0,0,seed_annual_estimate,,NCDC partial year 2024 (through epi week 50)
22,2024,Cross River,0,3,0,0,seed_annual_estimate,,NCDC partial year 2024 (through epi week 50)
22,2024,Delta,1,7,0,0,seed_annual_estimate,,NCDC partial year 2024 (through epi week 50)
22,2024,Ebonyi,2,15,0,0,seed_annual_estimate,,NCDC partial year 2024 (through epi week 50)
22,2024,Edo,7,52,1,0,seed_annual_estimate,,NCDC partial year 2024 (through epi week 50)
22,2024,Enugu,0,3,0,0,seed_annual_estimate,,NCDC partial year 2024 (through epi week 50)
22,2024,Imo,0,2,0,0,seed_annual_estimate,,NCDC partial year 2024 (through epi week 50)
22,2024,Kogi,1,5,0,0,seed_annual_estimate,,NCDC partial year 2024 (through epi week 50)
22,2024,Nasarawa,1,5,0,0,seed_annual_estimate,,NCDC partial year 2024 (through epi week 50)
22,2024,Ondo,5,33,1,0,seed_annual_estimate,,NCDC partial year 2024 (through epi week 50)
22,2024,Plateau,1,4,0,0,seed_annual_estimate,,NCDC partial year 2024 (through epi week 50)
22,2024,Taraba,2,18,0,0,seed_annual_estimate,,NCDC partial year 2024 (through epi week 50)
23,2024,Adamawa,0,2,0,0,seed_annual_estimate,,NCDC partial year 2024 (through epi week 50)
23,2024,Anambra,1,8,0,0,seed_annual_estimate,,NCDC partial year 2024 (through epi week 50)
23,2024,Bauchi,3,21,0,0,seed_annual_estimate,,NCDC partial year 2024 (through epi week 50)
23,2024,Benue,1,6,0,0,seed_annual_estimate,,NCDC partial year 2024 (through epi week 50)
23,2024,Cross River,0,3,0,0,seed_annual_estimate,,NCDC partial year 2024 (through epi week 50)
23,2024,Delta,1,7,0,0,seed_annual_estimate,,NCDC partial year 2024 (through epi week 50)
23,2024,Ebonyi,2,15,0,0,seed_annual_estimate,,NCDC partial year 2024 (through epi week 50)
23,2024,Edo,7,52,1,0,seed_annual_estimate,,NCDC partial year 2024 (through epi week 50)
23,2024,Enugu,0,3,0,0,seed_annual_estimate,,NCDC partial year 2024 (through epi week 50)
23,2024,Imo,0,2,0,0,seed_annual_estimate,,NCDC partial year 2024 (through epi week 50)
23,2024,Kogi,1,5,0,0,seed_annual_estimate,,NCDC partial year 2024 (through epi week 50)
23,2024,Nasarawa,1,5,0,0,seed_annual_estimate,,NCDC partial year 2024 (through epi week 50)
23,2024,Ondo,5,33,1,0,seed_annual_estimate,,NCDC partial year 2024 (through epi week 50)
23,2024,Plateau,1,4,0,0,seed_annual_estimate,,NCDC partial year 2024 (through epi week 50)
23,2024,Taraba,2,18,0,0,seed_annual_estimate,,NCDC partial year 2024 (through epi week 50)
24,2024,Adamawa,0,2,0,0,seed_annual_estimate,,NCDC partial year 2024 (through epi week 50)
24,2024,Anambra,1,8,0,0,seed_annual_estimate,,NCDC partial year 2024 (through epi week 50)
24,2024,Bauchi,3,21,0,0,seed_annual_estimate,,NCDC partial year 2024 (through epi week 50)
24,2024,Benue,1,6,0,0,seed_annual_estimate,,NCDC partial year 2024 (through epi week 50)
24,2024,Cross River,0,3,0,0,seed_annual_estimate,,NCDC partial year 2024 (through epi week 50)
24,2024,Delta,1,7,0,0,seed_annual_estimate,,NCDC partial year 2024 (through epi week 50)
24,2024,Ebonyi,2,15,0,0,seed_annual_estimate,,NCDC partial year 2024 (through epi week 50)
24,2024,Edo,7,52,1,0,seed_annual_estimate,,NCDC partial year 2024 (through epi week 50)
24,2024,Enugu,0,3,0,0,seed_annual_estimate,,NCDC partial year 2024 (through epi week 50)
24,2024,Imo,0,2,0,0,seed_annual_estimate,,NCDC partial year 2024 (through epi week 50)
24,2024,Kogi,1,5,0,0,seed_annual_estimate,,NCDC partial year 2024 (through epi week 50)
24,2024,Nasarawa,1,5,0,0,seed_annual_estimate,,NCDC partial year 2024 (through epi week 50)
24,2024,Ondo,5,33,1,0,seed_annual_estimate,,NCDC partial year 2024 (through epi week 50)
24,2024,Plateau,1,4,0,0,seed_annual_estimate,,NCDC partial year 2024 (through epi week 50)
24,2024,Taraba,2,18,0,0,seed_annual_estimate,,NCDC partial year 2024 (through epi week 50)
25,2024,Adamawa,0,2,0,0,seed_annual_estimate,,NCDC partial year 2024 (through epi week 50)
25,2024,Anambra,1,8,0,0,seed_annual_estimate,,NCDC partial year 2024 (through epi week 50)
25,2024,Bauchi,3,21,0,0,seed_annual_estimate,,NCDC partial year 2024 (through epi week 50)
25,2024,Benue,1,6,0,0,seed_annual_estimate,,NCDC partial year 2024 (through epi week 50)
25,2024,Cross River,0,3,0,0,seed_annual_estimate,,NCDC partial year 2024 (through epi week 50)
25,2024,Delta,1,7,0,0,seed_annual_estimate,,NCDC partial year 2024 (through epi week 50)
25,2024,Ebonyi,2,15,0,0,seed_annual_estimate,,NCDC partial year 2024 (through epi week 50)
25,2024,Edo,7,52,1,0,seed_annual_estimate,,NCDC partial year 2024 (through epi week 50)
25,2024,Enugu,0,3,0,0,seed_annual_estimate,,NCDC partial year 2024 (through epi week 50)
25,2024,Imo,0,2,0,0,seed_annual_estimate,,NCDC partial year 2024 (through epi week 50)
25,2024,Kogi,1,5,0,0,seed_annual_estimate,,NCDC partial year 2024 (through epi week 50)
25,2024,Nasarawa,1,5,0,0,seed_annual_estimate,,NCDC partial year 2024 (through epi week 50)
25,2024,Ondo,5,33,1,0,seed_annual_estimate,,NCDC partial year 2024 (through epi week 50)
25,2024,Plateau,1,4,0,0,seed_annual_estimate,,NCDC partial year 2024 (through epi week 50)
25,2024,Taraba,2,18,0,0,seed_annual_estimate,,NCDC partial year 2024 (through epi week 50)
26,2024,Adamawa,0,2,0,0,seed_annual_estimate,,NCDC partial year 2024 (through epi week 50)
26,2024,Anambra,1,8,0,0,seed_annual_estimate,,NCDC partial year 2024 (through epi week 50)
26,2024,Bauchi,3,21,0,0,seed_annual_estimate,,NCDC partial year 2024 (through epi week 50)
26,2024,Benue,1,6,0,0,seed_annual_estimate,,NCDC partial year 2024 (through epi week 50)
26,2024,Cross River,0,3,0,0,seed_annual_estimate,,NCDC partial year 2024 (through epi week 50)
26,2024,Delta,1,7,0,0,seed_annual_estimate,,NCDC partial year 2024 (through epi week 50)
26,2024,Ebonyi,2,15,0,0,seed_annual_estimate,,NCDC partial year 2024 (through epi week 50)
26,2024,Edo,7,52,1,0,seed_annual_estimate,,NCDC partial year 2024 (through epi week 50)
26,2024,Enugu,0,3,0,0,seed_annual_estimate,,NCDC partial year 2024 (through epi week 50)
26,2024,Imo,0,2,0,0,seed_annual_estimate,,NCDC partial year 2024 (through epi week 50)
26,2024,Kogi,1,5,0,0,seed_annual_estimate,,NCDC partial year 2024 (through epi week 50)
26,2024,Nasarawa,1,5,0,0,seed_annual_estimate,,NCDC partial year 2024 (through epi week 50)
26,2024,Ondo,5,33,1,0,seed_annual_estimate,,NCDC partial year 2024 (through epi week 50)
26,2024,Plateau,1,4,0,0,seed_annual_estimate,,NCDC partial year 2024 (through epi week 50)
26,2024,Taraba,2,18,0,0,seed_annual_estimate,,NCDC partial year 2024 (through epi week 50)
27,2024,Adamawa,0,2,0,0,seed_annual_estimate,,NCDC partial year 2024 (through epi week 50)
27,2024,Anambra,1,8,0,0,seed_annual_estimate,,NCDC partial year 2024 (through epi week 50)
27,2024,Bauchi,3,21,0,0,seed_annual_estimate,,NCDC partial year 2024 (through epi week 50)
27,2024,Benue,1,6,0,0,seed_annual_estimate,,NCDC partial year 2024 (through epi week 50)
27,2024,Cross River,0,3,0,0,seed_annual_estimate,,NCDC partial year 2024 (through epi week 50)
27,2024,Delta,1,7,0,0,seed_annual_estimate,,NCDC partial year 2024 (through epi week 50)
27,2024,Ebonyi,2,15,0,0,seed_annual_estimate,,NCDC partial year 2024 (through epi week 50)
27,2024,Edo,7,52,1,0,seed_annual_estimate,,NCDC partial year 2024 (through epi week 50)
27,2024,Enugu,0,3,0,0,seed_annual_estimate,,NCDC partial year 2024 (through epi week 50)
27,2024,Imo,0,2,0,0,seed_annual_estimate,,NCDC partial year 2024 (through epi week 50)
27,2024,Kogi,1,5,0,0,seed_annual_estimate,,NCDC partial year 2024 (through epi week 50)
27,2024,Nasarawa,1,5,0,0,seed_annual_estimate,,NCDC partial year 2024 (through epi week 50)
27,2024,Ondo,5,33,1,0,seed_annual_estimate,,NCDC partial year 2024 (through epi week 50)
27,2024,Plateau,1,4,0,0,seed_annual_estimate,,NCDC partial year 2024 (through epi week 50)
27,2024,Taraba,2,18,0,0,seed_annual_estimate,,NCDC partial year 2024 (through epi week 50)
28,2024,Adamawa,0,2,0,0,seed_annual_estimate,,NCDC partial year 2024 (through epi week 50)
28,2024,Anambra,1,8,0,0,seed_annual_estimate,,NCDC partial year 2024 (through epi week 50)
28,2024,Bauchi,3,21,0,0,seed_annual_estimate,,NCDC partial year 2024 (through epi week 50)
28,2024,Benue,1,6,0,0,seed_annual_estimate,,NCDC partial year 2024 (through epi week 50)
28,2024,Cross River,0,3,0,0,seed_annual_estimate,,NCDC partial year 2024 (through epi week 50)
28,2024,Delta,1,7,0,0,seed_annual_estimate,,NCDC partial year 2024 (through epi week 50)
28,2024,Ebonyi,2,15,0,0,seed_annual_estimate,,NCDC partial year 2024 (through epi week 50)
28,2024,Edo,7,52,1,0,seed_annual_estimate,,NCDC partial year 2024 (through epi week 50)
28,2024,Enugu,0,3,0,0,seed_annual_estimate,,NCDC partial year 2024 (through epi week 50)
28,2024,Imo,0,2,0,0,seed_annual_estimate,,NCDC partial year 2024 (through epi week 50)
28,2024,Kogi,1,5,0,0,seed_annual_estimate,,NCDC partial year 2024 (through epi week 50)
28,2024,Nasarawa,1,5,0,0,seed_annual_estimate,,NCDC partial year 2024 (through epi week 50)
28,2024,Ondo,5,33,1,0,seed_annual_estimate,,NCDC partial year 2024 (through epi week 50)
28,2024,Plateau,1,4,0,0,seed_annual_estimate,,NCDC partial year 2024 (through epi week 50)
28,2024,Taraba,2,18,0,0,seed_annual_estimate,,NCDC partial year 2024 (through epi week 50)
29,2024,Adamawa,0,2,0,0,seed_annual_estimate,,NCDC partial year 2024 (through epi week 50)
29,2024,Anambra,1,8,0,0,seed_annual_estimate,,NCDC partial year 2024 (through epi week 50)
29,2024,Bauchi,3,21,0,0,seed_annual_estimate,,NCDC partial year 2024 (through epi week 50)
29,2024,Benue,1,6,0,0,seed_annual_estimate,,NCDC partial year 2024 (through epi week 50)
29,2024,Cross River,0,3,0,0,seed_annual_estimate,,NCDC partial year 2024 (through epi week 50)
29,2024,Delta,1,7,0,0,seed_annual_estimate,,NCDC partial year 2024 (through epi week 50)
29,2024,Ebonyi,2,15,0,0,seed_annual_estimate,,NCDC partial year 2024 (through epi week 50)
29,2024,Edo,7,52,1,0,seed_annual_estimate,,NCDC partial year 2024 (through epi week 50)
29,2024,Enugu,0,3,0,0,seed_annual_estimate,,NCDC partial year 2024 (through epi week 50)
29,2024,Imo,0,2,0,0,seed_annual_estimate,,NCDC partial year 2024 (through epi week 50)
29,2024,Kogi,1,5,0,0,seed_annual_estimate,,NCDC partial year 2024 (through epi week 50)
29,2024,Nasarawa,1,5,0,0,seed_annual_estimate,,NCDC partial year 2024 (through epi week 50)
29,2024,Ondo,5,33,1,0,seed_annual_estimate,,NCDC partial year 2024 (through epi week 50)
29,2024,Plateau,1,4,0,0,seed_annual_estimate,,NCDC partial year 2024 (through epi week 50)
29,2024,Taraba,2,18,0,0,seed_annual_estimate,,NCDC partial year 2024 (through epi week 50)
30,2024,Adamawa,0,2,0,0,seed_annual_estimate,,NCDC partial year 2024 (through epi week 50)
30,2024,Anambra,1,8,0,0,seed_annual_estimate,,NCDC partial year 2024 (through epi week 50)
30,2024,Bauchi,3,21,0,0,seed_annual_estimate,,NCDC partial year 2024 (through epi week 50)
30,2024,Benue,1,6,0,0,seed_annual_estimate,,NCDC partial year 2024 (through epi week 50)
30,2024,Cross River,0,3,0,0,seed_annual_estimate,,NCDC partial year 2024 (through epi week 50)
30,2024,Delta,1,7,0,0,seed_annual_estimate,,NCDC partial year 2024 (through epi week 50)
30,2024,Ebonyi,2,15,0,0,seed_annual_estimate,,NCDC partial year 2024 (through epi week 50)
30,2024,Edo,7,52,1,0,seed_annual_estimate,,NCDC partial year 2024 (through epi week 50)
30,2024,Enugu,0,3,0,0,seed_annual_estimate,,NCDC partial year 2024 (through epi week 50)
30,2024,Imo,0,2,0,0,seed_annual_estimate,,NCDC partial year 2024 (through epi week 50)
30,2024,Kogi,1,5,0,0,seed_annual_estimate,,NCDC partial year 2024 (through epi week 50)
30,2024,Nasarawa,1,5,0,0,seed_annual_estimate,,NCDC partial year 2024 (through epi week 50)
30,2024,Ondo,5,33,1,0,seed_annual_estimate,,NCDC partial year 2024 (through epi week 50)
30,2024,Plateau,1,4,0,0,seed_annual_estimate,,NCDC partial year 2024 (through epi week 50)
30,2024,Taraba,2,18,0,0,seed_annual_estimate,,NCDC partial year 2024 (through epi week 50)
31,2024,Adamawa,0,2,0,0,seed_annual_estimate,,NCDC partial year 2024 (through epi week 50)
31,2024,Anambra,1,8,0,0,seed_annual_estimate,,NCDC partial year 2024 (through epi week 50)
31,2024,Bauchi,3,21,0,0,seed_annual_estimate,,NCDC partial year 2024 (through epi week 50)
31,2024,Benue,1,6,0,0,seed_annual_estimate,,NCDC partial year 2024 (through epi week 50)
31,2024,Cross River,0,3,0,0,seed_annual_estimate,,NCDC partial year 2024 (through epi week 50)
31,2024,Delta,1,7,0,0,seed_annual_estimate,,NCDC partial year 2024 (through epi week 50)
31,2024,Ebonyi,2,15,0,0,seed_annual_estimate,,NCDC partial year 2024 (through epi week 50)
31,2024,Edo,7,52,1,0,seed_annual_estimate,,NCDC partial year 2024 (through epi week 50)
31,2024,Enugu,0,3,0,0,seed_annual_estimate,,NCDC partial year 2024 (through epi week 50)
31,2024,Imo,0,2,0,0,seed_annual_estimate,,NCDC partial year 2024 (through epi week 50)
31,2024,Kogi,1,5,0,0,seed_annual_estimate,,NCDC partial year 2024 (through epi week 50)
31,2024,Nasarawa,1,5,0,0,seed_annual_estimate,,NCDC partial year 2024 (through epi week 50)
31,2024,Ondo,5,33,1,0,seed_annual_estimate,,NCDC partial year 2024 (through epi week 50)
31,2024,Plateau,1,4,0,0,seed_annual_estimate,,NCDC partial year 2024 (through epi week 50)
31,2024,Taraba,2,18,0,0,seed_annual_estimate,,NCDC partial year 2024 (through epi week 50)
32,2024,Adamawa,0,2,0,0,seed_annual_estimate,,NCDC partial year 2024 (through epi week 50)
32,2024,Anambra,1,8,0,0,seed_annual_estimate,,NCDC partial year 2024 (through epi week 50)
32,2024,Bauchi,3,21,0,0,seed_annual_estimate,,NCDC partial year 2024 (through epi week 50)
32,2024,Benue,1,6,0,0,seed_annual_estimate,,NCDC partial year 2024 (through epi week 50)
32,2024,Cross River,0,3,0,0,seed_annual_estimate,,NCDC partial year 2024 (through epi week 50)
32,2024,Delta,1,7,0,0,seed_annual_estimate,,NCDC partial year 2024 (through epi week 50)
32,2024,Ebonyi,2,15,0,0,seed_annual_estimate,,NCDC partial year 2024 (through epi week 50)
32,2024,Edo,7,52,1,0,seed_annual_estimate,,NCDC partial year 2024 (through epi week 50)
32,2024,Enugu,0,3,0,0,seed_annual_estimate,,NCDC partial year 2024 (through epi week 50)
32,2024,Imo,0,2,0,0,seed_annual_estimate,,NCDC partial year 2024 (through epi week 50)
32,2024,Kogi,1,5,0,0,seed_annual_estimate,,NCDC partial year 2024 (through epi week 50)
32,2024,Nasarawa,1,5,0,0,seed_annual_estimate,,NCDC partial year 2024 (through epi week 50)
32,2024,Ondo,5,33,1,0,seed_annual_estimate,,NCDC partial year 2024 (through epi week 50)
32,2024,Plateau,1,4,0,0,seed_annual_estimate,,NCDC partial year 2024 (through epi week 50)
32,2024,Taraba,2,18,0,0,seed_annual_estimate,,NCDC partial year 2024 (through epi week 50)
33,2024,Adamawa,0,2,0,0,seed_annual_estimate,,NCDC partial year 2024 (through epi week 50)
33,2024,Anambra,1,8,0,0,seed_annual_estimate,,NCDC partial year 2024 (through epi week 50)
33,2024,Bauchi,3,21,0,0,seed_annual_estimate,,NCDC partial year 2024 (through epi week 50)
33,2024,Benue,1,6,0,0,seed_annual_estimate,,NCDC partial year 2024 (through epi week 50)
33,2024,Cross River,0,3,0,0,seed_annual_estimate,,NCDC partial year 2024 (through epi week 50)
33,2024,Delta,1,7,0,0,seed_annual_estimate,,NCDC partial year 2024 (through epi week 50)
33,2024,Ebonyi,2,15,0,0,seed_annual_estimate,,NCDC partial year 2024 (through epi week 50)
33,2024,Edo,7,52,1,0,seed_annual_estimate,,NCDC partial year 2024 (through epi week 50)
33,2024,Enugu,0,3,0,0,seed_annual_estimate,,NCDC partial year 2024 (through epi week 50)
33,2024,Imo,0,2,0,0,seed_annual_estimate,,NCDC partial year 2024 (through epi week 50)
33,2024,Kogi,1,5,0,0,seed_annual_estimate,,NCDC partial year 2024 (through epi week 50)
33,2024,Nasarawa,1,5,0,0,seed_annual_estimate,,NCDC partial year 2024 (through epi week 50)
33,2024,Ondo,5,33,1,0,seed_annual_estimate,,NCDC partial year 2024 (through epi week 50)
33,2024,Plateau,1,4,0,0,seed_annual_estimate,,NCDC partial year 2024 (through epi week 50)
33,2024,Taraba,2,18,0,0,seed_annual_estimate,,NCDC partial year 2024 (through epi week 50)
34,2024,Adamawa,0,2,0,0,seed_annual_estimate,,NCDC partial year 2024 (through epi week 50)
34,2024,Anambra,1,8,0,0,seed_annual_estimate,,NCDC partial year 2024 (through epi week 50)
34,2024,Bauchi,3,21,0,0,seed_annual_estimate,,NCDC partial year 2024 (through epi week 50)
34,2024,Benue,1,6,0,0,seed_annual_estimate,,NCDC partial year 2024 (through epi week 50)
34,2024,Cross River,0,3,0,0,seed_annual_estimate,,NCDC partial year 2024 (through epi week 50)
34,2024,Delta,1,7,0,0,seed_annual_estimate,,NCDC partial year 2024 (through epi week 50)
34,2024,Ebonyi,2,15,0,0,seed_annual_estimate,,NCDC partial year 2024 (through epi week 50)
34,2024,Edo,7,52,1,0,seed_annual_estimate,,NCDC partial year 2024 (through epi week 50)
34,2024,Enugu,0,3,0,0,seed_annual_estimate,,NCDC partial year 2024 (through epi week 50)
34,2024,Imo,0,2,0,0,seed_annual_estimate,,NCDC partial year 2024 (through epi week 50)
34,2024,Kogi,1,5,0,0,seed_annual_estimate,,NCDC partial year 2024 (through epi week 50)
34,2024,Nasarawa,1,5,0,0,seed_annual_estimate,,NCDC partial year 2024 (through epi week 50)
34,2024,Ondo,5,33,1,0,seed_annual_estimate,,NCDC partial year 2024 (through epi week 50)
34,2024,Plateau,1,4,0,0,seed_annual_estimate,,NCDC partial year 2024 (through epi week 50)
34,2024,Taraba,2,18,0,0,seed_annual_estimate,,NCDC partial year 2024 (through epi week 50)
35,2024,Adamawa,0,2,0,0,seed_annual_estimate,,NCDC partial year 2024 (through epi week 50)
35,2024,Anambra,1,8,0,0,seed_annual_estimate,,NCDC partial year 2024 (through epi week 50)
35,2024,Bauchi,3,21,0,0,seed_annual_estimate,,NCDC partial year 2024 (through epi week 50)
35,2024,Benue,1,6,0,0,seed_annual_estimate,,NCDC partial year 2024 (through epi week 50)
35,2024,Cross River,0,3,0,0,seed_annual_estimate,,NCDC partial year 2024 (through epi week 50)
35,2024,Delta,1,7,0,0,seed_annual_estimate,,NCDC partial year 2024 (through epi week 50)
35,2024,Ebonyi,2,15,0,0,seed_annual_estimate,,NCDC partial year 2024 (through epi week 50)
35,2024,Edo,7,52,1,0,seed_annual_estimate,,NCDC partial year 2024 (through epi week 50)
35,2024,Enugu,0,3,0,0,seed_annual_estimate,,NCDC partial year 2024 (through epi week 50)
35,2024,Imo,0,2,0,0,seed_annual_estimate,,NCDC partial year 2024 (through epi week 50)
35,2024,Kogi,1,5,0,0,seed_annual_estimate,,NCDC partial year 2024 (through epi week 50)
35,2024,Nasarawa,1,5,0,0,seed_annual_estimate,,NCDC partial year 2024 (through epi week 50)
35,2024,Ondo,5,33,1,0,seed_annual_estimate,,NCDC partial year 2024 (through epi week 50)
35,2024,Plateau,1,4,0,0,seed_annual_estimate,,NCDC partial year 2024 (through epi week 50)
35,2024,Taraba,2,18,0,0,seed_annual_estimate,,NCDC partial year 2024 (through epi week 50)
36,2024,Adamawa,0,2,0,0,seed_annual_estimate,,NCDC partial year 2024 (through epi week 50)
36,2024,Anambra,1,8,0,0,seed_annual_estimate,,NCDC partial year 2024 (through epi week 50)
36,2024,Bauchi,3,21,0,0,seed_annual_estimate,,NCDC partial year 2024 (through epi week 50)
36,2024,Benue,1,6,0,0,seed_annual_estimate,,NCDC partial year 2024 (through epi week 50)
36,2024,Cross River,0,3,0,0,seed_annual_estimate,,NCDC partial year 2024 (through epi week 50)
36,2024,Delta,1,7,0,0,seed_annual_estimate,,NCDC partial year 2024 (through epi week 50)
36,2024,Ebonyi,2,15,0,0,seed_annual_estimate,,NCDC partial year 2024 (through epi week 50)
36,2024,Edo,7,52,1,0,seed_annual_estimate,,NCDC partial year 2024 (through epi week 50)
36,2024,Enugu,0,3,0,0,seed_annual_estimate,,NCDC partial year 2024 (through epi week 50)
36,2024,Imo,0,2,0,0,seed_annual_estimate,,NCDC partial year 2024 (through epi week 50)
36,2024,Kogi,1,5,0,0,seed_annual_estimate,,NCDC partial year 2024 (through epi week 50)
36,2024,Nasarawa,1,5,0,0,seed_annual_estimate,,NCDC partial year 2024 (through epi week 50)
36,2024,Ondo,5,33,1,0,seed_annual_estimate,,NCDC partial year 2024 (through epi week 50)
36,2024,Plateau,1,4,0,0,seed_annual_estimate,,NCDC partial year 2024 (through epi week 50)
36,2024,Taraba,2,18,0,0,seed_annual_estimate,,NCDC partial year 2024 (through epi week 50)
37,2024,Adamawa,0,2,0,0,seed_annual_estimate,,NCDC partial year 2024 (through epi week 50)
37,2024,Anambra,1,8,0,0,seed_annual_estimate,,NCDC partial year 2024 (through epi week 50)
37,2024,Bauchi,3,21,0,0,seed_annual_estimate,,NCDC partial year 2024 (through epi week 50)
37,2024,Benue,1,6,0,0,seed_annual_estimate,,NCDC partial year 2024 (through epi week 50)
37,2024,Cross River,0,3,0,0,seed_annual_estimate,,NCDC partial year 2024 (through epi week 50)
37,2024,Delta,1,7,0,0,seed_annual_estimate,,NCDC partial year 2024 (through epi week 50)
37,2024,Ebonyi,2,15,0,0,seed_annual_estimate,,NCDC partial year 2024 (through epi week 50)
37,2024,Edo,7,52,1,0,seed_annual_estimate,,NCDC partial year 2024 (through epi week 50)
37,2024,Enugu,0,3,0,0,seed_annual_estimate,,NCDC partial year 2024 (through epi week 50)
37,2024,Imo,0,2,0,0,seed_annual_estimate,,NCDC partial year 2024 (through epi week 50)
37,2024,Kogi,1,5,0,0,seed_annual_estimate,,NCDC partial year 2024 (through epi week 50)
37,2024,Nasarawa,1,5,0,0,seed_annual_estimate,,NCDC partial year 2024 (through epi week 50)
37,2024,Ondo,5,33,1,0,seed_annual_estimate,,NCDC partial year 2024 (through epi week 50)
37,2024,Plateau,1,4,0,0,seed_annual_estimate,,NCDC partial year 2024 (through epi week 50)
37,2024,Taraba,2,18,0,0,seed_annual_estimate,,NCDC partial year 2024 (through epi week 50)
38,2024,Adamawa,0,2,0,0,seed_annual_estimate,,NCDC partial year 2024 (through epi week 50)
38,2024,Anambra,1,8,0,0,seed_annual_estimate,,NCDC partial year 2024 (through epi week 50)
38,2024,Bauchi,3,21,0,0,seed_annual_estimate,,NCDC partial year 2024 (through epi week 50)
38,2024,Benue,1,6,0,0,seed_annual_estimate,,NCDC partial year 2024 (through epi week 50)
38,2024,Cross River,0,3,0,0,seed_annual_estimate,,NCDC partial year 2024 (through epi week 50)
38,2024,Delta,1,7,0,0,seed_annual_estimate,,NCDC partial year 2024 (through epi week 50)
38,2024,Ebonyi,2,15,0,0,seed_annual_estimate,,NCDC partial year 2024 (through epi week 50)
38,2024,Edo,7,52,1,0,seed_annual_estimate,,NCDC partial year 2024 (through epi week 50)
38,2024,Enugu,0,3,0,0,seed_annual_estimate,,NCDC partial year 2024 (through epi week 50)
38,2024,Imo,0,2,0,0,seed_annual_estimate,,NCDC partial year 2024 (through epi week 50)
38,2024,Kogi,1,5,0,0,seed_annual_estimate,,NCDC partial year 2024 (through epi week 50)
38,2024,Nasarawa,1,5,0,0,seed_annual_estimate,,NCDC partial year 2024 (through epi week 50)
38,2024,Ondo,5,33,1,0,seed_annual_estimate,,NCDC partial year 2024 (through epi week 50)
38,2024,Plateau,1,4,0,0,seed_annual_estimate,,NCDC partial year 2024 (through epi week 50)
38,2024,Taraba,2,18,0,0,seed_annual_estimate,,NCDC partial year 2024 (through epi week 50)
39,2024,Adamawa,0,2,0,0,seed_annual_estimate,,NCDC partial year 2024 (through epi week 50)
39,2024,Anambra,1,8,0,0,seed_annual_estimate,,NCDC partial year 2024 (through epi week 50)
39,2024,Bauchi,3,21,0,0,seed_annual_estimate,,NCDC partial year 2024 (through epi week 50)
39,2024,Benue,1,6,0,0,seed_annual_estimate,,NCDC partial year 2024 (through epi week 50)
39,2024,Cross River,0,3,0,0,seed_annual_estimate,,NCDC partial year 2024 (through epi week 50)
39,2024,Delta,1,7,0,0,seed_annual_estimate,,NCDC partial year 2024 (through epi week 50)
39,2024,Ebonyi,2,15,0,0,seed_annual_estimate,,NCDC partial year 2024 (through epi week 50)
39,2024,Edo,7,52,1,0,seed_annual_estimate,,NCDC partial year 2024 (through epi week 50)
39,2024,Enugu,0,3,0,0,seed_annual_estimate,,NCDC partial year 2024 (through epi week 50)
39,2024,Imo,0,2,0,0,seed_annual_estimate,,NCDC partial year 2024 (through epi week 50)
39,2024,Kogi,1,5,0,0,seed_annual_estimate,,NCDC partial year 2024 (through epi week 50)
39,2024,Nasarawa,1,5,0,0,seed_annual_estimate,,NCDC partial year 2024 (through epi week 50)
39,2024,Ondo,5,33,1,0,seed_annual_estimate,,NCDC partial year 2024 (through epi week 50)
39,2024,Plateau,1,4,0,0,seed_annual_estimate,,NCDC partial year 2024 (through epi week 50)
39,2024,Taraba,2,18,0,0,seed_annual_estimate,,NCDC partial year 2024 (through epi week 50)
40,2024,Adamawa,0,2,0,0,seed_annual_estimate,,NCDC partial year 2024 (through epi week 50)
40,2024,Anambra,1,8,0,0,seed_annual_estimate,,NCDC partial year 2024 (through epi week 50)
40,2024,Bauchi,3,21,0,0,seed_annual_estimate,,NCDC partial year 2024 (through epi week 50)
40,2024,Benue,1,6,0,0,seed_annual_estimate,,NCDC partial year 2024 (through epi week 50)
40,2024,Cross River,0,3,0,0,seed_annual_estimate,,NCDC partial year 2024 (through epi week 50)
40,2024,Delta,1,7,0,0,seed_annual_estimate,,NCDC partial year 2024 (through epi week 50)
40,2024,Ebonyi,2,15,0,0,seed_annual_estimate,,NCDC partial year 2024 (through epi week 50)
40,2024,Edo,7,52,1,0,seed_annual_estimate,,NCDC partial year 2024 (through epi week 50)
40,2024,Enugu,0,3,0,0,seed_annual_estimate,,NCDC partial year 2024 (through epi week 50)
40,2024,Imo,0,2,0,0,seed_annual_estimate,,NCDC partial year 2024 (through epi week 50)
40,2024,Kogi,1,5,0,0,seed_annual_estimate,,NCDC partial year 2024 (through epi week 50)
40,2024,Nasarawa,1,5,0,0,seed_annual_estimate,,NCDC partial year 2024 (through epi week 50)
40,2024,Ondo,5,33,1,0,seed_annual_estimate,,NCDC partial year 2024 (through epi week 50)
40,2024,Plateau,1,4,0,0,seed_annual_estimate,,NCDC partial year 2024 (through epi week 50)
40,2024,Taraba,2,18,0,0,seed_annual_estimate,,NCDC partial year 2024 (through epi week 50)
41,2024,Adamawa,0,2,0,0,seed_annual_estimate,,NCDC partial year 2024 (through epi week 50)
41,2024,Anambra,1,8,0,0,seed_annual_estimate,,NCDC partial year 2024 (through epi week 50)
41,2024,Bauchi,3,21,0,0,seed_annual_estimate,,NCDC partial year 2024 (through epi week 50)
41,2024,Benue,1,6,0,0,seed_annual_estimate,,NCDC partial year 2024 (through epi week 50)
41,2024,Cross River,0,3,0,0,seed_annual_estimate,,NCDC partial year 2024 (through epi week 50)
41,2024,Delta,1,7,0,0,seed_annual_estimate,,NCDC partial year 2024 (through epi week 50)
41,2024,Ebonyi,2,15,0,0,seed_annual_estimate,,NCDC partial year 2024 (through epi week 50)
41,2024,Edo,7,52,1,0,seed_annual_estimate,,NCDC partial year 2024 (through epi week 50)
41,2024,Enugu,0,3,0,0,seed_annual_estimate,,NCDC partial year 2024 (through epi week 50)
41,2024,Imo,0,2,0,0,seed_annual_estimate,,NCDC partial year 2024 (through epi week 50)
41,2024,Kogi,1,5,0,0,seed_annual_estimate,,NCDC partial year 2024 (through epi week 50)
41,2024,Nasarawa,1,5,0,0,seed_annual_estimate,,NCDC partial year 2024 (through epi week 50)
41,2024,Ondo,5,33,1,0,seed_annual_estimate,,NCDC partial year 2024 (through epi week 50)
41,2024,Plateau,1,4,0,0,seed_annual_estimate,,NCDC partial year 2024 (through epi week 50)
41,2024,Taraba,2,18,0,0,seed_annual_estimate,,NCDC partial year 2024 (through epi week 50)
42,2024,Adamawa,0,2,0,0,seed_annual_estimate,,NCDC partial year 2024 (through epi week 50)
42,2024,Anambra,1,8,0,0,seed_annual_estimate,,NCDC partial year 2024 (through epi week 50)
42,2024,Bauchi,3,21,0,0,seed_annual_estimate,,NCDC partial year 2024 (through epi week 50)
42,2024,Benue,1,6,0,0,seed_annual_estimate,,NCDC partial year 2024 (through epi week 50)
42,2024,Cross River,0,3,0,0,seed_annual_estimate,,NCDC partial year 2024 (through epi week 50)
42,2024,Delta,1,7,0,0,seed_annual_estimate,,NCDC partial year 2024 (through epi week 50)
42,2024,Ebonyi,2,15,0,0,seed_annual_estimate,,NCDC partial year 2024 (through epi week 50)
42,2024,Edo,7,52,1,0,seed_annual_estimate,,NCDC partial year 2024 (through epi week 50)
42,2024,Enugu,0,3,0,0,seed_annual_estimate,,NCDC partial year 2024 (through epi week 50)
42,2024,Imo,0,2,0,0,seed_annual_estimate,,NCDC partial year 2024 (through epi week 50)
42,2024,Kogi,1,5,0,0,seed_annual_estimate,,NCDC partial year 2024 (through epi week 50)
42,2024,Nasarawa,1,5,0,0,seed_annual_estimate,,NCDC partial year 2024 (through epi week 50)
42,2024,Ondo,5,33,1,0,seed_annual_estimate,,NCDC partial year 2024 (through epi week 50)
42,2024,Plateau,1,4,0,0,seed_annual_estimate,,NCDC partial year 2024 (through epi week 50)
42,2024,Taraba,2,18,0,0,seed_annual_estimate,,NCDC partial year 2024 (through epi week 50)
43,2024,Adamawa,0,2,0,0,seed_annual_estimate,,NCDC partial year 2024 (through epi week 50)
43,2024,Anambra,1,8,0,0,seed_annual_estimate,,NCDC partial year 2024 (through epi week 50)
43,2024,Bauchi,3,21,0,0,seed_annual_estimate,,NCDC partial year 2024 (through epi week 50)
43,2024,Benue,1,6,0,0,seed_annual_estimate,,NCDC partial year 2024 (through epi week 50)
43,2024,Cross River,0,3,0,0,seed_annual_estimate,,NCDC partial year 2024 (through epi week 50)
43,2024,Delta,1,7,0,0,seed_annual_estimate,,NCDC partial year 2024 (through epi week 50)
43,2024,Ebonyi,2,15,0,0,seed_annual_estimate,,NCDC partial year 2024 (through epi week 50)
43,2024,Edo,7,52,1,0,seed_annual_estimate,,NCDC partial year 2024 (through epi week 50)
43,2024,Enugu,0,3,0,0,seed_annual_estimate,,NCDC partial year 2024 (through epi week 50)
43,2024,Imo,0,2,0,0,seed_annual_estimate,,NCDC partial year 2024 (through epi week 50)
43,2024,Kogi,1,5,0,0,seed_annual_estimate,,NCDC partial year 2024 (through epi week 50)
43,2024,Nasarawa,1,5,0,0,seed_annual_estimate,,NCDC partial year 2024 (through epi week 50)
43,2024,Ondo,5,33,1,0,seed_annual_estimate,,NCDC partial year 2024 (through epi week 50)
43,2024,Plateau,1,4,0,0,seed_annual_estimate,,NCDC partial year 2024 (through epi week 50)
43,2024,Taraba,2,18,0,0,seed_annual_estimate,,NCDC partial year 2024 (through epi week 50)
44,2024,Adamawa,0,1,0,0,seed_annual_estimate,,NCDC partial year 2024 (through epi week 50)
44,2024,Anambra,0,3,0,0,seed_annual_estimate,,NCDC partial year 2024 (through epi week 50)
44,2024,Bauchi,1,9,0,0,seed_annual_estimate,,NCDC partial year 2024 (through epi week 50)
44,2024,Benue,0,3,0,0,seed_annual_estimate,,NCDC partial year 2024 (through epi week 50)
44,2024,Cross River,0,1,0,0,seed_annual_estimate,,NCDC partial year 2024 (through epi week 50)
44,2024,Delta,0,3,0,0,seed_annual_estimate,,NCDC partial year 2024 (through epi week 50)
44,2024,Ebonyi,1,7,0,0,seed_annual_estimate,,NCDC partial year 2024 (through epi week 50)
44,2024,Edo,3,23,1,0,seed_annual_estimate,,NCDC partial year 2024 (through epi week 50)
44,2024,Enugu,0,2,0,0,seed_annual_estimate,,NCDC partial year 2024 (through epi week 50)
44,2024,Imo,0,1,0,0,seed_annual_estimate,,NCDC partial year 2024 (through epi week 50)
44,2024,Kogi,0,2,0,0,seed_annual_estimate,,NCDC partial year 2024 (through epi week 50)
44,2024,Nasarawa,0,2,0,0,seed_annual_estimate,,NCDC partial year 2024 (through epi week 50)
44,2024,Ondo,2,15,0,0,seed_annual_estimate,,NCDC partial year 2024 (through epi week 50)
44,2024,Plateau,0,2,0,0,seed_annual_estimate,,NCDC partial year 2024 (through epi week 50)
44,2024,Taraba,1,8,0,0,seed_annual_estimate,,NCDC partial year 2024 (through epi week 50)
45,2024,Adamawa,0,1,0,0,seed_annual_estimate,,NCDC partial year 2024 (through epi week 50)
45,2024,Anambra,0,3,0,0,seed_annual_estimate,,NCDC partial year 2024 (through epi week 50)
45,2024,Bauchi,1,9,0,0,seed_annual_estimate,,NCDC partial year 2024 (through epi week 50)
45,2024,Benue,0,3,0,0,seed_annual_estimate,,NCDC partial year 2024 (through epi week 50)
45,2024,Cross River,0,1,0,0,seed_annual_estimate,,NCDC partial year 2024 (through epi week 50)
45,2024,Delta,0,3,0,0,seed_annual_estimate,,NCDC partial year 2024 (through epi week 50)
45,2024,Ebonyi,1,7,0,0,seed_annual_estimate,,NCDC partial year 2024 (through epi week 50)
45,2024,Edo,3,23,1,0,seed_annual_estimate,,NCDC partial year 2024 (through epi week 50)
45,2024,Enugu,0,2,0,0,seed_annual_estimate,,NCDC partial year 2024 (through epi week 50)
45,2024,Imo,0,1,0,0,seed_annual_estimate,,NCDC partial year 2024 (through epi week 50)
45,2024,Kogi,0,2,0,0,seed_annual_estimate,,NCDC partial year 2024 (through epi week 50)
45,2024,Nasarawa,0,2,0,0,seed_annual_estimate,,NCDC partial year 2024 (through epi week 50)
45,2024,Ondo,2,15,0,0,seed_annual_estimate,,NCDC partial year 2024 (through epi week 50)
45,2024,Plateau,0,2,0,0,seed_annual_estimate,,NCDC partial year 2024 (through epi week 50)
45,2024,Taraba,1,8,0,0,seed_annual_estimate,,NCDC partial year 2024 (through epi week 50)
46,2024,Adamawa,0,1,0,0,seed_annual_estimate,,NCDC partial year 2024 (through epi week 50)
46,2024,Anambra,0,3,0,0,seed_annual_estimate,,NCDC partial year 2024 (through epi week 50)
46,2024,Bauchi,1,9,0,0,seed_annual_estimate,,NCDC partial year 2024 (through epi week 50)
46,2024,Benue,0,3,0,0,seed_annual_estimate,,NCDC partial year 2024 (through epi week 50)
46,2024,Cross River,0,1,0,0,seed_annual_estimate,,NCDC partial year 2024 (through epi week 50)
46,2024,Delta,0,3,0,0,seed_annual_estimate,,NCDC partial year 2024 (through epi week 50)
46,2024,Ebonyi,1,7,0,0,seed_annual_estimate,,NCDC partial year 2024 (through epi week 50)
46,2024,Edo,3,23,1,0,seed_annual_estimate,,NCDC partial year 2024 (through epi week 50)
46,2024,Enugu,0,2,0,0,seed_annual_estimate,,NCDC partial year 2024 (through epi week 50)
46,2024,Imo,0,1,0,0,seed_annual_estimate,,NCDC partial year 2024 (through epi week 50)
46,2024,Kogi,0,2,0,0,seed_annual_estimate,,NCDC partial year 2024 (through epi week 50)
46,2024,Nasarawa,0,2,0,0,seed_annual_estimate,,NCDC partial year 2024 (through epi week 50)
46,2024,Ondo,2,15,0,0,seed_annual_estimate,,NCDC partial year 2024 (through epi week 50)
46,2024,Plateau,0,2,0,0,seed_annual_estimate,,NCDC partial year 2024 (through epi week 50)
46,2024,Taraba,1,8,0,0,seed_annual_estimate,,NCDC partial year 2024 (through epi week 50)
47,2024,Adamawa,0,1,0,0,seed_annual_estimate,,NCDC partial year 2024 (through epi week 50)
47,2024,Anambra,0,3,0,0,seed_annual_estimate,,NCDC partial year 2024 (through epi week 50)
47,2024,Bauchi,1,9,0,0,seed_annual_estimate,,NCDC partial year 2024 (through epi week 50)
47,2024,Benue,0,3,0,0,seed_annual_estimate,,NCDC partial year 2024 (through epi week 50)
47,2024,Cross River,0,1,0,0,seed_annual_estimate,,NCDC partial year 2024 (through epi week 50)
47,2024,Delta,0,3,0,0,seed_annual_estimate,,NCDC partial year 2024 (through epi week 50)
47,2024,Ebonyi,1,7,0,0,seed_annual_estimate,,NCDC partial year 2024 (through epi week 50)
47,2024,Edo,3,23,1,0,seed_annual_estimate,,NCDC partial year 2024 (through epi week 50)
47,2024,Enugu,0,2,0,0,seed_annual_estimate,,NCDC partial year 2024 (through epi week 50)
47,2024,Imo,0,1,0,0,seed_annual_estimate,,NCDC partial year 2024 (through epi week 50)
47,2024,Kogi,0,2,0,0,seed_annual_estimate,,NCDC partial year 2024 (through epi week 50)
47,2024,Nasarawa,0,2,0,0,seed_annual_estimate,,NCDC partial year 2024 (through epi week 50)
47,2024,Ondo,2,15,0,0,seed_annual_estimate,,NCDC partial year 2024 (through epi week 50)
47,2024,Plateau,0,2,0,0,seed_annual_estimate,,NCDC partial year 2024 (through epi week 50)
47,2024,Taraba,1,8,0,0,seed_annual_estimate,,NCDC partial year 2024 (through epi week 50)
48,2024,Adamawa,0,1,0,0,seed_annual_estimate,,NCDC partial year 2024 (through epi week 50)
48,2024,Anambra,0,3,0,0,seed_annual_estimate,,NCDC partial year 2024 (through epi week 50)
48,2024,Bauchi,1,9,0,0,seed_annual_estimate,,NCDC partial year 2024 (through epi week 50)
48,2024,Benue,0,3,0,0,seed_annual_estimate,,NCDC partial year 2024 (through epi week 50)
48,2024,Cross River,0,1,0,0,seed_annual_estimate,,NCDC partial year 2024 (through epi week 50)
48,2024,Delta,0,3,0,0,seed_annual_estimate,,NCDC partial year 2024 (through epi week 50)
48,2024,Ebonyi,1,7,0,0,seed_annual_estimate,,NCDC partial year 2024 (through epi week 50)
48,2024,Edo,3,23,1,0,seed_annual_estimate,,NCDC partial year 2024 (through epi week 50)
48,2024,Enugu,0,2,0,0,seed_annual_estimate,,NCDC partial year 2024 (through epi week 50)
48,2024,Imo,0,1,0,0,seed_annual_estimate,,NCDC partial year 2024 (through epi week 50)
48,2024,Kogi,0,2,0,0,seed_annual_estimate,,NCDC partial year 2024 (through epi week 50)
48,2024,Nasarawa,0,2,0,0,seed_annual_estimate,,NCDC partial year 2024 (through epi week 50)
48,2024,Ondo,2,15,0,0,seed_annual_estimate,,NCDC partial year 2024 (through epi week 50)
48,2024,Plateau,0,2,0,0,seed_annual_estimate,,NCDC partial year 2024 (through epi week 50)
48,2024,Taraba,1,8,0,0,seed_annual_estimate,,NCDC partial year 2024 (through epi week 50)
49,2024,Adamawa,0,1,0,0,seed_annual_estimate,,NCDC partial year 2024 (through epi week 50)
49,2024,Anambra,0,3,0,0,seed_annual_estimate,,NCDC partial year 2024 (through epi week 50)
49,2024,Bauchi,1,9,0,0,seed_annual_estimate,,NCDC partial year 2024 (through epi week 50)
49,2024,Benue,0,3,0,0,seed_annual_estimate,,NCDC partial year 2024 (through epi week 50)
49,2024,Cross River,0,1,0,0,seed_annual_estimate,,NCDC partial year 2024 (through epi week 50)
49,2024,Delta,0,3,0,0,seed_annual_estimate,,NCDC partial year 2024 (through epi week 50)
49,2024,Ebonyi,1,7,0,0,seed_annual_estimate,,NCDC partial year 2024 (through epi week 50)
49,2024,Edo,3,23,1,0,seed_annual_estimate,,NCDC partial year 2024 (through epi week 50)
49,2024,Enugu,0,2,0,0,seed_annual_estimate,,NCDC partial year 2024 (through epi week 50)
49,2024,Imo,0,1,0,0,seed_annual_estimate,,NCDC partial year 2024 (through epi week 50)
49,2024,Kogi,0,2,0,0,seed_annual_estimate,,NCDC partial year 2024 (through epi week 50)
49,2024,Nasarawa,0,2,0,0,seed_annual_estimate,,NCDC partial year 2024 (through epi week 50)
49,2024,Ondo,2,15,0,0,seed_annual_estimate,,NCDC partial year 2024 (through epi week 50)
49,2024,Plateau,0,2,0,0,seed_annual_estimate,,NCDC partial year 2024 (through epi week 50)
49,2024,Taraba,1,8,0,0,seed_annual_estimate,,NCDC partial year 2024 (through epi week 50)
50,2024,Adamawa,0,1,0,0,seed_annual_estimate,,NCDC partial year 2024 (through epi week 50)
50,2024,Anambra,0,3,0,0,seed_annual_estimate,,NCDC partial year 2024 (through epi week 50)
50,2024,Bauchi,1,9,0,0,seed_annual_estimate,,NCDC partial year 2024 (through epi week 50)
50,2024,Benue,0,3,0,0,seed_annual_estimate,,NCDC partial year 2024 (through epi week 50)
50,2024,Cross River,0,1,0,0,seed_annual_estimate,,NCDC partial year 2024 (through epi week 50)
50,2024,Delta,0,3,0,0,seed_annual_estimate,,NCDC partial year 2024 (through epi week 50)
50,2024,Ebonyi,1,7,0,0,seed_annual_estimate,,NCDC partial year 2024 (through epi week 50)
50,2024,Edo,3,23,1,0,seed_annual_estimate,,NCDC partial year 2024 (through epi week 50)
50,2024,Enugu,0,2,0,0,seed_annual_estimate,,NCDC partial year 2024 (through epi week 50)
50,2024,Imo,0,1,0,0,seed_annual_estimate,,NCDC partial year 2024 (through epi week 50)
50,2024,Kogi,0,2,0,0,seed_annual_estimate,,NCDC partial year 2024 (through epi week 50)
50,2024,Nasarawa,0,2,0,0,seed_annual_estimate,,NCDC partial year 2024 (through epi week 50)
50,2024,Ondo,2,15,0,0,seed_annual_estimate,,NCDC partial year 2024 (through epi week 50)
50,2024,Plateau,0,2,0,0,seed_annual_estimate,,NCDC partial year 2024 (through epi week 50)
50,2024,Taraba,1,8,0,0,seed_annual_estimate,,NCDC partial year 2024 (through epi week 50)
51,2024,Adamawa,0,1,0,0,seed_annual_estimate,,NCDC partial year 2024 (through epi week 50)
51,2024,Anambra,0,3,0,0,seed_annual_estimate,,NCDC partial year 2024 (through epi week 50)
51,2024,Bauchi,1,9,0,0,seed_annual_estimate,,NCDC partial year 2024 (through epi week 50)
51,2024,Benue,0,3,0,0,seed_annual_estimate,,NCDC partial year 2024 (through epi week 50)
51,2024,Cross River,0,1,0,0,seed_annual_estimate,,NCDC partial year 2024 (through epi week 50)
51,2024,Delta,0,3,0,0,seed_annual_estimate,,NCDC partial year 2024 (through epi week 50)
51,2024,Ebonyi,1,7,0,0,seed_annual_estimate,,NCDC partial year 2024 (through epi week 50)
51,2024,Edo,3,23,1,0,seed_annual_estimate,,NCDC partial year 2024 (through epi week 50)
51,2024,Enugu,0,2,0,0,seed_annual_estimate,,NCDC partial year 2024 (through epi week 50)
51,2024,Imo,0,1,0,0,seed_annual_estimate,,NCDC partial year 2024 (through epi week 50)
51,2024,Kogi,0,2,0,0,seed_annual_estimate,,NCDC partial year 2024 (through epi week 50)
51,2024,Nasarawa,0,2,0,0,seed_annual_estimate,,NCDC partial year 2024 (through epi week 50)
51,2024,Ondo,2,15,0,0,seed_annual_estimate,,NCDC partial year 2024 (through epi week 50)
51,2024,Plateau,0,2,0,0,seed_annual_estimate,,NCDC partial year 2024 (through epi week 50)
51,2024,Taraba,1,8,0,0,seed_annual_estimate,,NCDC partial year 2024 (through epi week 50)
52,2024,Adamawa,0,1,0,0,seed_annual_estimate,,NCDC partial year 2024 (through epi week 50)
52,2024,Anambra,0,3,0,0,seed_annual_estimate,,NCDC partial year 2024 (through epi week 50)
52,2024,Bauchi,1,9,0,0,seed_annual_estimate,,NCDC partial year 2024 (through epi week 50)
52,2024,Benue,0,3,0,0,seed_annual_estimate,,NCDC partial year 2024 (through epi week 50)
52,2024,Cross River,0,1,0,0,seed_annual_estimate,,NCDC partial year 2024 (through epi week 50)
52,2024,Delta,0,3,0,0,seed_annual_estimate,,NCDC partial year 2024 (through epi week 50)
52,2024,Ebonyi,1,7,0,0,seed_annual_estimate,,NCDC partial year 2024 (through epi week 50)
52,2024,Edo,3,23,1,0,seed_annual_estimate,,NCDC partial year 2024 (through epi week 50)
52,2024,Enugu,0,2,0,0,seed_annual_estimate,,NCDC partial year 2024 (through epi week 50)
52,2024,Imo,0,1,0,0,seed_annual_estimate,,NCDC partial year 2024 (through epi week 50)
52,2024,Kogi,0,2,0,0,seed_annual_estimate,,NCDC partial year 2024 (through epi week 50)
52,2024,Nasarawa,0,2,0,0,seed_annual_estimate,,NCDC partial year 2024 (through epi week 50)
52,2024,Ondo,2,15,0,0,seed_annual_estimate,,NCDC partial year 2024 (through epi week 50)
52,2024,Plateau,0,2,0,0,seed_annual_estimate,,NCDC partial year 2024 (through epi week 50)
52,2024,Taraba,1,8,0,0,seed_annual_estimate,,NCDC partial year 2024 (through epi week 50)
